2026-03-23T08:42:39:    ▲ Next.js 15.2.6
2026-03-23T08:42:39:    - Local:        http://localhost:3000
2026-03-23T08:42:39:    - Network:      http://46.4.218.149:3000
2026-03-23T08:42:39: 
2026-03-23T08:42:39:  ✓ Starting...
2026-03-23T08:42:39:  ✓ Ready in 215ms
2026-03-23T08:44:45:    ▲ Next.js 15.2.6
2026-03-23T08:44:45:    - Local:        http://localhost:3000
2026-03-23T08:44:45:    - Network:      http://46.4.218.149:3000
2026-03-23T08:44:45: 
2026-03-23T08:44:45:  ✓ Starting...
2026-03-23T08:44:45:  ✓ Ready in 243ms
2026-03-23T09:07:45:    ▲ Next.js 15.2.6
2026-03-23T09:07:45:    - Local:        http://localhost:3000
2026-03-23T09:07:45:    - Network:      http://46.4.218.149:3000
2026-03-23T09:07:45: 
2026-03-23T09:07:45:  ✓ Starting...
2026-03-23T09:07:45:  ✓ Ready in 240ms
2026-03-25T06:28:50:    ▲ Next.js 15.2.6
2026-03-25T06:28:50:    - Local:        http://localhost:3000
2026-03-25T06:28:50:    - Network:      http://46.4.218.149:3000
2026-03-25T06:28:50: 
2026-03-25T06:28:50:  ✓ Starting...
2026-03-25T06:28:50:  ✓ Ready in 752ms
2026-08-02T08:19:21:    ▲ Next.js 15.5.7
2026-08-02T08:19:21:    - Local:        http://localhost:3000
2026-08-02T08:19:21:    - Network:      http://46.4.218.149:3000
2026-08-02T08:19:21: 
2026-08-02T08:19:21:  ✓ Starting...
2026-08-02T08:19:22:    ▲ Next.js 15.5.7
2026-08-02T08:19:22:    - Local:        http://localhost:3000
2026-08-02T08:19:22:    - Network:      http://46.4.218.149:3000
2026-08-02T08:19:22: 
2026-08-02T08:19:22:  ✓ Starting...
2026-08-02T08:19:22:    ▲ Next.js 15.5.7
2026-08-02T08:19:22:    - Local:        http://localhost:3000
2026-08-02T08:19:22:    - Network:      http://46.4.218.149:3000
2026-08-02T08:19:22: 
2026-08-02T08:19:22:  ✓ Starting...
2026-08-02T08:19:22:    ▲ Next.js 15.5.7
2026-08-02T08:19:22:    - Local:        http://localhost:3000
2026-08-02T08:19:22:    - Network:      http://46.4.218.149:3000
2026-08-02T08:19:22: 
2026-08-02T08:19:22:  ✓ Starting...
2026-08-02T08:19:22:    ▲ Next.js 15.5.7
2026-08-02T08:19:22:    - Local:        http://localhost:3000
2026-08-02T08:19:22:    - Network:      http://46.4.218.149:3000
2026-08-02T08:19:22: 
2026-08-02T08:19:22:  ✓ Starting...
2026-08-02T08:19:23:    ▲ Next.js 15.5.7
2026-08-02T08:19:23:    - Local:        http://localhost:3000
2026-08-02T08:19:23:    - Network:      http://46.4.218.149:3000
2026-08-02T08:19:23: 
2026-08-02T08:19:23:  ✓ Starting...
2026-08-02T08:19:23:    ▲ Next.js 15.5.7
2026-08-02T08:19:23:    - Local:        http://localhost:3000
2026-08-02T08:19:23:    - Network:      http://46.4.218.149:3000
2026-08-02T08:19:23: 
2026-08-02T08:19:23:  ✓ Starting...
2026-08-02T08:19:23:    ▲ Next.js 15.5.7
2026-08-02T08:19:23:    - Local:        http://localhost:3000
2026-08-02T08:19:23:    - Network:      http://46.4.218.149:3000
2026-08-02T08:19:23: 
2026-08-02T08:19:23:  ✓ Starting...
2026-08-02T08:19:23:    ▲ Next.js 15.5.7
2026-08-02T08:19:23:    - Local:        http://localhost:3000
2026-08-02T08:19:23:    - Network:      http://46.4.218.149:3000
2026-08-02T08:19:23: 
2026-08-02T08:19:23:  ✓ Starting...
2026-08-02T08:19:24:    ▲ Next.js 15.5.7
2026-08-02T08:19:24:    - Local:        http://localhost:3000
2026-08-02T08:19:24:    - Network:      http://46.4.218.149:3000
2026-08-02T08:19:24: 
2026-08-02T08:19:24:  ✓ Starting...
2026-08-02T08:19:24:    ▲ Next.js 15.5.7
2026-08-02T08:19:24:    - Local:        http://localhost:3000
2026-08-02T08:19:24:    - Network:      http://46.4.218.149:3000
2026-08-02T08:19:24: 
2026-08-02T08:19:24:  ✓ Starting...
2026-08-02T08:19:24:    ▲ Next.js 15.5.7
2026-08-02T08:19:24:    - Local:        http://localhost:3000
2026-08-02T08:19:24:    - Network:      http://46.4.218.149:3000
2026-08-02T08:19:24: 
2026-08-02T08:19:24:  ✓ Starting...
2026-08-02T08:19:24:    ▲ Next.js 15.5.7
2026-08-02T08:19:24:    - Local:        http://localhost:3000
2026-08-02T08:19:24:    - Network:      http://46.4.218.149:3000
2026-08-02T08:19:24: 
2026-08-02T08:19:24:  ✓ Starting...
2026-08-02T08:19:25:    ▲ Next.js 15.5.7
2026-08-02T08:19:25:    - Local:        http://localhost:3000
2026-08-02T08:19:25:    - Network:      http://46.4.218.149:3000
2026-08-02T08:19:25: 
2026-08-02T08:19:25:  ✓ Starting...
2026-08-02T08:19:25:    ▲ Next.js 15.5.7
2026-08-02T08:19:25:    - Local:        http://localhost:3000
2026-08-02T08:19:25:    - Network:      http://46.4.218.149:3000
2026-08-02T08:19:25: 
2026-08-02T08:19:25:  ✓ Starting...
2026-08-02T08:19:25:    ▲ Next.js 15.5.7
2026-08-02T08:19:25:    - Local:        http://localhost:3000
2026-08-02T08:19:25:    - Network:      http://46.4.218.149:3000
2026-08-02T08:19:25: 
2026-08-02T08:19:25:  ✓ Starting...
2026-08-02T08:43:01:    ▲ Next.js 15.5.7
2026-08-02T08:43:01:    - Local:        http://localhost:3000
2026-08-02T08:43:01:    - Network:      http://46.4.218.149:3000
2026-08-02T08:43:01: 
2026-08-02T08:43:01:  ✓ Starting...
2026-08-02T08:43:02:  ✓ Ready in 208ms
2026-08-02T08:43:02: API_BASE_URL: https://system.gecogames.com/api/v1/test
2026-08-02T21:11:58:    ▲ Next.js 15.5.7
2026-08-02T21:11:58:    - Local:        http://localhost:3000
2026-08-02T21:11:58:    - Network:      http://46.4.218.149:3000
2026-08-02T21:11:58: 
2026-08-02T21:11:58:  ✓ Starting...
2026-08-02T21:11:59:  ✓ Ready in 212ms
2026-08-02T21:11:59: API_BASE_URL: https://system.gecogames.com/api/v1/test
2026-08-03T09:37:32:    ▲ Next.js 15.5.7
2026-08-03T09:37:32:    - Local:        http://localhost:3000
2026-08-03T09:37:32:    - Network:      http://46.4.218.149:3000
2026-08-03T09:37:32: 
2026-08-03T09:37:32:  ✓ Starting...
2026-08-03T09:37:32:  ✓ Ready in 238ms
2026-08-03T09:37:32: API_BASE_URL: https://system.gecogames.com/api/v1/test
2026-08-03T11:04:04:    ▲ Next.js 15.5.7
2026-08-03T11:04:04:    - Local:        http://localhost:3000
2026-08-03T11:04:04:    - Network:      http://46.4.218.149:3000
2026-08-03T11:04:04: 
2026-08-03T11:04:04:  ✓ Starting...
2026-08-03T11:04:04:  ✓ Ready in 209ms
2026-08-03T11:04:04: API_BASE_URL: https://system.gecogames.com/api/v1/test
2026-08-05T00:55:37: User API route called with params: Promise {
2026-08-05T00:55:37:   { id: '*' },
2026-08-05T00:55:37:   id: '*',
2026-08-05T00:55:37:   [Symbol(async_id_symbol)]: 5942564,
2026-08-05T00:55:37:   [Symbol(trigger_async_id_symbol)]: 5942556,
2026-08-05T00:55:37:   [Symbol(kResourceStore)]: { isAppRoute: true, isAction: false },
2026-08-05T00:55:37:   [Symbol(kResourceStore)]: {
2026-08-05T00:55:37:     isStaticGeneration: false,
2026-08-05T00:55:37:     page: '/api/users/[id]/route',
2026-08-05T00:55:37:     route: '/api/users/[id]',
2026-08-05T00:55:37:     incrementalCache: IncrementalCache {
2026-08-05T00:55:37:       locks: Map(0) {},
2026-08-05T00:55:37:       hasCustomCacheHandler: false,
2026-08-05T00:55:37:       dev: false,
2026-08-05T00:55:37:       disableForTestmode: false,
2026-08-05T00:55:37:       minimalMode: false,
2026-08-05T00:55:37:       requestHeaders: [Object],
2026-08-05T00:55:37:       allowedRevalidateHeaderKeys: undefined,
2026-08-05T00:55:37:       prerenderManifest: [Object],
2026-08-05T00:55:37:       cacheControls: [SharedCacheControls],
2026-08-05T00:55:37:       fetchCacheKeyPrefix: '',
2026-08-05T00:55:37:       cacheHandler: [FileSystemCache]
2026-08-05T00:55:37:     },
2026-08-05T00:55:37:     cacheLifeProfiles: {
2026-08-05T00:55:37:       default: [Object],
2026-08-05T00:55:37:       seconds: [Object],
2026-08-05T00:55:37:       minutes: [Object],
2026-08-05T00:55:37:       hours: [Object],
2026-08-05T00:55:37:       days: [Object],
2026-08-05T00:55:37:       weeks: [Object],
2026-08-05T00:55:37:       max: [Object]
2026-08-05T00:55:37:     },
2026-08-05T00:55:37:     isRevalidate: false,
2026-08-05T00:55:37:     isBuildTimePrerendering: undefined,
2026-08-05T00:55:37:     hasReadableErrorStacks: undefined,
2026-08-05T00:55:37:     fetchCache: undefined,
2026-08-05T00:55:37:     isOnDemandRevalidate: undefined,
2026-08-05T00:55:37:     isDraftMode: undefined,
2026-08-05T00:55:37:     isPrefetchRequest: undefined,
2026-08-05T00:55:37:     buildId: '6JvrME789K-Vu4cST6qi5',
2026-08-05T00:55:37:     reactLoadableManifest: {},
2026-08-05T00:55:37:     assetPrefix: '',
2026-08-05T00:55:37:     afterContext: tO {
2026-08-05T00:55:37:       workUnitStores: Set(0) {},
2026-08-05T00:55:37:       waitUntil: [Function (anonymous)],
2026-08-05T00:55:37:       onClose: [Function: onClose],
2026-08-05T00:55:37:       onTaskError: undefined,
2026-08-05T00:55:37:       callbackQueue: [o]
2026-08-05T00:55:37:     },
2026-08-05T00:55:37:     cacheComponentsEnabled: false,
2026-08-05T00:55:37:     dev: false,
2026-08-05T00:55:37:     previouslyRevalidatedTags: [],
2026-08-05T00:55:37:     refreshTagsByCacheKind: Map(2) { 'default' => [Object], 'remote' => [Object] },
2026-08-05T00:55:37:     runInCleanSnapshot: [Function: bound] { asyncResource: [Getter/Setter] },
2026-08-05T00:55:37:     shouldTrackFetchMetrics: false
2026-08-05T00:55:37:   },
2026-08-05T00:55:37:   [Symbol(kResourceStore)]: undefined,
2026-08-05T00:55:37:   [Symbol(kResourceStore)]: undefined,
2026-08-05T00:55:37:   [Symbol(kResourceStore)]: undefined,
2026-08-05T00:55:37:   [Symbol(kResourceStore)]: {
2026-08-05T00:55:37:     type: 'request',
2026-08-05T00:55:37:     phase: 'action',
2026-08-05T00:55:37:     implicitTags: { tags: [Array], expirationsByCacheKind: [Map] },
2026-08-05T00:55:37:     url: { pathname: '/api/users/*', search: '' },
2026-08-05T00:55:37:     rootParams: {},
2026-08-05T00:55:37:     headers: [Getter],
2026-08-05T00:55:37:     cookies: [Getter/Setter],
2026-08-05T00:55:37:     mutableCookies: [Getter],
2026-08-05T00:55:37:     userspaceMutableCookies: [Getter],
2026-08-05T00:55:37:     draftMode: [Getter],
2026-08-05T00:55:37:     renderResumeDataCache: null,
2026-08-05T00:55:37:     isHmrRefresh: false,
2026-08-05T00:55:37:     serverComponentsHmrCache: undefined,
2026-08-05T00:55:37:     devFallbackParams: null
2026-08-05T00:55:37:   }
2026-08-05T00:55:37: }
2026-08-05T00:55:37: Auth header present: false
2026-08-05T00:55:37: No auth header found
2026-08-05T23:07:29: User API route called with params: Promise {
2026-08-05T23:07:29:   { id: '*' },
2026-08-05T23:07:29:   id: '*',
2026-08-05T23:07:29:   [Symbol(async_id_symbol)]: 8930107,
2026-08-05T23:07:29:   [Symbol(trigger_async_id_symbol)]: 8930099,
2026-08-05T23:07:29:   [Symbol(kResourceStore)]: { isAppRoute: true, isAction: false },
2026-08-05T23:07:29:   [Symbol(kResourceStore)]: {
2026-08-05T23:07:29:     isStaticGeneration: false,
2026-08-05T23:07:29:     page: '/api/users/[id]/route',
2026-08-05T23:07:29:     route: '/api/users/[id]',
2026-08-05T23:07:29:     incrementalCache: IncrementalCache {
2026-08-05T23:07:29:       locks: Map(0) {},
2026-08-05T23:07:29:       hasCustomCacheHandler: false,
2026-08-05T23:07:29:       dev: false,
2026-08-05T23:07:29:       disableForTestmode: false,
2026-08-05T23:07:29:       minimalMode: false,
2026-08-05T23:07:29:       requestHeaders: [Object],
2026-08-05T23:07:29:       allowedRevalidateHeaderKeys: undefined,
2026-08-05T23:07:29:       prerenderManifest: [Object],
2026-08-05T23:07:29:       cacheControls: [SharedCacheControls],
2026-08-05T23:07:29:       fetchCacheKeyPrefix: '',
2026-08-05T23:07:29:       cacheHandler: [FileSystemCache]
2026-08-05T23:07:29:     },
2026-08-05T23:07:29:     cacheLifeProfiles: {
2026-08-05T23:07:29:       default: [Object],
2026-08-05T23:07:29:       seconds: [Object],
2026-08-05T23:07:29:       minutes: [Object],
2026-08-05T23:07:29:       hours: [Object],
2026-08-05T23:07:29:       days: [Object],
2026-08-05T23:07:29:       weeks: [Object],
2026-08-05T23:07:29:       max: [Object]
2026-08-05T23:07:29:     },
2026-08-05T23:07:29:     isRevalidate: false,
2026-08-05T23:07:29:     isBuildTimePrerendering: undefined,
2026-08-05T23:07:29:     hasReadableErrorStacks: undefined,
2026-08-05T23:07:29:     fetchCache: undefined,
2026-08-05T23:07:29:     isOnDemandRevalidate: undefined,
2026-08-05T23:07:29:     isDraftMode: undefined,
2026-08-05T23:07:29:     isPrefetchRequest: undefined,
2026-08-05T23:07:29:     buildId: '6JvrME789K-Vu4cST6qi5',
2026-08-05T23:07:29:     reactLoadableManifest: {},
2026-08-05T23:07:29:     assetPrefix: '',
2026-08-05T23:07:29:     afterContext: tO {
2026-08-05T23:07:29:       workUnitStores: Set(0) {},
2026-08-05T23:07:29:       waitUntil: [Function (anonymous)],
2026-08-05T23:07:29:       onClose: [Function: onClose],
2026-08-05T23:07:29:       onTaskError: undefined,
2026-08-05T23:07:29:       callbackQueue: [o]
2026-08-05T23:07:29:     },
2026-08-05T23:07:29:     cacheComponentsEnabled: false,
2026-08-05T23:07:29:     dev: false,
2026-08-05T23:07:29:     previouslyRevalidatedTags: [],
2026-08-05T23:07:29:     refreshTagsByCacheKind: Map(2) { 'default' => [Object], 'remote' => [Object] },
2026-08-05T23:07:29:     runInCleanSnapshot: [Function: bound] { asyncResource: [Getter/Setter] },
2026-08-05T23:07:29:     shouldTrackFetchMetrics: false
2026-08-05T23:07:29:   },
2026-08-05T23:07:29:   [Symbol(kResourceStore)]: undefined,
2026-08-05T23:07:29:   [Symbol(kResourceStore)]: undefined,
2026-08-05T23:07:29:   [Symbol(kResourceStore)]: undefined,
2026-08-05T23:07:29:   [Symbol(kResourceStore)]: {
2026-08-05T23:07:29:     type: 'request',
2026-08-05T23:07:29:     phase: 'action',
2026-08-05T23:07:29:     implicitTags: { tags: [Array], expirationsByCacheKind: [Map] },
2026-08-05T23:07:29:     url: { pathname: '/api/users/*', search: '' },
2026-08-05T23:07:29:     rootParams: {},
2026-08-05T23:07:29:     headers: [Getter],
2026-08-05T23:07:29:     cookies: [Getter/Setter],
2026-08-05T23:07:29:     mutableCookies: [Getter],
2026-08-05T23:07:29:     userspaceMutableCookies: [Getter],
2026-08-05T23:07:29:     draftMode: [Getter],
2026-08-05T23:07:29:     renderResumeDataCache: null,
2026-08-05T23:07:29:     isHmrRefresh: false,
2026-08-05T23:07:29:     serverComponentsHmrCache: undefined,
2026-08-05T23:07:29:     devFallbackParams: null
2026-08-05T23:07:29:   }
2026-08-05T23:07:29: }
2026-08-05T23:07:29: Auth header present: false
2026-08-05T23:07:29: No auth header found
2026-08-06T20:40:52:    ▲ Next.js 15.5.7
2026-08-06T20:40:52:    - Local:        http://localhost:3000
2026-08-06T20:40:52:    - Network:      http://46.4.218.149:3000
2026-08-06T20:40:52: 
2026-08-06T20:40:52:  ✓ Starting...
2026-08-06T20:40:52:  ✓ Ready in 214ms
2026-08-06T20:40:52: API_BASE_URL: https://system.gecogames.com/api/v1/test
2026-08-06T20:42:02:    ▲ Next.js 15.5.7
2026-08-06T20:42:02:    - Local:        http://localhost:3000
2026-08-06T20:42:02:    - Network:      http://46.4.218.149:3000
2026-08-06T20:42:02: 
2026-08-06T20:42:02:  ✓ Starting...
2026-08-06T20:42:02:  ✓ Ready in 198ms
2026-08-06T20:42:02: API_BASE_URL: https://system.gecogames.com/api/v1/test
2026-08-06T22:25:11: Users list API route called
2026-08-06T22:25:11: Auth header present: false
2026-08-06T22:25:11: No auth header found
2026-08-06T22:25:11: Users list API route called
2026-08-06T22:25:11: Auth header present: false
2026-08-06T22:25:11: No auth header found
2026-08-06T22:25:11: Users list API route called
2026-08-06T22:25:11: Auth header present: false
2026-08-06T22:25:11: No auth header found
2026-08-06T22:25:11: Users list API route called
2026-08-06T22:25:11: Auth header present: false
2026-08-06T22:25:11: No auth header found
2026-08-06T22:25:11: Users list API route called
2026-08-06T22:25:11: Auth header present: false
2026-08-06T22:25:11: No auth header found
2026-08-06T22:25:36: Current user API route called
2026-08-06T22:25:36: Auth header present: false
2026-08-06T22:25:36: No auth header found
2026-08-06T22:25:36: Current user API route called
2026-08-06T22:25:36: Auth header present: true
2026-08-06T22:25:36: Making request to backend: https://system.gecogames.com/api/v1/testusers/me/
2026-08-06T22:25:36: Backend response status: 404
2026-08-06T22:25:36: Backend response ok: false
2026-08-06T22:25:36: Backend error response: <!DOCTYPE html>
2026-08-06T22:25:36: <html lang="en">
2026-08-06T22:25:36: <head>
2026-08-06T22:25:36:   <meta http-equiv="content-type" content="text/html; charset=utf-8">
2026-08-06T22:25:36:   <title>Page not found at /api/v1/testusers/me/</title>
2026-08-06T22:25:36:   <meta name="robots" content="NONE,NOARCHIVE">
2026-08-06T22:25:36:   <style>
2026-08-06T22:25:36:     html * { padding:0; margin:0; }
2026-08-06T22:25:36:     body * { padding:10px 20px; }
2026-08-06T22:25:36:     body * * { padding:0; }
2026-08-06T22:25:36:     body { font-family: sans-serif; background:#eee; color:#000; }
2026-08-06T22:25:36:     body > :where(header, main, footer) { border-bottom:1px solid #ddd; }
2026-08-06T22:25:36:     h1 { font-weight:normal; margin-bottom:.4em; }
2026-08-06T22:25:36:     h1 small { font-size:60%; color:#666; font-weight:normal; }
2026-08-06T22:25:36:     table { border:none; border-collapse: collapse; width:100%; }
2026-08-06T22:25:36:     td, th { vertical-align:top; padding:2px 3px; }
2026-08-06T22:25:36:     th { width:12em; text-align:right; color:#666; padding-right:.5em; }
2026-08-06T22:25:36:     #info { background:#f6f6f6; }
2026-08-06T22:25:36:     #info ol { margin: 0.5em 4em; }
2026-08-06T22:25:36:     #info ol li { font-family: monospace; }
2026-08-06T22:25:36:     #summary { background: #ffc; }
2026-08-06T22:25:36:     #explanation { background:#eee; border-bottom: 0px none; }
2026-08-06T22:25:36:     pre.exception_value { font-family: sans-serif; color: #575757; font-size: 1.5em; margin: 10px 0 10px 0; }
2026-08-06T22:25:36:   </style>
2026-08-06T22:25:36: </head>
2026-08-06T22:25:36: <body>
2026-08-06T22:25:36:   <header id="summary">
2026-08-06T22:25:36:     <h1>Page not found <small>(404)</small></h1>
2026-08-06T22:25:36:     
2026-08-06T22:25:36:     <table class="meta">
2026-08-06T22:25:36:       <tr>
2026-08-06T22:25:36:         <th scope="row">Request Method:</th>
2026-08-06T22:25:36:         <td>GET</td>
2026-08-06T22:25:36:       </tr>
2026-08-06T22:25:36:       <tr>
2026-08-06T22:25:36:         <th scope="row">Request URL:</th>
2026-08-06T22:25:36:         <td>https://system.gecogames.com/api/v1/testusers/me/</td>
2026-08-06T22:25:36:       </tr>
2026-08-06T22:25:36:       
2026-08-06T22:25:36:     </table>
2026-08-06T22:25:36:   </header>
2026-08-06T22:25:36: 
2026-08-06T22:25:36:   <main id="info">
2026-08-06T22:25:36:     
2026-08-06T22:25:36:       <p>
2026-08-06T22:25:36:       Using the URLconf defined in <code>system.urls</code>,
2026-08-06T22:25:36:       Django tried these URL patterns, in this order:
2026-08-06T22:25:36:       </p>
2026-08-06T22:25:36:       <ol>
2026-08-06T22:25:36:         
2026-08-06T22:25:36:           <li>
2026-08-06T22:25:36:             
2026-08-06T22:25:36:               <code>
2026-08-06T22:25:36:                 admin/
2026-08-06T22:25:36:                 
2026-08-06T22:25:36:               </code>
2026-08-06T22:25:36:             
2026-08-06T22:25:36:           </li>
2026-08-06T22:25:36:         
2026-08-06T22:25:36:           <li>
2026-08-06T22:25:36:             
2026-08-06T22:25:36:               <code>
2026-08-06T22:25:36:                 api/v1/test/
2026-08-06T22:25:36:                 
2026-08-06T22:25:36:               </code>
2026-08-06T22:25:36:             
2026-08-06T22:25:36:           </li>
2026-08-06T22:25:36:         
2026-08-06T22:25:36:           <li>
2026-08-06T22:25:36:             
2026-08-06T22:25:36:               <code>
2026-08-06T22:25:36:                 ^media/(?P&lt;path&gt;.*)$
2026-08-06T22:25:36:                 
2026-08-06T22:25:36:               </code>
2026-08-06T22:25:36:             
2026-08-06T22:25:36:           </li>
2026-08-06T22:25:36:         
2026-08-06T22:25:36:       </ol>
2026-08-06T22:25:36:       <p>
2026-08-06T22:25:36:         
2026-08-06T22:25:36:           The current path, <code>api/v1/testusers/me/</code>,
2026-08-06T22:25:36:         
2026-08-06T22:25:36:         didn’t match any of these.
2026-08-06T22:25:36:       </p>
2026-08-06T22:25:36:     
2026-08-06T22:25:36:   </main>
2026-08-06T22:25:36: 
2026-08-06T22:25:36:   <footer id="explanation">
2026-08-06T22:25:36:     <p>
2026-08-06T22:25:36:       You’re seeing this error because you have <code>DEBUG = True</code> in
2026-08-06T22:25:36:       your Django settings file. Change that to <code>False</code>, and Django
2026-08-06T22:25:36:       will display a standard 404 page.
2026-08-06T22:25:36:     </p>
2026-08-06T22:25:36:   </footer>
2026-08-06T22:25:36: </body>
2026-08-06T22:25:36: </html>
2026-08-06T22:25:36: 
2026-08-06T22:25:37: Current user API route called
2026-08-06T22:25:37: Auth header present: true
2026-08-06T22:25:37: Making request to backend: https://system.gecogames.com/api/v1/testusers/me/
2026-08-06T22:25:37: Backend response status: 404
2026-08-06T22:25:37: Backend response ok: false
2026-08-06T22:25:37: Backend error response: <!DOCTYPE html>
2026-08-06T22:25:37: <html lang="en">
2026-08-06T22:25:37: <head>
2026-08-06T22:25:37:   <meta http-equiv="content-type" content="text/html; charset=utf-8">
2026-08-06T22:25:37:   <title>Page not found at /api/v1/testusers/me/</title>
2026-08-06T22:25:37:   <meta name="robots" content="NONE,NOARCHIVE">
2026-08-06T22:25:37:   <style>
2026-08-06T22:25:37:     html * { padding:0; margin:0; }
2026-08-06T22:25:37:     body * { padding:10px 20px; }
2026-08-06T22:25:37:     body * * { padding:0; }
2026-08-06T22:25:37:     body { font-family: sans-serif; background:#eee; color:#000; }
2026-08-06T22:25:37:     body > :where(header, main, footer) { border-bottom:1px solid #ddd; }
2026-08-06T22:25:37:     h1 { font-weight:normal; margin-bottom:.4em; }
2026-08-06T22:25:37:     h1 small { font-size:60%; color:#666; font-weight:normal; }
2026-08-06T22:25:37:     table { border:none; border-collapse: collapse; width:100%; }
2026-08-06T22:25:37:     td, th { vertical-align:top; padding:2px 3px; }
2026-08-06T22:25:37:     th { width:12em; text-align:right; color:#666; padding-right:.5em; }
2026-08-06T22:25:37:     #info { background:#f6f6f6; }
2026-08-06T22:25:37:     #info ol { margin: 0.5em 4em; }
2026-08-06T22:25:37:     #info ol li { font-family: monospace; }
2026-08-06T22:25:37:     #summary { background: #ffc; }
2026-08-06T22:25:37:     #explanation { background:#eee; border-bottom: 0px none; }
2026-08-06T22:25:37:     pre.exception_value { font-family: sans-serif; color: #575757; font-size: 1.5em; margin: 10px 0 10px 0; }
2026-08-06T22:25:37:   </style>
2026-08-06T22:25:37: </head>
2026-08-06T22:25:37: <body>
2026-08-06T22:25:37:   <header id="summary">
2026-08-06T22:25:37:     <h1>Page not found <small>(404)</small></h1>
2026-08-06T22:25:37:     
2026-08-06T22:25:37:     <table class="meta">
2026-08-06T22:25:37:       <tr>
2026-08-06T22:25:37:         <th scope="row">Request Method:</th>
2026-08-06T22:25:37:         <td>GET</td>
2026-08-06T22:25:37:       </tr>
2026-08-06T22:25:37:       <tr>
2026-08-06T22:25:37:         <th scope="row">Request URL:</th>
2026-08-06T22:25:37:         <td>https://system.gecogames.com/api/v1/testusers/me/</td>
2026-08-06T22:25:37:       </tr>
2026-08-06T22:25:37:       
2026-08-06T22:25:37:     </table>
2026-08-06T22:25:37:   </header>
2026-08-06T22:25:37: 
2026-08-06T22:25:37:   <main id="info">
2026-08-06T22:25:37:     
2026-08-06T22:25:37:       <p>
2026-08-06T22:25:37:       Using the URLconf defined in <code>system.urls</code>,
2026-08-06T22:25:37:       Django tried these URL patterns, in this order:
2026-08-06T22:25:37:       </p>
2026-08-06T22:25:37:       <ol>
2026-08-06T22:25:37:         
2026-08-06T22:25:37:           <li>
2026-08-06T22:25:37:             
2026-08-06T22:25:37:               <code>
2026-08-06T22:25:37:                 admin/
2026-08-06T22:25:37:                 
2026-08-06T22:25:37:               </code>
2026-08-06T22:25:37:             
2026-08-06T22:25:37:           </li>
2026-08-06T22:25:37:         
2026-08-06T22:25:37:           <li>
2026-08-06T22:25:37:             
2026-08-06T22:25:37:               <code>
2026-08-06T22:25:37:                 api/v1/test/
2026-08-06T22:25:37:                 
2026-08-06T22:25:37:               </code>
2026-08-06T22:25:37:             
2026-08-06T22:25:37:           </li>
2026-08-06T22:25:37:         
2026-08-06T22:25:37:           <li>
2026-08-06T22:25:37:             
2026-08-06T22:25:37:               <code>
2026-08-06T22:25:37:                 ^media/(?P&lt;path&gt;.*)$
2026-08-06T22:25:37:                 
2026-08-06T22:25:37:               </code>
2026-08-06T22:25:37:             
2026-08-06T22:25:37:           </li>
2026-08-06T22:25:37:         
2026-08-06T22:25:37:       </ol>
2026-08-06T22:25:37:       <p>
2026-08-06T22:25:37:         
2026-08-06T22:25:37:           The current path, <code>api/v1/testusers/me/</code>,
2026-08-06T22:25:37:         
2026-08-06T22:25:37:         didn’t match any of these.
2026-08-06T22:25:37:       </p>
2026-08-06T22:25:37:     
2026-08-06T22:25:37:   </main>
2026-08-06T22:25:37: 
2026-08-06T22:25:37:   <footer id="explanation">
2026-08-06T22:25:37:     <p>
2026-08-06T22:25:37:       You’re seeing this error because you have <code>DEBUG = True</code> in
2026-08-06T22:25:37:       your Django settings file. Change that to <code>False</code>, and Django
2026-08-06T22:25:37:       will display a standard 404 page.
2026-08-06T22:25:37:     </p>
2026-08-06T22:25:37:   </footer>
2026-08-06T22:25:37: </body>
2026-08-06T22:25:37: </html>
2026-08-06T22:25:37: 
2026-08-06T22:25:37: Current user API route called
2026-08-06T22:25:37: Auth header present: true
2026-08-06T22:25:37: Making request to backend: https://system.gecogames.com/api/v1/testusers/me/
2026-08-06T22:25:37: Backend response status: 404
2026-08-06T22:25:37: Backend response ok: false
2026-08-06T22:25:37: Backend error response: <!DOCTYPE html>
2026-08-06T22:25:37: <html lang="en">
2026-08-06T22:25:37: <head>
2026-08-06T22:25:37:   <meta http-equiv="content-type" content="text/html; charset=utf-8">
2026-08-06T22:25:37:   <title>Page not found at /api/v1/testusers/me/</title>
2026-08-06T22:25:37:   <meta name="robots" content="NONE,NOARCHIVE">
2026-08-06T22:25:37:   <style>
2026-08-06T22:25:37:     html * { padding:0; margin:0; }
2026-08-06T22:25:37:     body * { padding:10px 20px; }
2026-08-06T22:25:37:     body * * { padding:0; }
2026-08-06T22:25:37:     body { font-family: sans-serif; background:#eee; color:#000; }
2026-08-06T22:25:37:     body > :where(header, main, footer) { border-bottom:1px solid #ddd; }
2026-08-06T22:25:37:     h1 { font-weight:normal; margin-bottom:.4em; }
2026-08-06T22:25:37:     h1 small { font-size:60%; color:#666; font-weight:normal; }
2026-08-06T22:25:37:     table { border:none; border-collapse: collapse; width:100%; }
2026-08-06T22:25:37:     td, th { vertical-align:top; padding:2px 3px; }
2026-08-06T22:25:37:     th { width:12em; text-align:right; color:#666; padding-right:.5em; }
2026-08-06T22:25:37:     #info { background:#f6f6f6; }
2026-08-06T22:25:37:     #info ol { margin: 0.5em 4em; }
2026-08-06T22:25:37:     #info ol li { font-family: monospace; }
2026-08-06T22:25:37:     #summary { background: #ffc; }
2026-08-06T22:25:37:     #explanation { background:#eee; border-bottom: 0px none; }
2026-08-06T22:25:37:     pre.exception_value { font-family: sans-serif; color: #575757; font-size: 1.5em; margin: 10px 0 10px 0; }
2026-08-06T22:25:37:   </style>
2026-08-06T22:25:37: </head>
2026-08-06T22:25:37: <body>
2026-08-06T22:25:37:   <header id="summary">
2026-08-06T22:25:37:     <h1>Page not found <small>(404)</small></h1>
2026-08-06T22:25:37:     
2026-08-06T22:25:37:     <table class="meta">
2026-08-06T22:25:37:       <tr>
2026-08-06T22:25:37:         <th scope="row">Request Method:</th>
2026-08-06T22:25:37:         <td>GET</td>
2026-08-06T22:25:37:       </tr>
2026-08-06T22:25:37:       <tr>
2026-08-06T22:25:37:         <th scope="row">Request URL:</th>
2026-08-06T22:25:37:         <td>https://system.gecogames.com/api/v1/testusers/me/</td>
2026-08-06T22:25:37:       </tr>
2026-08-06T22:25:37:       
2026-08-06T22:25:37:     </table>
2026-08-06T22:25:37:   </header>
2026-08-06T22:25:37: 
2026-08-06T22:25:37:   <main id="info">
2026-08-06T22:25:37:     
2026-08-06T22:25:37:       <p>
2026-08-06T22:25:37:       Using the URLconf defined in <code>system.urls</code>,
2026-08-06T22:25:37:       Django tried these URL patterns, in this order:
2026-08-06T22:25:37:       </p>
2026-08-06T22:25:37:       <ol>
2026-08-06T22:25:37:         
2026-08-06T22:25:37:           <li>
2026-08-06T22:25:37:             
2026-08-06T22:25:37:               <code>
2026-08-06T22:25:37:                 admin/
2026-08-06T22:25:37:                 
2026-08-06T22:25:37:               </code>
2026-08-06T22:25:37:             
2026-08-06T22:25:37:           </li>
2026-08-06T22:25:37:         
2026-08-06T22:25:37:           <li>
2026-08-06T22:25:37:             
2026-08-06T22:25:37:               <code>
2026-08-06T22:25:37:                 api/v1/test/
2026-08-06T22:25:37:                 
2026-08-06T22:25:37:               </code>
2026-08-06T22:25:37:             
2026-08-06T22:25:37:           </li>
2026-08-06T22:25:37:         
2026-08-06T22:25:37:           <li>
2026-08-06T22:25:37:             
2026-08-06T22:25:37:               <code>
2026-08-06T22:25:37:                 ^media/(?P&lt;path&gt;.*)$
2026-08-06T22:25:37:                 
2026-08-06T22:25:37:               </code>
2026-08-06T22:25:37:             
2026-08-06T22:25:37:           </li>
2026-08-06T22:25:37:         
2026-08-06T22:25:37:       </ol>
2026-08-06T22:25:37:       <p>
2026-08-06T22:25:37:         
2026-08-06T22:25:37:           The current path, <code>api/v1/testusers/me/</code>,
2026-08-06T22:25:37:         
2026-08-06T22:25:37:         didn’t match any of these.
2026-08-06T22:25:37:       </p>
2026-08-06T22:25:37:     
2026-08-06T22:25:37:   </main>
2026-08-06T22:25:37: 
2026-08-06T22:25:37:   <footer id="explanation">
2026-08-06T22:25:37:     <p>
2026-08-06T22:25:37:       You’re seeing this error because you have <code>DEBUG = True</code> in
2026-08-06T22:25:37:       your Django settings file. Change that to <code>False</code>, and Django
2026-08-06T22:25:37:       will display a standard 404 page.
2026-08-06T22:25:37:     </p>
2026-08-06T22:25:37:   </footer>
2026-08-06T22:25:37: </body>
2026-08-06T22:25:37: </html>
2026-08-06T22:25:37: 
2026-08-06T22:25:37: Current user API route called
2026-08-06T22:25:37: Auth header present: true
2026-08-06T22:25:37: Making request to backend: https://system.gecogames.com/api/v1/testusers/me/
2026-08-06T22:25:37: Backend response status: 404
2026-08-06T22:25:37: Backend response ok: false
2026-08-06T22:25:37: Backend error response: <!DOCTYPE html>
2026-08-06T22:25:37: <html lang="en">
2026-08-06T22:25:37: <head>
2026-08-06T22:25:37:   <meta http-equiv="content-type" content="text/html; charset=utf-8">
2026-08-06T22:25:37:   <title>Page not found at /api/v1/testusers/me/</title>
2026-08-06T22:25:37:   <meta name="robots" content="NONE,NOARCHIVE">
2026-08-06T22:25:37:   <style>
2026-08-06T22:25:37:     html * { padding:0; margin:0; }
2026-08-06T22:25:37:     body * { padding:10px 20px; }
2026-08-06T22:25:37:     body * * { padding:0; }
2026-08-06T22:25:37:     body { font-family: sans-serif; background:#eee; color:#000; }
2026-08-06T22:25:37:     body > :where(header, main, footer) { border-bottom:1px solid #ddd; }
2026-08-06T22:25:37:     h1 { font-weight:normal; margin-bottom:.4em; }
2026-08-06T22:25:37:     h1 small { font-size:60%; color:#666; font-weight:normal; }
2026-08-06T22:25:37:     table { border:none; border-collapse: collapse; width:100%; }
2026-08-06T22:25:37:     td, th { vertical-align:top; padding:2px 3px; }
2026-08-06T22:25:37:     th { width:12em; text-align:right; color:#666; padding-right:.5em; }
2026-08-06T22:25:37:     #info { background:#f6f6f6; }
2026-08-06T22:25:37:     #info ol { margin: 0.5em 4em; }
2026-08-06T22:25:37:     #info ol li { font-family: monospace; }
2026-08-06T22:25:37:     #summary { background: #ffc; }
2026-08-06T22:25:37:     #explanation { background:#eee; border-bottom: 0px none; }
2026-08-06T22:25:37:     pre.exception_value { font-family: sans-serif; color: #575757; font-size: 1.5em; margin: 10px 0 10px 0; }
2026-08-06T22:25:37:   </style>
2026-08-06T22:25:37: </head>
2026-08-06T22:25:37: <body>
2026-08-06T22:25:37:   <header id="summary">
2026-08-06T22:25:37:     <h1>Page not found <small>(404)</small></h1>
2026-08-06T22:25:37:     
2026-08-06T22:25:37:     <table class="meta">
2026-08-06T22:25:37:       <tr>
2026-08-06T22:25:37:         <th scope="row">Request Method:</th>
2026-08-06T22:25:37:         <td>GET</td>
2026-08-06T22:25:37:       </tr>
2026-08-06T22:25:37:       <tr>
2026-08-06T22:25:37:         <th scope="row">Request URL:</th>
2026-08-06T22:25:37:         <td>https://system.gecogames.com/api/v1/testusers/me/</td>
2026-08-06T22:25:37:       </tr>
2026-08-06T22:25:37:       
2026-08-06T22:25:37:     </table>
2026-08-06T22:25:37:   </header>
2026-08-06T22:25:37: 
2026-08-06T22:25:37:   <main id="info">
2026-08-06T22:25:37:     
2026-08-06T22:25:37:       <p>
2026-08-06T22:25:37:       Using the URLconf defined in <code>system.urls</code>,
2026-08-06T22:25:37:       Django tried these URL patterns, in this order:
2026-08-06T22:25:37:       </p>
2026-08-06T22:25:37:       <ol>
2026-08-06T22:25:37:         
2026-08-06T22:25:37:           <li>
2026-08-06T22:25:37:             
2026-08-06T22:25:37:               <code>
2026-08-06T22:25:37:                 admin/
2026-08-06T22:25:37:                 
2026-08-06T22:25:37:               </code>
2026-08-06T22:25:37:             
2026-08-06T22:25:37:           </li>
2026-08-06T22:25:37:         
2026-08-06T22:25:37:           <li>
2026-08-06T22:25:37:             
2026-08-06T22:25:37:               <code>
2026-08-06T22:25:37:                 api/v1/test/
2026-08-06T22:25:37:                 
2026-08-06T22:25:37:               </code>
2026-08-06T22:25:37:             
2026-08-06T22:25:37:           </li>
2026-08-06T22:25:37:         
2026-08-06T22:25:37:           <li>
2026-08-06T22:25:37:             
2026-08-06T22:25:37:               <code>
2026-08-06T22:25:37:                 ^media/(?P&lt;path&gt;.*)$
2026-08-06T22:25:37:                 
2026-08-06T22:25:37:               </code>
2026-08-06T22:25:37:             
2026-08-06T22:25:37:           </li>
2026-08-06T22:25:37:         
2026-08-06T22:25:37:       </ol>
2026-08-06T22:25:37:       <p>
2026-08-06T22:25:37:         
2026-08-06T22:25:37:           The current path, <code>api/v1/testusers/me/</code>,
2026-08-06T22:25:37:         
2026-08-06T22:25:37:         didn’t match any of these.
2026-08-06T22:25:37:       </p>
2026-08-06T22:25:37:     
2026-08-06T22:25:37:   </main>
2026-08-06T22:25:37: 
2026-08-06T22:25:37:   <footer id="explanation">
2026-08-06T22:25:37:     <p>
2026-08-06T22:25:37:       You’re seeing this error because you have <code>DEBUG = True</code> in
2026-08-06T22:25:37:       your Django settings file. Change that to <code>False</code>, and Django
2026-08-06T22:25:37:       will display a standard 404 page.
2026-08-06T22:25:37:     </p>
2026-08-06T22:25:37:   </footer>
2026-08-06T22:25:37: </body>
2026-08-06T22:25:37: </html>
2026-08-06T22:25:37: 
2026-08-06T22:25:37: Current user API route called
2026-08-06T22:25:37: Auth header present: true
2026-08-06T22:25:37: Making request to backend: https://system.gecogames.com/api/v1/testusers/me/
2026-08-06T22:25:37: Backend response status: 404
2026-08-06T22:25:37: Backend response ok: false
2026-08-06T22:25:37: Backend error response: <!DOCTYPE html>
2026-08-06T22:25:37: <html lang="en">
2026-08-06T22:25:37: <head>
2026-08-06T22:25:37:   <meta http-equiv="content-type" content="text/html; charset=utf-8">
2026-08-06T22:25:37:   <title>Page not found at /api/v1/testusers/me/</title>
2026-08-06T22:25:37:   <meta name="robots" content="NONE,NOARCHIVE">
2026-08-06T22:25:37:   <style>
2026-08-06T22:25:37:     html * { padding:0; margin:0; }
2026-08-06T22:25:37:     body * { padding:10px 20px; }
2026-08-06T22:25:37:     body * * { padding:0; }
2026-08-06T22:25:37:     body { font-family: sans-serif; background:#eee; color:#000; }
2026-08-06T22:25:37:     body > :where(header, main, footer) { border-bottom:1px solid #ddd; }
2026-08-06T22:25:37:     h1 { font-weight:normal; margin-bottom:.4em; }
2026-08-06T22:25:37:     h1 small { font-size:60%; color:#666; font-weight:normal; }
2026-08-06T22:25:37:     table { border:none; border-collapse: collapse; width:100%; }
2026-08-06T22:25:37:     td, th { vertical-align:top; padding:2px 3px; }
2026-08-06T22:25:37:     th { width:12em; text-align:right; color:#666; padding-right:.5em; }
2026-08-06T22:25:37:     #info { background:#f6f6f6; }
2026-08-06T22:25:37:     #info ol { margin: 0.5em 4em; }
2026-08-06T22:25:37:     #info ol li { font-family: monospace; }
2026-08-06T22:25:37:     #summary { background: #ffc; }
2026-08-06T22:25:37:     #explanation { background:#eee; border-bottom: 0px none; }
2026-08-06T22:25:37:     pre.exception_value { font-family: sans-serif; color: #575757; font-size: 1.5em; margin: 10px 0 10px 0; }
2026-08-06T22:25:37:   </style>
2026-08-06T22:25:37: </head>
2026-08-06T22:25:37: <body>
2026-08-06T22:25:37:   <header id="summary">
2026-08-06T22:25:37:     <h1>Page not found <small>(404)</small></h1>
2026-08-06T22:25:37:     
2026-08-06T22:25:37:     <table class="meta">
2026-08-06T22:25:37:       <tr>
2026-08-06T22:25:37:         <th scope="row">Request Method:</th>
2026-08-06T22:25:37:         <td>GET</td>
2026-08-06T22:25:37:       </tr>
2026-08-06T22:25:37:       <tr>
2026-08-06T22:25:37:         <th scope="row">Request URL:</th>
2026-08-06T22:25:37:         <td>https://system.gecogames.com/api/v1/testusers/me/</td>
2026-08-06T22:25:37:       </tr>
2026-08-06T22:25:37:       
2026-08-06T22:25:37:     </table>
2026-08-06T22:25:37:   </header>
2026-08-06T22:25:37: 
2026-08-06T22:25:37:   <main id="info">
2026-08-06T22:25:37:     
2026-08-06T22:25:37:       <p>
2026-08-06T22:25:37:       Using the URLconf defined in <code>system.urls</code>,
2026-08-06T22:25:37:       Django tried these URL patterns, in this order:
2026-08-06T22:25:37:       </p>
2026-08-06T22:25:37:       <ol>
2026-08-06T22:25:37:         
2026-08-06T22:25:37:           <li>
2026-08-06T22:25:37:             
2026-08-06T22:25:37:               <code>
2026-08-06T22:25:37:                 admin/
2026-08-06T22:25:37:                 
2026-08-06T22:25:37:               </code>
2026-08-06T22:25:37:             
2026-08-06T22:25:37:           </li>
2026-08-06T22:25:37:         
2026-08-06T22:25:37:           <li>
2026-08-06T22:25:37:             
2026-08-06T22:25:37:               <code>
2026-08-06T22:25:37:                 api/v1/test/
2026-08-06T22:25:37:                 
2026-08-06T22:25:37:               </code>
2026-08-06T22:25:37:             
2026-08-06T22:25:37:           </li>
2026-08-06T22:25:37:         
2026-08-06T22:25:37:           <li>
2026-08-06T22:25:37:             
2026-08-06T22:25:37:               <code>
2026-08-06T22:25:37:                 ^media/(?P&lt;path&gt;.*)$
2026-08-06T22:25:37:                 
2026-08-06T22:25:37:               </code>
2026-08-06T22:25:37:             
2026-08-06T22:25:37:           </li>
2026-08-06T22:25:37:         
2026-08-06T22:25:37:       </ol>
2026-08-06T22:25:37:       <p>
2026-08-06T22:25:37:         
2026-08-06T22:25:37:           The current path, <code>api/v1/testusers/me/</code>,
2026-08-06T22:25:37:         
2026-08-06T22:25:37:         didn’t match any of these.
2026-08-06T22:25:37:       </p>
2026-08-06T22:25:37:     
2026-08-06T22:25:37:   </main>
2026-08-06T22:25:37: 
2026-08-06T22:25:37:   <footer id="explanation">
2026-08-06T22:25:37:     <p>
2026-08-06T22:25:37:       You’re seeing this error because you have <code>DEBUG = True</code> in
2026-08-06T22:25:37:       your Django settings file. Change that to <code>False</code>, and Django
2026-08-06T22:25:37:       will display a standard 404 page.
2026-08-06T22:25:37:     </p>
2026-08-06T22:25:37:   </footer>
2026-08-06T22:25:37: </body>
2026-08-06T22:25:37: </html>
2026-08-06T22:25:37: 
2026-08-06T22:25:37: Current user API route called
2026-08-06T22:25:37: Auth header present: true
2026-08-06T22:25:37: Making request to backend: https://system.gecogames.com/api/v1/testusers/me/
2026-08-06T22:25:37: Backend response status: 404
2026-08-06T22:25:37: Backend response ok: false
2026-08-06T22:25:37: Backend error response: <!DOCTYPE html>
2026-08-06T22:25:37: <html lang="en">
2026-08-06T22:25:37: <head>
2026-08-06T22:25:37:   <meta http-equiv="content-type" content="text/html; charset=utf-8">
2026-08-06T22:25:37:   <title>Page not found at /api/v1/testusers/me/</title>
2026-08-06T22:25:37:   <meta name="robots" content="NONE,NOARCHIVE">
2026-08-06T22:25:37:   <style>
2026-08-06T22:25:37:     html * { padding:0; margin:0; }
2026-08-06T22:25:37:     body * { padding:10px 20px; }
2026-08-06T22:25:37:     body * * { padding:0; }
2026-08-06T22:25:37:     body { font-family: sans-serif; background:#eee; color:#000; }
2026-08-06T22:25:37:     body > :where(header, main, footer) { border-bottom:1px solid #ddd; }
2026-08-06T22:25:37:     h1 { font-weight:normal; margin-bottom:.4em; }
2026-08-06T22:25:37:     h1 small { font-size:60%; color:#666; font-weight:normal; }
2026-08-06T22:25:37:     table { border:none; border-collapse: collapse; width:100%; }
2026-08-06T22:25:37:     td, th { vertical-align:top; padding:2px 3px; }
2026-08-06T22:25:37:     th { width:12em; text-align:right; color:#666; padding-right:.5em; }
2026-08-06T22:25:37:     #info { background:#f6f6f6; }
2026-08-06T22:25:37:     #info ol { margin: 0.5em 4em; }
2026-08-06T22:25:37:     #info ol li { font-family: monospace; }
2026-08-06T22:25:37:     #summary { background: #ffc; }
2026-08-06T22:25:37:     #explanation { background:#eee; border-bottom: 0px none; }
2026-08-06T22:25:37:     pre.exception_value { font-family: sans-serif; color: #575757; font-size: 1.5em; margin: 10px 0 10px 0; }
2026-08-06T22:25:37:   </style>
2026-08-06T22:25:37: </head>
2026-08-06T22:25:37: <body>
2026-08-06T22:25:37:   <header id="summary">
2026-08-06T22:25:37:     <h1>Page not found <small>(404)</small></h1>
2026-08-06T22:25:37:     
2026-08-06T22:25:37:     <table class="meta">
2026-08-06T22:25:37:       <tr>
2026-08-06T22:25:37:         <th scope="row">Request Method:</th>
2026-08-06T22:25:37:         <td>GET</td>
2026-08-06T22:25:37:       </tr>
2026-08-06T22:25:37:       <tr>
2026-08-06T22:25:37:         <th scope="row">Request URL:</th>
2026-08-06T22:25:37:         <td>https://system.gecogames.com/api/v1/testusers/me/</td>
2026-08-06T22:25:37:       </tr>
2026-08-06T22:25:37:       
2026-08-06T22:25:37:     </table>
2026-08-06T22:25:37:   </header>
2026-08-06T22:25:37: 
2026-08-06T22:25:37:   <main id="info">
2026-08-06T22:25:37:     
2026-08-06T22:25:37:       <p>
2026-08-06T22:25:37:       Using the URLconf defined in <code>system.urls</code>,
2026-08-06T22:25:37:       Django tried these URL patterns, in this order:
2026-08-06T22:25:37:       </p>
2026-08-06T22:25:37:       <ol>
2026-08-06T22:25:37:         
2026-08-06T22:25:37:           <li>
2026-08-06T22:25:37:             
2026-08-06T22:25:37:               <code>
2026-08-06T22:25:37:                 admin/
2026-08-06T22:25:37:                 
2026-08-06T22:25:37:               </code>
2026-08-06T22:25:37:             
2026-08-06T22:25:37:           </li>
2026-08-06T22:25:37:         
2026-08-06T22:25:37:           <li>
2026-08-06T22:25:37:             
2026-08-06T22:25:37:               <code>
2026-08-06T22:25:37:                 api/v1/test/
2026-08-06T22:25:37:                 
2026-08-06T22:25:37:               </code>
2026-08-06T22:25:37:             
2026-08-06T22:25:37:           </li>
2026-08-06T22:25:37:         
2026-08-06T22:25:37:           <li>
2026-08-06T22:25:37:             
2026-08-06T22:25:37:               <code>
2026-08-06T22:25:37:                 ^media/(?P&lt;path&gt;.*)$
2026-08-06T22:25:37:                 
2026-08-06T22:25:37:               </code>
2026-08-06T22:25:37:             
2026-08-06T22:25:37:           </li>
2026-08-06T22:25:37:         
2026-08-06T22:25:37:       </ol>
2026-08-06T22:25:37:       <p>
2026-08-06T22:25:37:         
2026-08-06T22:25:37:           The current path, <code>api/v1/testusers/me/</code>,
2026-08-06T22:25:37:         
2026-08-06T22:25:37:         didn’t match any of these.
2026-08-06T22:25:37:       </p>
2026-08-06T22:25:37:     
2026-08-06T22:25:37:   </main>
2026-08-06T22:25:37: 
2026-08-06T22:25:37:   <footer id="explanation">
2026-08-06T22:25:37:     <p>
2026-08-06T22:25:37:       You’re seeing this error because you have <code>DEBUG = True</code> in
2026-08-06T22:25:37:       your Django settings file. Change that to <code>False</code>, and Django
2026-08-06T22:25:37:       will display a standard 404 page.
2026-08-06T22:25:37:     </p>
2026-08-06T22:25:37:   </footer>
2026-08-06T22:25:37: </body>
2026-08-06T22:25:37: </html>
2026-08-06T22:25:37: 
2026-08-06T22:25:37: Current user API route called
2026-08-06T22:25:37: Auth header present: true
2026-08-06T22:25:37: Making request to backend: https://system.gecogames.com/api/v1/testusers/me/
2026-08-06T22:25:37: Backend response status: 404
2026-08-06T22:25:37: Backend response ok: false
2026-08-06T22:25:37: Backend error response: <!DOCTYPE html>
2026-08-06T22:25:37: <html lang="en">
2026-08-06T22:25:37: <head>
2026-08-06T22:25:37:   <meta http-equiv="content-type" content="text/html; charset=utf-8">
2026-08-06T22:25:37:   <title>Page not found at /api/v1/testusers/me/</title>
2026-08-06T22:25:37:   <meta name="robots" content="NONE,NOARCHIVE">
2026-08-06T22:25:37:   <style>
2026-08-06T22:25:37:     html * { padding:0; margin:0; }
2026-08-06T22:25:37:     body * { padding:10px 20px; }
2026-08-06T22:25:37:     body * * { padding:0; }
2026-08-06T22:25:37:     body { font-family: sans-serif; background:#eee; color:#000; }
2026-08-06T22:25:37:     body > :where(header, main, footer) { border-bottom:1px solid #ddd; }
2026-08-06T22:25:37:     h1 { font-weight:normal; margin-bottom:.4em; }
2026-08-06T22:25:37:     h1 small { font-size:60%; color:#666; font-weight:normal; }
2026-08-06T22:25:37:     table { border:none; border-collapse: collapse; width:100%; }
2026-08-06T22:25:37:     td, th { vertical-align:top; padding:2px 3px; }
2026-08-06T22:25:37:     th { width:12em; text-align:right; color:#666; padding-right:.5em; }
2026-08-06T22:25:37:     #info { background:#f6f6f6; }
2026-08-06T22:25:37:     #info ol { margin: 0.5em 4em; }
2026-08-06T22:25:37:     #info ol li { font-family: monospace; }
2026-08-06T22:25:37:     #summary { background: #ffc; }
2026-08-06T22:25:37:     #explanation { background:#eee; border-bottom: 0px none; }
2026-08-06T22:25:37:     pre.exception_value { font-family: sans-serif; color: #575757; font-size: 1.5em; margin: 10px 0 10px 0; }
2026-08-06T22:25:37:   </style>
2026-08-06T22:25:37: </head>
2026-08-06T22:25:37: <body>
2026-08-06T22:25:37:   <header id="summary">
2026-08-06T22:25:37:     <h1>Page not found <small>(404)</small></h1>
2026-08-06T22:25:37:     
2026-08-06T22:25:37:     <table class="meta">
2026-08-06T22:25:37:       <tr>
2026-08-06T22:25:37:         <th scope="row">Request Method:</th>
2026-08-06T22:25:37:         <td>GET</td>
2026-08-06T22:25:37:       </tr>
2026-08-06T22:25:37:       <tr>
2026-08-06T22:25:37:         <th scope="row">Request URL:</th>
2026-08-06T22:25:37:         <td>https://system.gecogames.com/api/v1/testusers/me/</td>
2026-08-06T22:25:37:       </tr>
2026-08-06T22:25:37:       
2026-08-06T22:25:37:     </table>
2026-08-06T22:25:37:   </header>
2026-08-06T22:25:37: 
2026-08-06T22:25:37:   <main id="info">
2026-08-06T22:25:37:     
2026-08-06T22:25:37:       <p>
2026-08-06T22:25:37:       Using the URLconf defined in <code>system.urls</code>,
2026-08-06T22:25:37:       Django tried these URL patterns, in this order:
2026-08-06T22:25:37:       </p>
2026-08-06T22:25:37:       <ol>
2026-08-06T22:25:37:         
2026-08-06T22:25:37:           <li>
2026-08-06T22:25:37:             
2026-08-06T22:25:37:               <code>
2026-08-06T22:25:37:                 admin/
2026-08-06T22:25:37:                 
2026-08-06T22:25:37:               </code>
2026-08-06T22:25:37:             
2026-08-06T22:25:37:           </li>
2026-08-06T22:25:37:         
2026-08-06T22:25:37:           <li>
2026-08-06T22:25:37:             
2026-08-06T22:25:37:               <code>
2026-08-06T22:25:37:                 api/v1/test/
2026-08-06T22:25:37:                 
2026-08-06T22:25:37:               </code>
2026-08-06T22:25:37:             
2026-08-06T22:25:37:           </li>
2026-08-06T22:25:37:         
2026-08-06T22:25:37:           <li>
2026-08-06T22:25:37:             
2026-08-06T22:25:37:               <code>
2026-08-06T22:25:37:                 ^media/(?P&lt;path&gt;.*)$
2026-08-06T22:25:37:                 
2026-08-06T22:25:37:               </code>
2026-08-06T22:25:37:             
2026-08-06T22:25:37:           </li>
2026-08-06T22:25:37:         
2026-08-06T22:25:37:       </ol>
2026-08-06T22:25:37:       <p>
2026-08-06T22:25:37:         
2026-08-06T22:25:37:           The current path, <code>api/v1/testusers/me/</code>,
2026-08-06T22:25:37:         
2026-08-06T22:25:37:         didn’t match any of these.
2026-08-06T22:25:37:       </p>
2026-08-06T22:25:37:     
2026-08-06T22:25:37:   </main>
2026-08-06T22:25:37: 
2026-08-06T22:25:37:   <footer id="explanation">
2026-08-06T22:25:37:     <p>
2026-08-06T22:25:37:       You’re seeing this error because you have <code>DEBUG = True</code> in
2026-08-06T22:25:37:       your Django settings file. Change that to <code>False</code>, and Django
2026-08-06T22:25:37:       will display a standard 404 page.
2026-08-06T22:25:37:     </p>
2026-08-06T22:25:37:   </footer>
2026-08-06T22:25:37: </body>
2026-08-06T22:25:37: </html>
2026-08-06T22:25:37: 
2026-08-06T22:25:37: Current user API route called
2026-08-06T22:25:37: Auth header present: true
2026-08-06T22:25:37: Making request to backend: https://system.gecogames.com/api/v1/testusers/me/
2026-08-06T22:25:37: Backend response status: 404
2026-08-06T22:25:37: Backend response ok: false
2026-08-06T22:25:37: Backend error response: <!DOCTYPE html>
2026-08-06T22:25:37: <html lang="en">
2026-08-06T22:25:37: <head>
2026-08-06T22:25:37:   <meta http-equiv="content-type" content="text/html; charset=utf-8">
2026-08-06T22:25:37:   <title>Page not found at /api/v1/testusers/me/</title>
2026-08-06T22:25:37:   <meta name="robots" content="NONE,NOARCHIVE">
2026-08-06T22:25:37:   <style>
2026-08-06T22:25:37:     html * { padding:0; margin:0; }
2026-08-06T22:25:37:     body * { padding:10px 20px; }
2026-08-06T22:25:37:     body * * { padding:0; }
2026-08-06T22:25:37:     body { font-family: sans-serif; background:#eee; color:#000; }
2026-08-06T22:25:37:     body > :where(header, main, footer) { border-bottom:1px solid #ddd; }
2026-08-06T22:25:37:     h1 { font-weight:normal; margin-bottom:.4em; }
2026-08-06T22:25:37:     h1 small { font-size:60%; color:#666; font-weight:normal; }
2026-08-06T22:25:37:     table { border:none; border-collapse: collapse; width:100%; }
2026-08-06T22:25:37:     td, th { vertical-align:top; padding:2px 3px; }
2026-08-06T22:25:37:     th { width:12em; text-align:right; color:#666; padding-right:.5em; }
2026-08-06T22:25:37:     #info { background:#f6f6f6; }
2026-08-06T22:25:37:     #info ol { margin: 0.5em 4em; }
2026-08-06T22:25:37:     #info ol li { font-family: monospace; }
2026-08-06T22:25:37:     #summary { background: #ffc; }
2026-08-06T22:25:37:     #explanation { background:#eee; border-bottom: 0px none; }
2026-08-06T22:25:37:     pre.exception_value { font-family: sans-serif; color: #575757; font-size: 1.5em; margin: 10px 0 10px 0; }
2026-08-06T22:25:37:   </style>
2026-08-06T22:25:37: </head>
2026-08-06T22:25:37: <body>
2026-08-06T22:25:37:   <header id="summary">
2026-08-06T22:25:37:     <h1>Page not found <small>(404)</small></h1>
2026-08-06T22:25:37:     
2026-08-06T22:25:37:     <table class="meta">
2026-08-06T22:25:37:       <tr>
2026-08-06T22:25:37:         <th scope="row">Request Method:</th>
2026-08-06T22:25:37:         <td>GET</td>
2026-08-06T22:25:37:       </tr>
2026-08-06T22:25:37:       <tr>
2026-08-06T22:25:37:         <th scope="row">Request URL:</th>
2026-08-06T22:25:37:         <td>https://system.gecogames.com/api/v1/testusers/me/</td>
2026-08-06T22:25:37:       </tr>
2026-08-06T22:25:37:       
2026-08-06T22:25:37:     </table>
2026-08-06T22:25:37:   </header>
2026-08-06T22:25:37: 
2026-08-06T22:25:37:   <main id="info">
2026-08-06T22:25:37:     
2026-08-06T22:25:37:       <p>
2026-08-06T22:25:37:       Using the URLconf defined in <code>system.urls</code>,
2026-08-06T22:25:37:       Django tried these URL patterns, in this order:
2026-08-06T22:25:37:       </p>
2026-08-06T22:25:37:       <ol>
2026-08-06T22:25:37:         
2026-08-06T22:25:37:           <li>
2026-08-06T22:25:37:             
2026-08-06T22:25:37:               <code>
2026-08-06T22:25:37:                 admin/
2026-08-06T22:25:37:                 
2026-08-06T22:25:37:               </code>
2026-08-06T22:25:37:             
2026-08-06T22:25:37:           </li>
2026-08-06T22:25:37:         
2026-08-06T22:25:37:           <li>
2026-08-06T22:25:37:             
2026-08-06T22:25:37:               <code>
2026-08-06T22:25:37:                 api/v1/test/
2026-08-06T22:25:37:                 
2026-08-06T22:25:37:               </code>
2026-08-06T22:25:37:             
2026-08-06T22:25:37:           </li>
2026-08-06T22:25:37:         
2026-08-06T22:25:37:           <li>
2026-08-06T22:25:37:             
2026-08-06T22:25:37:               <code>
2026-08-06T22:25:37:                 ^media/(?P&lt;path&gt;.*)$
2026-08-06T22:25:37:                 
2026-08-06T22:25:37:               </code>
2026-08-06T22:25:37:             
2026-08-06T22:25:37:           </li>
2026-08-06T22:25:37:         
2026-08-06T22:25:37:       </ol>
2026-08-06T22:25:37:       <p>
2026-08-06T22:25:37:         
2026-08-06T22:25:37:           The current path, <code>api/v1/testusers/me/</code>,
2026-08-06T22:25:37:         
2026-08-06T22:25:37:         didn’t match any of these.
2026-08-06T22:25:37:       </p>
2026-08-06T22:25:37:     
2026-08-06T22:25:37:   </main>
2026-08-06T22:25:37: 
2026-08-06T22:25:37:   <footer id="explanation">
2026-08-06T22:25:37:     <p>
2026-08-06T22:25:37:       You’re seeing this error because you have <code>DEBUG = True</code> in
2026-08-06T22:25:37:       your Django settings file. Change that to <code>False</code>, and Django
2026-08-06T22:25:37:       will display a standard 404 page.
2026-08-06T22:25:37:     </p>
2026-08-06T22:25:37:   </footer>
2026-08-06T22:25:37: </body>
2026-08-06T22:25:37: </html>
2026-08-06T22:25:37: 
2026-08-06T22:25:37: Current user API route called
2026-08-06T22:25:37: Auth header present: true
2026-08-06T22:25:37: Making request to backend: https://system.gecogames.com/api/v1/testusers/me/
2026-08-06T22:25:37: Backend response status: 404
2026-08-06T22:25:37: Backend response ok: false
2026-08-06T22:25:37: Backend error response: <!DOCTYPE html>
2026-08-06T22:25:37: <html lang="en">
2026-08-06T22:25:37: <head>
2026-08-06T22:25:37:   <meta http-equiv="content-type" content="text/html; charset=utf-8">
2026-08-06T22:25:37:   <title>Page not found at /api/v1/testusers/me/</title>
2026-08-06T22:25:37:   <meta name="robots" content="NONE,NOARCHIVE">
2026-08-06T22:25:37:   <style>
2026-08-06T22:25:37:     html * { padding:0; margin:0; }
2026-08-06T22:25:37:     body * { padding:10px 20px; }
2026-08-06T22:25:37:     body * * { padding:0; }
2026-08-06T22:25:37:     body { font-family: sans-serif; background:#eee; color:#000; }
2026-08-06T22:25:37:     body > :where(header, main, footer) { border-bottom:1px solid #ddd; }
2026-08-06T22:25:37:     h1 { font-weight:normal; margin-bottom:.4em; }
2026-08-06T22:25:37:     h1 small { font-size:60%; color:#666; font-weight:normal; }
2026-08-06T22:25:37:     table { border:none; border-collapse: collapse; width:100%; }
2026-08-06T22:25:37:     td, th { vertical-align:top; padding:2px 3px; }
2026-08-06T22:25:37:     th { width:12em; text-align:right; color:#666; padding-right:.5em; }
2026-08-06T22:25:37:     #info { background:#f6f6f6; }
2026-08-06T22:25:37:     #info ol { margin: 0.5em 4em; }
2026-08-06T22:25:37:     #info ol li { font-family: monospace; }
2026-08-06T22:25:37:     #summary { background: #ffc; }
2026-08-06T22:25:37:     #explanation { background:#eee; border-bottom: 0px none; }
2026-08-06T22:25:37:     pre.exception_value { font-family: sans-serif; color: #575757; font-size: 1.5em; margin: 10px 0 10px 0; }
2026-08-06T22:25:37:   </style>
2026-08-06T22:25:37: </head>
2026-08-06T22:25:37: <body>
2026-08-06T22:25:37:   <header id="summary">
2026-08-06T22:25:37:     <h1>Page not found <small>(404)</small></h1>
2026-08-06T22:25:37:     
2026-08-06T22:25:37:     <table class="meta">
2026-08-06T22:25:37:       <tr>
2026-08-06T22:25:37:         <th scope="row">Request Method:</th>
2026-08-06T22:25:37:         <td>GET</td>
2026-08-06T22:25:37:       </tr>
2026-08-06T22:25:37:       <tr>
2026-08-06T22:25:37:         <th scope="row">Request URL:</th>
2026-08-06T22:25:37:         <td>https://system.gecogames.com/api/v1/testusers/me/</td>
2026-08-06T22:25:37:       </tr>
2026-08-06T22:25:37:       
2026-08-06T22:25:37:     </table>
2026-08-06T22:25:37:   </header>
2026-08-06T22:25:37: 
2026-08-06T22:25:37:   <main id="info">
2026-08-06T22:25:37:     
2026-08-06T22:25:37:       <p>
2026-08-06T22:25:37:       Using the URLconf defined in <code>system.urls</code>,
2026-08-06T22:25:37:       Django tried these URL patterns, in this order:
2026-08-06T22:25:37:       </p>
2026-08-06T22:25:37:       <ol>
2026-08-06T22:25:37:         
2026-08-06T22:25:37:           <li>
2026-08-06T22:25:37:             
2026-08-06T22:25:37:               <code>
2026-08-06T22:25:37:                 admin/
2026-08-06T22:25:37:                 
2026-08-06T22:25:37:               </code>
2026-08-06T22:25:37:             
2026-08-06T22:25:37:           </li>
2026-08-06T22:25:37:         
2026-08-06T22:25:37:           <li>
2026-08-06T22:25:37:             
2026-08-06T22:25:37:               <code>
2026-08-06T22:25:37:                 api/v1/test/
2026-08-06T22:25:37:                 
2026-08-06T22:25:37:               </code>
2026-08-06T22:25:37:             
2026-08-06T22:25:37:           </li>
2026-08-06T22:25:37:         
2026-08-06T22:25:37:           <li>
2026-08-06T22:25:37:             
2026-08-06T22:25:37:               <code>
2026-08-06T22:25:37:                 ^media/(?P&lt;path&gt;.*)$
2026-08-06T22:25:37:                 
2026-08-06T22:25:37:               </code>
2026-08-06T22:25:37:             
2026-08-06T22:25:37:           </li>
2026-08-06T22:25:37:         
2026-08-06T22:25:37:       </ol>
2026-08-06T22:25:37:       <p>
2026-08-06T22:25:37:         
2026-08-06T22:25:37:           The current path, <code>api/v1/testusers/me/</code>,
2026-08-06T22:25:37:         
2026-08-06T22:25:37:         didn’t match any of these.
2026-08-06T22:25:37:       </p>
2026-08-06T22:25:37:     
2026-08-06T22:25:37:   </main>
2026-08-06T22:25:37: 
2026-08-06T22:25:37:   <footer id="explanation">
2026-08-06T22:25:37:     <p>
2026-08-06T22:25:37:       You’re seeing this error because you have <code>DEBUG = True</code> in
2026-08-06T22:25:37:       your Django settings file. Change that to <code>False</code>, and Django
2026-08-06T22:25:37:       will display a standard 404 page.
2026-08-06T22:25:37:     </p>
2026-08-06T22:25:37:   </footer>
2026-08-06T22:25:37: </body>
2026-08-06T22:25:37: </html>
2026-08-06T22:25:37: 
2026-08-06T22:25:37: Current user API route called
2026-08-06T22:25:37: Auth header present: true
2026-08-06T22:25:37: Making request to backend: https://system.gecogames.com/api/v1/testusers/me/
2026-08-06T22:25:37: Backend response status: 404
2026-08-06T22:25:37: Backend response ok: false
2026-08-06T22:25:37: Backend error response: <!DOCTYPE html>
2026-08-06T22:25:37: <html lang="en">
2026-08-06T22:25:37: <head>
2026-08-06T22:25:37:   <meta http-equiv="content-type" content="text/html; charset=utf-8">
2026-08-06T22:25:37:   <title>Page not found at /api/v1/testusers/me/</title>
2026-08-06T22:25:37:   <meta name="robots" content="NONE,NOARCHIVE">
2026-08-06T22:25:37:   <style>
2026-08-06T22:25:37:     html * { padding:0; margin:0; }
2026-08-06T22:25:37:     body * { padding:10px 20px; }
2026-08-06T22:25:37:     body * * { padding:0; }
2026-08-06T22:25:37:     body { font-family: sans-serif; background:#eee; color:#000; }
2026-08-06T22:25:37:     body > :where(header, main, footer) { border-bottom:1px solid #ddd; }
2026-08-06T22:25:37:     h1 { font-weight:normal; margin-bottom:.4em; }
2026-08-06T22:25:37:     h1 small { font-size:60%; color:#666; font-weight:normal; }
2026-08-06T22:25:37:     table { border:none; border-collapse: collapse; width:100%; }
2026-08-06T22:25:37:     td, th { vertical-align:top; padding:2px 3px; }
2026-08-06T22:25:37:     th { width:12em; text-align:right; color:#666; padding-right:.5em; }
2026-08-06T22:25:37:     #info { background:#f6f6f6; }
2026-08-06T22:25:37:     #info ol { margin: 0.5em 4em; }
2026-08-06T22:25:37:     #info ol li { font-family: monospace; }
2026-08-06T22:25:37:     #summary { background: #ffc; }
2026-08-06T22:25:37:     #explanation { background:#eee; border-bottom: 0px none; }
2026-08-06T22:25:37:     pre.exception_value { font-family: sans-serif; color: #575757; font-size: 1.5em; margin: 10px 0 10px 0; }
2026-08-06T22:25:37:   </style>
2026-08-06T22:25:37: </head>
2026-08-06T22:25:37: <body>
2026-08-06T22:25:37:   <header id="summary">
2026-08-06T22:25:37:     <h1>Page not found <small>(404)</small></h1>
2026-08-06T22:25:37:     
2026-08-06T22:25:37:     <table class="meta">
2026-08-06T22:25:37:       <tr>
2026-08-06T22:25:37:         <th scope="row">Request Method:</th>
2026-08-06T22:25:37:         <td>GET</td>
2026-08-06T22:25:37:       </tr>
2026-08-06T22:25:37:       <tr>
2026-08-06T22:25:37:         <th scope="row">Request URL:</th>
2026-08-06T22:25:37:         <td>https://system.gecogames.com/api/v1/testusers/me/</td>
2026-08-06T22:25:37:       </tr>
2026-08-06T22:25:37:       
2026-08-06T22:25:37:     </table>
2026-08-06T22:25:37:   </header>
2026-08-06T22:25:37: 
2026-08-06T22:25:37:   <main id="info">
2026-08-06T22:25:37:     
2026-08-06T22:25:37:       <p>
2026-08-06T22:25:37:       Using the URLconf defined in <code>system.urls</code>,
2026-08-06T22:25:37:       Django tried these URL patterns, in this order:
2026-08-06T22:25:37:       </p>
2026-08-06T22:25:37:       <ol>
2026-08-06T22:25:37:         
2026-08-06T22:25:37:           <li>
2026-08-06T22:25:37:             
2026-08-06T22:25:37:               <code>
2026-08-06T22:25:37:                 admin/
2026-08-06T22:25:37:                 
2026-08-06T22:25:37:               </code>
2026-08-06T22:25:37:             
2026-08-06T22:25:37:           </li>
2026-08-06T22:25:37:         
2026-08-06T22:25:37:           <li>
2026-08-06T22:25:37:             
2026-08-06T22:25:37:               <code>
2026-08-06T22:25:37:                 api/v1/test/
2026-08-06T22:25:37:                 
2026-08-06T22:25:37:               </code>
2026-08-06T22:25:37:             
2026-08-06T22:25:37:           </li>
2026-08-06T22:25:37:         
2026-08-06T22:25:37:           <li>
2026-08-06T22:25:37:             
2026-08-06T22:25:37:               <code>
2026-08-06T22:25:37:                 ^media/(?P&lt;path&gt;.*)$
2026-08-06T22:25:37:                 
2026-08-06T22:25:37:               </code>
2026-08-06T22:25:37:             
2026-08-06T22:25:37:           </li>
2026-08-06T22:25:37:         
2026-08-06T22:25:37:       </ol>
2026-08-06T22:25:37:       <p>
2026-08-06T22:25:37:         
2026-08-06T22:25:37:           The current path, <code>api/v1/testusers/me/</code>,
2026-08-06T22:25:37:         
2026-08-06T22:25:37:         didn’t match any of these.
2026-08-06T22:25:37:       </p>
2026-08-06T22:25:37:     
2026-08-06T22:25:37:   </main>
2026-08-06T22:25:37: 
2026-08-06T22:25:37:   <footer id="explanation">
2026-08-06T22:25:37:     <p>
2026-08-06T22:25:37:       You’re seeing this error because you have <code>DEBUG = True</code> in
2026-08-06T22:25:37:       your Django settings file. Change that to <code>False</code>, and Django
2026-08-06T22:25:37:       will display a standard 404 page.
2026-08-06T22:25:37:     </p>
2026-08-06T22:25:37:   </footer>
2026-08-06T22:25:37: </body>
2026-08-06T22:25:37: </html>
2026-08-06T22:25:37: 
2026-08-06T22:25:37: Current user API route called
2026-08-06T22:25:37: Auth header present: true
2026-08-06T22:25:37: Making request to backend: https://system.gecogames.com/api/v1/testusers/me/
2026-08-06T22:25:37: Backend response status: 404
2026-08-06T22:25:37: Backend response ok: false
2026-08-06T22:25:37: Backend error response: <!DOCTYPE html>
2026-08-06T22:25:37: <html lang="en">
2026-08-06T22:25:37: <head>
2026-08-06T22:25:37:   <meta http-equiv="content-type" content="text/html; charset=utf-8">
2026-08-06T22:25:37:   <title>Page not found at /api/v1/testusers/me/</title>
2026-08-06T22:25:37:   <meta name="robots" content="NONE,NOARCHIVE">
2026-08-06T22:25:37:   <style>
2026-08-06T22:25:37:     html * { padding:0; margin:0; }
2026-08-06T22:25:37:     body * { padding:10px 20px; }
2026-08-06T22:25:37:     body * * { padding:0; }
2026-08-06T22:25:37:     body { font-family: sans-serif; background:#eee; color:#000; }
2026-08-06T22:25:37:     body > :where(header, main, footer) { border-bottom:1px solid #ddd; }
2026-08-06T22:25:37:     h1 { font-weight:normal; margin-bottom:.4em; }
2026-08-06T22:25:37:     h1 small { font-size:60%; color:#666; font-weight:normal; }
2026-08-06T22:25:37:     table { border:none; border-collapse: collapse; width:100%; }
2026-08-06T22:25:37:     td, th { vertical-align:top; padding:2px 3px; }
2026-08-06T22:25:37:     th { width:12em; text-align:right; color:#666; padding-right:.5em; }
2026-08-06T22:25:37:     #info { background:#f6f6f6; }
2026-08-06T22:25:37:     #info ol { margin: 0.5em 4em; }
2026-08-06T22:25:37:     #info ol li { font-family: monospace; }
2026-08-06T22:25:37:     #summary { background: #ffc; }
2026-08-06T22:25:37:     #explanation { background:#eee; border-bottom: 0px none; }
2026-08-06T22:25:37:     pre.exception_value { font-family: sans-serif; color: #575757; font-size: 1.5em; margin: 10px 0 10px 0; }
2026-08-06T22:25:37:   </style>
2026-08-06T22:25:37: </head>
2026-08-06T22:25:37: <body>
2026-08-06T22:25:37:   <header id="summary">
2026-08-06T22:25:37:     <h1>Page not found <small>(404)</small></h1>
2026-08-06T22:25:37:     
2026-08-06T22:25:37:     <table class="meta">
2026-08-06T22:25:37:       <tr>
2026-08-06T22:25:37:         <th scope="row">Request Method:</th>
2026-08-06T22:25:37:         <td>GET</td>
2026-08-06T22:25:37:       </tr>
2026-08-06T22:25:37:       <tr>
2026-08-06T22:25:37:         <th scope="row">Request URL:</th>
2026-08-06T22:25:37:         <td>https://system.gecogames.com/api/v1/testusers/me/</td>
2026-08-06T22:25:37:       </tr>
2026-08-06T22:25:37:       
2026-08-06T22:25:37:     </table>
2026-08-06T22:25:37:   </header>
2026-08-06T22:25:37: 
2026-08-06T22:25:37:   <main id="info">
2026-08-06T22:25:37:     
2026-08-06T22:25:37:       <p>
2026-08-06T22:25:37:       Using the URLconf defined in <code>system.urls</code>,
2026-08-06T22:25:37:       Django tried these URL patterns, in this order:
2026-08-06T22:25:37:       </p>
2026-08-06T22:25:37:       <ol>
2026-08-06T22:25:37:         
2026-08-06T22:25:37:           <li>
2026-08-06T22:25:37:             
2026-08-06T22:25:37:               <code>
2026-08-06T22:25:37:                 admin/
2026-08-06T22:25:37:                 
2026-08-06T22:25:37:               </code>
2026-08-06T22:25:37:             
2026-08-06T22:25:37:           </li>
2026-08-06T22:25:37:         
2026-08-06T22:25:37:           <li>
2026-08-06T22:25:37:             
2026-08-06T22:25:37:               <code>
2026-08-06T22:25:37:                 api/v1/test/
2026-08-06T22:25:37:                 
2026-08-06T22:25:37:               </code>
2026-08-06T22:25:37:             
2026-08-06T22:25:37:           </li>
2026-08-06T22:25:37:         
2026-08-06T22:25:37:           <li>
2026-08-06T22:25:37:             
2026-08-06T22:25:37:               <code>
2026-08-06T22:25:37:                 ^media/(?P&lt;path&gt;.*)$
2026-08-06T22:25:37:                 
2026-08-06T22:25:37:               </code>
2026-08-06T22:25:37:             
2026-08-06T22:25:37:           </li>
2026-08-06T22:25:37:         
2026-08-06T22:25:37:       </ol>
2026-08-06T22:25:37:       <p>
2026-08-06T22:25:37:         
2026-08-06T22:25:37:           The current path, <code>api/v1/testusers/me/</code>,
2026-08-06T22:25:37:         
2026-08-06T22:25:37:         didn’t match any of these.
2026-08-06T22:25:37:       </p>
2026-08-06T22:25:37:     
2026-08-06T22:25:37:   </main>
2026-08-06T22:25:37: 
2026-08-06T22:25:37:   <footer id="explanation">
2026-08-06T22:25:37:     <p>
2026-08-06T22:25:37:       You’re seeing this error because you have <code>DEBUG = True</code> in
2026-08-06T22:25:37:       your Django settings file. Change that to <code>False</code>, and Django
2026-08-06T22:25:37:       will display a standard 404 page.
2026-08-06T22:25:37:     </p>
2026-08-06T22:25:37:   </footer>
2026-08-06T22:25:37: </body>
2026-08-06T22:25:37: </html>
2026-08-06T22:25:37: 
2026-08-06T22:25:37: Current user API route called
2026-08-06T22:25:37: Auth header present: true
2026-08-06T22:25:37: Making request to backend: https://system.gecogames.com/api/v1/testusers/me/
2026-08-06T22:25:38: Backend response status: 404
2026-08-06T22:25:38: Backend response ok: false
2026-08-06T22:25:38: Backend error response: <!DOCTYPE html>
2026-08-06T22:25:38: <html lang="en">
2026-08-06T22:25:38: <head>
2026-08-06T22:25:38:   <meta http-equiv="content-type" content="text/html; charset=utf-8">
2026-08-06T22:25:38:   <title>Page not found at /api/v1/testusers/me/</title>
2026-08-06T22:25:38:   <meta name="robots" content="NONE,NOARCHIVE">
2026-08-06T22:25:38:   <style>
2026-08-06T22:25:38:     html * { padding:0; margin:0; }
2026-08-06T22:25:38:     body * { padding:10px 20px; }
2026-08-06T22:25:38:     body * * { padding:0; }
2026-08-06T22:25:38:     body { font-family: sans-serif; background:#eee; color:#000; }
2026-08-06T22:25:38:     body > :where(header, main, footer) { border-bottom:1px solid #ddd; }
2026-08-06T22:25:38:     h1 { font-weight:normal; margin-bottom:.4em; }
2026-08-06T22:25:38:     h1 small { font-size:60%; color:#666; font-weight:normal; }
2026-08-06T22:25:38:     table { border:none; border-collapse: collapse; width:100%; }
2026-08-06T22:25:38:     td, th { vertical-align:top; padding:2px 3px; }
2026-08-06T22:25:38:     th { width:12em; text-align:right; color:#666; padding-right:.5em; }
2026-08-06T22:25:38:     #info { background:#f6f6f6; }
2026-08-06T22:25:38:     #info ol { margin: 0.5em 4em; }
2026-08-06T22:25:38:     #info ol li { font-family: monospace; }
2026-08-06T22:25:38:     #summary { background: #ffc; }
2026-08-06T22:25:38:     #explanation { background:#eee; border-bottom: 0px none; }
2026-08-06T22:25:38:     pre.exception_value { font-family: sans-serif; color: #575757; font-size: 1.5em; margin: 10px 0 10px 0; }
2026-08-06T22:25:38:   </style>
2026-08-06T22:25:38: </head>
2026-08-06T22:25:38: <body>
2026-08-06T22:25:38:   <header id="summary">
2026-08-06T22:25:38:     <h1>Page not found <small>(404)</small></h1>
2026-08-06T22:25:38:     
2026-08-06T22:25:38:     <table class="meta">
2026-08-06T22:25:38:       <tr>
2026-08-06T22:25:38:         <th scope="row">Request Method:</th>
2026-08-06T22:25:38:         <td>GET</td>
2026-08-06T22:25:38:       </tr>
2026-08-06T22:25:38:       <tr>
2026-08-06T22:25:38:         <th scope="row">Request URL:</th>
2026-08-06T22:25:38:         <td>https://system.gecogames.com/api/v1/testusers/me/</td>
2026-08-06T22:25:38:       </tr>
2026-08-06T22:25:38:       
2026-08-06T22:25:38:     </table>
2026-08-06T22:25:38:   </header>
2026-08-06T22:25:38: 
2026-08-06T22:25:38:   <main id="info">
2026-08-06T22:25:38:     
2026-08-06T22:25:38:       <p>
2026-08-06T22:25:38:       Using the URLconf defined in <code>system.urls</code>,
2026-08-06T22:25:38:       Django tried these URL patterns, in this order:
2026-08-06T22:25:38:       </p>
2026-08-06T22:25:38:       <ol>
2026-08-06T22:25:38:         
2026-08-06T22:25:38:           <li>
2026-08-06T22:25:38:             
2026-08-06T22:25:38:               <code>
2026-08-06T22:25:38:                 admin/
2026-08-06T22:25:38:                 
2026-08-06T22:25:38:               </code>
2026-08-06T22:25:38:             
2026-08-06T22:25:38:           </li>
2026-08-06T22:25:38:         
2026-08-06T22:25:38:           <li>
2026-08-06T22:25:38:             
2026-08-06T22:25:38:               <code>
2026-08-06T22:25:38:                 api/v1/test/
2026-08-06T22:25:38:                 
2026-08-06T22:25:38:               </code>
2026-08-06T22:25:38:             
2026-08-06T22:25:38:           </li>
2026-08-06T22:25:38:         
2026-08-06T22:25:38:           <li>
2026-08-06T22:25:38:             
2026-08-06T22:25:38:               <code>
2026-08-06T22:25:38:                 ^media/(?P&lt;path&gt;.*)$
2026-08-06T22:25:38:                 
2026-08-06T22:25:38:               </code>
2026-08-06T22:25:38:             
2026-08-06T22:25:38:           </li>
2026-08-06T22:25:38:         
2026-08-06T22:25:38:       </ol>
2026-08-06T22:25:38:       <p>
2026-08-06T22:25:38:         
2026-08-06T22:25:38:           The current path, <code>api/v1/testusers/me/</code>,
2026-08-06T22:25:38:         
2026-08-06T22:25:38:         didn’t match any of these.
2026-08-06T22:25:38:       </p>
2026-08-06T22:25:38:     
2026-08-06T22:25:38:   </main>
2026-08-06T22:25:38: 
2026-08-06T22:25:38:   <footer id="explanation">
2026-08-06T22:25:38:     <p>
2026-08-06T22:25:38:       You’re seeing this error because you have <code>DEBUG = True</code> in
2026-08-06T22:25:38:       your Django settings file. Change that to <code>False</code>, and Django
2026-08-06T22:25:38:       will display a standard 404 page.
2026-08-06T22:25:38:     </p>
2026-08-06T22:25:38:   </footer>
2026-08-06T22:25:38: </body>
2026-08-06T22:25:38: </html>
2026-08-06T22:25:38: 
2026-08-06T22:25:38: Current user API route called
2026-08-06T22:25:38: Auth header present: true
2026-08-06T22:25:38: Making request to backend: https://system.gecogames.com/api/v1/testusers/me/
2026-08-06T22:25:38: Backend response status: 404
2026-08-06T22:25:38: Backend response ok: false
2026-08-06T22:25:38: Backend error response: <!DOCTYPE html>
2026-08-06T22:25:38: <html lang="en">
2026-08-06T22:25:38: <head>
2026-08-06T22:25:38:   <meta http-equiv="content-type" content="text/html; charset=utf-8">
2026-08-06T22:25:38:   <title>Page not found at /api/v1/testusers/me/</title>
2026-08-06T22:25:38:   <meta name="robots" content="NONE,NOARCHIVE">
2026-08-06T22:25:38:   <style>
2026-08-06T22:25:38:     html * { padding:0; margin:0; }
2026-08-06T22:25:38:     body * { padding:10px 20px; }
2026-08-06T22:25:38:     body * * { padding:0; }
2026-08-06T22:25:38:     body { font-family: sans-serif; background:#eee; color:#000; }
2026-08-06T22:25:38:     body > :where(header, main, footer) { border-bottom:1px solid #ddd; }
2026-08-06T22:25:38:     h1 { font-weight:normal; margin-bottom:.4em; }
2026-08-06T22:25:38:     h1 small { font-size:60%; color:#666; font-weight:normal; }
2026-08-06T22:25:38:     table { border:none; border-collapse: collapse; width:100%; }
2026-08-06T22:25:38:     td, th { vertical-align:top; padding:2px 3px; }
2026-08-06T22:25:38:     th { width:12em; text-align:right; color:#666; padding-right:.5em; }
2026-08-06T22:25:38:     #info { background:#f6f6f6; }
2026-08-06T22:25:38:     #info ol { margin: 0.5em 4em; }
2026-08-06T22:25:38:     #info ol li { font-family: monospace; }
2026-08-06T22:25:38:     #summary { background: #ffc; }
2026-08-06T22:25:38:     #explanation { background:#eee; border-bottom: 0px none; }
2026-08-06T22:25:38:     pre.exception_value { font-family: sans-serif; color: #575757; font-size: 1.5em; margin: 10px 0 10px 0; }
2026-08-06T22:25:38:   </style>
2026-08-06T22:25:38: </head>
2026-08-06T22:25:38: <body>
2026-08-06T22:25:38:   <header id="summary">
2026-08-06T22:25:38:     <h1>Page not found <small>(404)</small></h1>
2026-08-06T22:25:38:     
2026-08-06T22:25:38:     <table class="meta">
2026-08-06T22:25:38:       <tr>
2026-08-06T22:25:38:         <th scope="row">Request Method:</th>
2026-08-06T22:25:38:         <td>GET</td>
2026-08-06T22:25:38:       </tr>
2026-08-06T22:25:38:       <tr>
2026-08-06T22:25:38:         <th scope="row">Request URL:</th>
2026-08-06T22:25:38:         <td>https://system.gecogames.com/api/v1/testusers/me/</td>
2026-08-06T22:25:38:       </tr>
2026-08-06T22:25:38:       
2026-08-06T22:25:38:     </table>
2026-08-06T22:25:38:   </header>
2026-08-06T22:25:38: 
2026-08-06T22:25:38:   <main id="info">
2026-08-06T22:25:38:     
2026-08-06T22:25:38:       <p>
2026-08-06T22:25:38:       Using the URLconf defined in <code>system.urls</code>,
2026-08-06T22:25:38:       Django tried these URL patterns, in this order:
2026-08-06T22:25:38:       </p>
2026-08-06T22:25:38:       <ol>
2026-08-06T22:25:38:         
2026-08-06T22:25:38:           <li>
2026-08-06T22:25:38:             
2026-08-06T22:25:38:               <code>
2026-08-06T22:25:38:                 admin/
2026-08-06T22:25:38:                 
2026-08-06T22:25:38:               </code>
2026-08-06T22:25:38:             
2026-08-06T22:25:38:           </li>
2026-08-06T22:25:38:         
2026-08-06T22:25:38:           <li>
2026-08-06T22:25:38:             
2026-08-06T22:25:38:               <code>
2026-08-06T22:25:38:                 api/v1/test/
2026-08-06T22:25:38:                 
2026-08-06T22:25:38:               </code>
2026-08-06T22:25:38:             
2026-08-06T22:25:38:           </li>
2026-08-06T22:25:38:         
2026-08-06T22:25:38:           <li>
2026-08-06T22:25:38:             
2026-08-06T22:25:38:               <code>
2026-08-06T22:25:38:                 ^media/(?P&lt;path&gt;.*)$
2026-08-06T22:25:38:                 
2026-08-06T22:25:38:               </code>
2026-08-06T22:25:38:             
2026-08-06T22:25:38:           </li>
2026-08-06T22:25:38:         
2026-08-06T22:25:38:       </ol>
2026-08-06T22:25:38:       <p>
2026-08-06T22:25:38:         
2026-08-06T22:25:38:           The current path, <code>api/v1/testusers/me/</code>,
2026-08-06T22:25:38:         
2026-08-06T22:25:38:         didn’t match any of these.
2026-08-06T22:25:38:       </p>
2026-08-06T22:25:38:     
2026-08-06T22:25:38:   </main>
2026-08-06T22:25:38: 
2026-08-06T22:25:38:   <footer id="explanation">
2026-08-06T22:25:38:     <p>
2026-08-06T22:25:38:       You’re seeing this error because you have <code>DEBUG = True</code> in
2026-08-06T22:25:38:       your Django settings file. Change that to <code>False</code>, and Django
2026-08-06T22:25:38:       will display a standard 404 page.
2026-08-06T22:25:38:     </p>
2026-08-06T22:25:38:   </footer>
2026-08-06T22:25:38: </body>
2026-08-06T22:25:38: </html>
2026-08-06T22:25:38: 
2026-08-06T22:25:38: Current user API route called
2026-08-06T22:25:38: Auth header present: true
2026-08-06T22:25:38: Making request to backend: https://system.gecogames.com/api/v1/testusers/me/
2026-08-06T22:25:38: Backend response status: 404
2026-08-06T22:25:38: Backend response ok: false
2026-08-06T22:25:38: Backend error response: <!DOCTYPE html>
2026-08-06T22:25:38: <html lang="en">
2026-08-06T22:25:38: <head>
2026-08-06T22:25:38:   <meta http-equiv="content-type" content="text/html; charset=utf-8">
2026-08-06T22:25:38:   <title>Page not found at /api/v1/testusers/me/</title>
2026-08-06T22:25:38:   <meta name="robots" content="NONE,NOARCHIVE">
2026-08-06T22:25:38:   <style>
2026-08-06T22:25:38:     html * { padding:0; margin:0; }
2026-08-06T22:25:38:     body * { padding:10px 20px; }
2026-08-06T22:25:38:     body * * { padding:0; }
2026-08-06T22:25:38:     body { font-family: sans-serif; background:#eee; color:#000; }
2026-08-06T22:25:38:     body > :where(header, main, footer) { border-bottom:1px solid #ddd; }
2026-08-06T22:25:38:     h1 { font-weight:normal; margin-bottom:.4em; }
2026-08-06T22:25:38:     h1 small { font-size:60%; color:#666; font-weight:normal; }
2026-08-06T22:25:38:     table { border:none; border-collapse: collapse; width:100%; }
2026-08-06T22:25:38:     td, th { vertical-align:top; padding:2px 3px; }
2026-08-06T22:25:38:     th { width:12em; text-align:right; color:#666; padding-right:.5em; }
2026-08-06T22:25:38:     #info { background:#f6f6f6; }
2026-08-06T22:25:38:     #info ol { margin: 0.5em 4em; }
2026-08-06T22:25:38:     #info ol li { font-family: monospace; }
2026-08-06T22:25:38:     #summary { background: #ffc; }
2026-08-06T22:25:38:     #explanation { background:#eee; border-bottom: 0px none; }
2026-08-06T22:25:38:     pre.exception_value { font-family: sans-serif; color: #575757; font-size: 1.5em; margin: 10px 0 10px 0; }
2026-08-06T22:25:38:   </style>
2026-08-06T22:25:38: </head>
2026-08-06T22:25:38: <body>
2026-08-06T22:25:38:   <header id="summary">
2026-08-06T22:25:38:     <h1>Page not found <small>(404)</small></h1>
2026-08-06T22:25:38:     
2026-08-06T22:25:38:     <table class="meta">
2026-08-06T22:25:38:       <tr>
2026-08-06T22:25:38:         <th scope="row">Request Method:</th>
2026-08-06T22:25:38:         <td>GET</td>
2026-08-06T22:25:38:       </tr>
2026-08-06T22:25:38:       <tr>
2026-08-06T22:25:38:         <th scope="row">Request URL:</th>
2026-08-06T22:25:38:         <td>https://system.gecogames.com/api/v1/testusers/me/</td>
2026-08-06T22:25:38:       </tr>
2026-08-06T22:25:38:       
2026-08-06T22:25:38:     </table>
2026-08-06T22:25:38:   </header>
2026-08-06T22:25:38: 
2026-08-06T22:25:38:   <main id="info">
2026-08-06T22:25:38:     
2026-08-06T22:25:38:       <p>
2026-08-06T22:25:38:       Using the URLconf defined in <code>system.urls</code>,
2026-08-06T22:25:38:       Django tried these URL patterns, in this order:
2026-08-06T22:25:38:       </p>
2026-08-06T22:25:38:       <ol>
2026-08-06T22:25:38:         
2026-08-06T22:25:38:           <li>
2026-08-06T22:25:38:             
2026-08-06T22:25:38:               <code>
2026-08-06T22:25:38:                 admin/
2026-08-06T22:25:38:                 
2026-08-06T22:25:38:               </code>
2026-08-06T22:25:38:             
2026-08-06T22:25:38:           </li>
2026-08-06T22:25:38:         
2026-08-06T22:25:38:           <li>
2026-08-06T22:25:38:             
2026-08-06T22:25:38:               <code>
2026-08-06T22:25:38:                 api/v1/test/
2026-08-06T22:25:38:                 
2026-08-06T22:25:38:               </code>
2026-08-06T22:25:38:             
2026-08-06T22:25:38:           </li>
2026-08-06T22:25:38:         
2026-08-06T22:25:38:           <li>
2026-08-06T22:25:38:             
2026-08-06T22:25:38:               <code>
2026-08-06T22:25:38:                 ^media/(?P&lt;path&gt;.*)$
2026-08-06T22:25:38:                 
2026-08-06T22:25:38:               </code>
2026-08-06T22:25:38:             
2026-08-06T22:25:38:           </li>
2026-08-06T22:25:38:         
2026-08-06T22:25:38:       </ol>
2026-08-06T22:25:38:       <p>
2026-08-06T22:25:38:         
2026-08-06T22:25:38:           The current path, <code>api/v1/testusers/me/</code>,
2026-08-06T22:25:38:         
2026-08-06T22:25:38:         didn’t match any of these.
2026-08-06T22:25:38:       </p>
2026-08-06T22:25:38:     
2026-08-06T22:25:38:   </main>
2026-08-06T22:25:38: 
2026-08-06T22:25:38:   <footer id="explanation">
2026-08-06T22:25:38:     <p>
2026-08-06T22:25:38:       You’re seeing this error because you have <code>DEBUG = True</code> in
2026-08-06T22:25:38:       your Django settings file. Change that to <code>False</code>, and Django
2026-08-06T22:25:38:       will display a standard 404 page.
2026-08-06T22:25:38:     </p>
2026-08-06T22:25:38:   </footer>
2026-08-06T22:25:38: </body>
2026-08-06T22:25:38: </html>
2026-08-06T22:25:38: 
2026-08-06T22:25:38: Current user API route called
2026-08-06T22:25:38: Auth header present: true
2026-08-06T22:25:38: Making request to backend: https://system.gecogames.com/api/v1/testusers/me/
2026-08-06T22:25:38: Backend response status: 404
2026-08-06T22:25:38: Backend response ok: false
2026-08-06T22:25:38: Backend error response: <!DOCTYPE html>
2026-08-06T22:25:38: <html lang="en">
2026-08-06T22:25:38: <head>
2026-08-06T22:25:38:   <meta http-equiv="content-type" content="text/html; charset=utf-8">
2026-08-06T22:25:38:   <title>Page not found at /api/v1/testusers/me/</title>
2026-08-06T22:25:38:   <meta name="robots" content="NONE,NOARCHIVE">
2026-08-06T22:25:38:   <style>
2026-08-06T22:25:38:     html * { padding:0; margin:0; }
2026-08-06T22:25:38:     body * { padding:10px 20px; }
2026-08-06T22:25:38:     body * * { padding:0; }
2026-08-06T22:25:38:     body { font-family: sans-serif; background:#eee; color:#000; }
2026-08-06T22:25:38:     body > :where(header, main, footer) { border-bottom:1px solid #ddd; }
2026-08-06T22:25:38:     h1 { font-weight:normal; margin-bottom:.4em; }
2026-08-06T22:25:38:     h1 small { font-size:60%; color:#666; font-weight:normal; }
2026-08-06T22:25:38:     table { border:none; border-collapse: collapse; width:100%; }
2026-08-06T22:25:38:     td, th { vertical-align:top; padding:2px 3px; }
2026-08-06T22:25:38:     th { width:12em; text-align:right; color:#666; padding-right:.5em; }
2026-08-06T22:25:38:     #info { background:#f6f6f6; }
2026-08-06T22:25:38:     #info ol { margin: 0.5em 4em; }
2026-08-06T22:25:38:     #info ol li { font-family: monospace; }
2026-08-06T22:25:38:     #summary { background: #ffc; }
2026-08-06T22:25:38:     #explanation { background:#eee; border-bottom: 0px none; }
2026-08-06T22:25:38:     pre.exception_value { font-family: sans-serif; color: #575757; font-size: 1.5em; margin: 10px 0 10px 0; }
2026-08-06T22:25:38:   </style>
2026-08-06T22:25:38: </head>
2026-08-06T22:25:38: <body>
2026-08-06T22:25:38:   <header id="summary">
2026-08-06T22:25:38:     <h1>Page not found <small>(404)</small></h1>
2026-08-06T22:25:38:     
2026-08-06T22:25:38:     <table class="meta">
2026-08-06T22:25:38:       <tr>
2026-08-06T22:25:38:         <th scope="row">Request Method:</th>
2026-08-06T22:25:38:         <td>GET</td>
2026-08-06T22:25:38:       </tr>
2026-08-06T22:25:38:       <tr>
2026-08-06T22:25:38:         <th scope="row">Request URL:</th>
2026-08-06T22:25:38:         <td>https://system.gecogames.com/api/v1/testusers/me/</td>
2026-08-06T22:25:38:       </tr>
2026-08-06T22:25:38:       
2026-08-06T22:25:38:     </table>
2026-08-06T22:25:38:   </header>
2026-08-06T22:25:38: 
2026-08-06T22:25:38:   <main id="info">
2026-08-06T22:25:38:     
2026-08-06T22:25:38:       <p>
2026-08-06T22:25:38:       Using the URLconf defined in <code>system.urls</code>,
2026-08-06T22:25:38:       Django tried these URL patterns, in this order:
2026-08-06T22:25:38:       </p>
2026-08-06T22:25:38:       <ol>
2026-08-06T22:25:38:         
2026-08-06T22:25:38:           <li>
2026-08-06T22:25:38:             
2026-08-06T22:25:38:               <code>
2026-08-06T22:25:38:                 admin/
2026-08-06T22:25:38:                 
2026-08-06T22:25:38:               </code>
2026-08-06T22:25:38:             
2026-08-06T22:25:38:           </li>
2026-08-06T22:25:38:         
2026-08-06T22:25:38:           <li>
2026-08-06T22:25:38:             
2026-08-06T22:25:38:               <code>
2026-08-06T22:25:38:                 api/v1/test/
2026-08-06T22:25:38:                 
2026-08-06T22:25:38:               </code>
2026-08-06T22:25:38:             
2026-08-06T22:25:38:           </li>
2026-08-06T22:25:38:         
2026-08-06T22:25:38:           <li>
2026-08-06T22:25:38:             
2026-08-06T22:25:38:               <code>
2026-08-06T22:25:38:                 ^media/(?P&lt;path&gt;.*)$
2026-08-06T22:25:38:                 
2026-08-06T22:25:38:               </code>
2026-08-06T22:25:38:             
2026-08-06T22:25:38:           </li>
2026-08-06T22:25:38:         
2026-08-06T22:25:38:       </ol>
2026-08-06T22:25:38:       <p>
2026-08-06T22:25:38:         
2026-08-06T22:25:38:           The current path, <code>api/v1/testusers/me/</code>,
2026-08-06T22:25:38:         
2026-08-06T22:25:38:         didn’t match any of these.
2026-08-06T22:25:38:       </p>
2026-08-06T22:25:38:     
2026-08-06T22:25:38:   </main>
2026-08-06T22:25:38: 
2026-08-06T22:25:38:   <footer id="explanation">
2026-08-06T22:25:38:     <p>
2026-08-06T22:25:38:       You’re seeing this error because you have <code>DEBUG = True</code> in
2026-08-06T22:25:38:       your Django settings file. Change that to <code>False</code>, and Django
2026-08-06T22:25:38:       will display a standard 404 page.
2026-08-06T22:25:38:     </p>
2026-08-06T22:25:38:   </footer>
2026-08-06T22:25:38: </body>
2026-08-06T22:25:38: </html>
2026-08-06T22:25:38: 
2026-08-06T22:25:38: Current user API route called
2026-08-06T22:25:38: Auth header present: true
2026-08-06T22:25:38: Making request to backend: https://system.gecogames.com/api/v1/testusers/me/
2026-08-06T22:25:38: Backend response status: 404
2026-08-06T22:25:38: Backend response ok: false
2026-08-06T22:25:38: Backend error response: <!DOCTYPE html>
2026-08-06T22:25:38: <html lang="en">
2026-08-06T22:25:38: <head>
2026-08-06T22:25:38:   <meta http-equiv="content-type" content="text/html; charset=utf-8">
2026-08-06T22:25:38:   <title>Page not found at /api/v1/testusers/me/</title>
2026-08-06T22:25:38:   <meta name="robots" content="NONE,NOARCHIVE">
2026-08-06T22:25:38:   <style>
2026-08-06T22:25:38:     html * { padding:0; margin:0; }
2026-08-06T22:25:38:     body * { padding:10px 20px; }
2026-08-06T22:25:38:     body * * { padding:0; }
2026-08-06T22:25:38:     body { font-family: sans-serif; background:#eee; color:#000; }
2026-08-06T22:25:38:     body > :where(header, main, footer) { border-bottom:1px solid #ddd; }
2026-08-06T22:25:38:     h1 { font-weight:normal; margin-bottom:.4em; }
2026-08-06T22:25:38:     h1 small { font-size:60%; color:#666; font-weight:normal; }
2026-08-06T22:25:38:     table { border:none; border-collapse: collapse; width:100%; }
2026-08-06T22:25:38:     td, th { vertical-align:top; padding:2px 3px; }
2026-08-06T22:25:38:     th { width:12em; text-align:right; color:#666; padding-right:.5em; }
2026-08-06T22:25:38:     #info { background:#f6f6f6; }
2026-08-06T22:25:38:     #info ol { margin: 0.5em 4em; }
2026-08-06T22:25:38:     #info ol li { font-family: monospace; }
2026-08-06T22:25:38:     #summary { background: #ffc; }
2026-08-06T22:25:38:     #explanation { background:#eee; border-bottom: 0px none; }
2026-08-06T22:25:38:     pre.exception_value { font-family: sans-serif; color: #575757; font-size: 1.5em; margin: 10px 0 10px 0; }
2026-08-06T22:25:38:   </style>
2026-08-06T22:25:38: </head>
2026-08-06T22:25:38: <body>
2026-08-06T22:25:38:   <header id="summary">
2026-08-06T22:25:38:     <h1>Page not found <small>(404)</small></h1>
2026-08-06T22:25:38:     
2026-08-06T22:25:38:     <table class="meta">
2026-08-06T22:25:38:       <tr>
2026-08-06T22:25:38:         <th scope="row">Request Method:</th>
2026-08-06T22:25:38:         <td>GET</td>
2026-08-06T22:25:38:       </tr>
2026-08-06T22:25:38:       <tr>
2026-08-06T22:25:38:         <th scope="row">Request URL:</th>
2026-08-06T22:25:38:         <td>https://system.gecogames.com/api/v1/testusers/me/</td>
2026-08-06T22:25:38:       </tr>
2026-08-06T22:25:38:       
2026-08-06T22:25:38:     </table>
2026-08-06T22:25:38:   </header>
2026-08-06T22:25:38: 
2026-08-06T22:25:38:   <main id="info">
2026-08-06T22:25:38:     
2026-08-06T22:25:38:       <p>
2026-08-06T22:25:38:       Using the URLconf defined in <code>system.urls</code>,
2026-08-06T22:25:38:       Django tried these URL patterns, in this order:
2026-08-06T22:25:38:       </p>
2026-08-06T22:25:38:       <ol>
2026-08-06T22:25:38:         
2026-08-06T22:25:38:           <li>
2026-08-06T22:25:38:             
2026-08-06T22:25:38:               <code>
2026-08-06T22:25:38:                 admin/
2026-08-06T22:25:38:                 
2026-08-06T22:25:38:               </code>
2026-08-06T22:25:38:             
2026-08-06T22:25:38:           </li>
2026-08-06T22:25:38:         
2026-08-06T22:25:38:           <li>
2026-08-06T22:25:38:             
2026-08-06T22:25:38:               <code>
2026-08-06T22:25:38:                 api/v1/test/
2026-08-06T22:25:38:                 
2026-08-06T22:25:38:               </code>
2026-08-06T22:25:38:             
2026-08-06T22:25:38:           </li>
2026-08-06T22:25:38:         
2026-08-06T22:25:38:           <li>
2026-08-06T22:25:38:             
2026-08-06T22:25:38:               <code>
2026-08-06T22:25:38:                 ^media/(?P&lt;path&gt;.*)$
2026-08-06T22:25:38:                 
2026-08-06T22:25:38:               </code>
2026-08-06T22:25:38:             
2026-08-06T22:25:38:           </li>
2026-08-06T22:25:38:         
2026-08-06T22:25:38:       </ol>
2026-08-06T22:25:38:       <p>
2026-08-06T22:25:38:         
2026-08-06T22:25:38:           The current path, <code>api/v1/testusers/me/</code>,
2026-08-06T22:25:38:         
2026-08-06T22:25:38:         didn’t match any of these.
2026-08-06T22:25:38:       </p>
2026-08-06T22:25:38:     
2026-08-06T22:25:38:   </main>
2026-08-06T22:25:38: 
2026-08-06T22:25:38:   <footer id="explanation">
2026-08-06T22:25:38:     <p>
2026-08-06T22:25:38:       You’re seeing this error because you have <code>DEBUG = True</code> in
2026-08-06T22:25:38:       your Django settings file. Change that to <code>False</code>, and Django
2026-08-06T22:25:38:       will display a standard 404 page.
2026-08-06T22:25:38:     </p>
2026-08-06T22:25:38:   </footer>
2026-08-06T22:25:38: </body>
2026-08-06T22:25:38: </html>
2026-08-06T22:25:38: 
2026-08-06T22:25:38: Current user API route called
2026-08-06T22:25:38: Auth header present: true
2026-08-06T22:25:38: Making request to backend: https://system.gecogames.com/api/v1/testusers/me/
2026-08-06T22:25:38: Backend response status: 404
2026-08-06T22:25:38: Backend response ok: false
2026-08-06T22:25:38: Backend error response: <!DOCTYPE html>
2026-08-06T22:25:38: <html lang="en">
2026-08-06T22:25:38: <head>
2026-08-06T22:25:38:   <meta http-equiv="content-type" content="text/html; charset=utf-8">
2026-08-06T22:25:38:   <title>Page not found at /api/v1/testusers/me/</title>
2026-08-06T22:25:38:   <meta name="robots" content="NONE,NOARCHIVE">
2026-08-06T22:25:38:   <style>
2026-08-06T22:25:38:     html * { padding:0; margin:0; }
2026-08-06T22:25:38:     body * { padding:10px 20px; }
2026-08-06T22:25:38:     body * * { padding:0; }
2026-08-06T22:25:38:     body { font-family: sans-serif; background:#eee; color:#000; }
2026-08-06T22:25:38:     body > :where(header, main, footer) { border-bottom:1px solid #ddd; }
2026-08-06T22:25:38:     h1 { font-weight:normal; margin-bottom:.4em; }
2026-08-06T22:25:38:     h1 small { font-size:60%; color:#666; font-weight:normal; }
2026-08-06T22:25:38:     table { border:none; border-collapse: collapse; width:100%; }
2026-08-06T22:25:38:     td, th { vertical-align:top; padding:2px 3px; }
2026-08-06T22:25:38:     th { width:12em; text-align:right; color:#666; padding-right:.5em; }
2026-08-06T22:25:38:     #info { background:#f6f6f6; }
2026-08-06T22:25:38:     #info ol { margin: 0.5em 4em; }
2026-08-06T22:25:38:     #info ol li { font-family: monospace; }
2026-08-06T22:25:38:     #summary { background: #ffc; }
2026-08-06T22:25:38:     #explanation { background:#eee; border-bottom: 0px none; }
2026-08-06T22:25:38:     pre.exception_value { font-family: sans-serif; color: #575757; font-size: 1.5em; margin: 10px 0 10px 0; }
2026-08-06T22:25:38:   </style>
2026-08-06T22:25:38: </head>
2026-08-06T22:25:38: <body>
2026-08-06T22:25:38:   <header id="summary">
2026-08-06T22:25:38:     <h1>Page not found <small>(404)</small></h1>
2026-08-06T22:25:38:     
2026-08-06T22:25:38:     <table class="meta">
2026-08-06T22:25:38:       <tr>
2026-08-06T22:25:38:         <th scope="row">Request Method:</th>
2026-08-06T22:25:38:         <td>GET</td>
2026-08-06T22:25:38:       </tr>
2026-08-06T22:25:38:       <tr>
2026-08-06T22:25:38:         <th scope="row">Request URL:</th>
2026-08-06T22:25:38:         <td>https://system.gecogames.com/api/v1/testusers/me/</td>
2026-08-06T22:25:38:       </tr>
2026-08-06T22:25:38:       
2026-08-06T22:25:38:     </table>
2026-08-06T22:25:38:   </header>
2026-08-06T22:25:38: 
2026-08-06T22:25:38:   <main id="info">
2026-08-06T22:25:38:     
2026-08-06T22:25:38:       <p>
2026-08-06T22:25:38:       Using the URLconf defined in <code>system.urls</code>,
2026-08-06T22:25:38:       Django tried these URL patterns, in this order:
2026-08-06T22:25:38:       </p>
2026-08-06T22:25:38:       <ol>
2026-08-06T22:25:38:         
2026-08-06T22:25:38:           <li>
2026-08-06T22:25:38:             
2026-08-06T22:25:38:               <code>
2026-08-06T22:25:38:                 admin/
2026-08-06T22:25:38:                 
2026-08-06T22:25:38:               </code>
2026-08-06T22:25:38:             
2026-08-06T22:25:38:           </li>
2026-08-06T22:25:38:         
2026-08-06T22:25:38:           <li>
2026-08-06T22:25:38:             
2026-08-06T22:25:38:               <code>
2026-08-06T22:25:38:                 api/v1/test/
2026-08-06T22:25:38:                 
2026-08-06T22:25:38:               </code>
2026-08-06T22:25:38:             
2026-08-06T22:25:38:           </li>
2026-08-06T22:25:38:         
2026-08-06T22:25:38:           <li>
2026-08-06T22:25:38:             
2026-08-06T22:25:38:               <code>
2026-08-06T22:25:38:                 ^media/(?P&lt;path&gt;.*)$
2026-08-06T22:25:38:                 
2026-08-06T22:25:38:               </code>
2026-08-06T22:25:38:             
2026-08-06T22:25:38:           </li>
2026-08-06T22:25:38:         
2026-08-06T22:25:38:       </ol>
2026-08-06T22:25:38:       <p>
2026-08-06T22:25:38:         
2026-08-06T22:25:38:           The current path, <code>api/v1/testusers/me/</code>,
2026-08-06T22:25:38:         
2026-08-06T22:25:38:         didn’t match any of these.
2026-08-06T22:25:38:       </p>
2026-08-06T22:25:38:     
2026-08-06T22:25:38:   </main>
2026-08-06T22:25:38: 
2026-08-06T22:25:38:   <footer id="explanation">
2026-08-06T22:25:38:     <p>
2026-08-06T22:25:38:       You’re seeing this error because you have <code>DEBUG = True</code> in
2026-08-06T22:25:38:       your Django settings file. Change that to <code>False</code>, and Django
2026-08-06T22:25:38:       will display a standard 404 page.
2026-08-06T22:25:38:     </p>
2026-08-06T22:25:38:   </footer>
2026-08-06T22:25:38: </body>
2026-08-06T22:25:38: </html>
2026-08-06T22:25:38: 
2026-08-06T22:25:38: Current user API route called
2026-08-06T22:25:38: Auth header present: true
2026-08-06T22:25:38: Making request to backend: https://system.gecogames.com/api/v1/testusers/me/
2026-08-06T22:25:38: Backend response status: 404
2026-08-06T22:25:38: Backend response ok: false
2026-08-06T22:25:38: Backend error response: <!DOCTYPE html>
2026-08-06T22:25:38: <html lang="en">
2026-08-06T22:25:38: <head>
2026-08-06T22:25:38:   <meta http-equiv="content-type" content="text/html; charset=utf-8">
2026-08-06T22:25:38:   <title>Page not found at /api/v1/testusers/me/</title>
2026-08-06T22:25:38:   <meta name="robots" content="NONE,NOARCHIVE">
2026-08-06T22:25:38:   <style>
2026-08-06T22:25:38:     html * { padding:0; margin:0; }
2026-08-06T22:25:38:     body * { padding:10px 20px; }
2026-08-06T22:25:38:     body * * { padding:0; }
2026-08-06T22:25:38:     body { font-family: sans-serif; background:#eee; color:#000; }
2026-08-06T22:25:38:     body > :where(header, main, footer) { border-bottom:1px solid #ddd; }
2026-08-06T22:25:38:     h1 { font-weight:normal; margin-bottom:.4em; }
2026-08-06T22:25:38:     h1 small { font-size:60%; color:#666; font-weight:normal; }
2026-08-06T22:25:38:     table { border:none; border-collapse: collapse; width:100%; }
2026-08-06T22:25:38:     td, th { vertical-align:top; padding:2px 3px; }
2026-08-06T22:25:38:     th { width:12em; text-align:right; color:#666; padding-right:.5em; }
2026-08-06T22:25:38:     #info { background:#f6f6f6; }
2026-08-06T22:25:38:     #info ol { margin: 0.5em 4em; }
2026-08-06T22:25:38:     #info ol li { font-family: monospace; }
2026-08-06T22:25:38:     #summary { background: #ffc; }
2026-08-06T22:25:38:     #explanation { background:#eee; border-bottom: 0px none; }
2026-08-06T22:25:38:     pre.exception_value { font-family: sans-serif; color: #575757; font-size: 1.5em; margin: 10px 0 10px 0; }
2026-08-06T22:25:38:   </style>
2026-08-06T22:25:38: </head>
2026-08-06T22:25:38: <body>
2026-08-06T22:25:38:   <header id="summary">
2026-08-06T22:25:38:     <h1>Page not found <small>(404)</small></h1>
2026-08-06T22:25:38:     
2026-08-06T22:25:38:     <table class="meta">
2026-08-06T22:25:38:       <tr>
2026-08-06T22:25:38:         <th scope="row">Request Method:</th>
2026-08-06T22:25:38:         <td>GET</td>
2026-08-06T22:25:38:       </tr>
2026-08-06T22:25:38:       <tr>
2026-08-06T22:25:38:         <th scope="row">Request URL:</th>
2026-08-06T22:25:38:         <td>https://system.gecogames.com/api/v1/testusers/me/</td>
2026-08-06T22:25:38:       </tr>
2026-08-06T22:25:38:       
2026-08-06T22:25:38:     </table>
2026-08-06T22:25:38:   </header>
2026-08-06T22:25:38: 
2026-08-06T22:25:38:   <main id="info">
2026-08-06T22:25:38:     
2026-08-06T22:25:38:       <p>
2026-08-06T22:25:38:       Using the URLconf defined in <code>system.urls</code>,
2026-08-06T22:25:38:       Django tried these URL patterns, in this order:
2026-08-06T22:25:38:       </p>
2026-08-06T22:25:38:       <ol>
2026-08-06T22:25:38:         
2026-08-06T22:25:38:           <li>
2026-08-06T22:25:38:             
2026-08-06T22:25:38:               <code>
2026-08-06T22:25:38:                 admin/
2026-08-06T22:25:38:                 
2026-08-06T22:25:38:               </code>
2026-08-06T22:25:38:             
2026-08-06T22:25:38:           </li>
2026-08-06T22:25:38:         
2026-08-06T22:25:38:           <li>
2026-08-06T22:25:38:             
2026-08-06T22:25:38:               <code>
2026-08-06T22:25:38:                 api/v1/test/
2026-08-06T22:25:38:                 
2026-08-06T22:25:38:               </code>
2026-08-06T22:25:38:             
2026-08-06T22:25:38:           </li>
2026-08-06T22:25:38:         
2026-08-06T22:25:38:           <li>
2026-08-06T22:25:38:             
2026-08-06T22:25:38:               <code>
2026-08-06T22:25:38:                 ^media/(?P&lt;path&gt;.*)$
2026-08-06T22:25:38:                 
2026-08-06T22:25:38:               </code>
2026-08-06T22:25:38:             
2026-08-06T22:25:38:           </li>
2026-08-06T22:25:38:         
2026-08-06T22:25:38:       </ol>
2026-08-06T22:25:38:       <p>
2026-08-06T22:25:38:         
2026-08-06T22:25:38:           The current path, <code>api/v1/testusers/me/</code>,
2026-08-06T22:25:38:         
2026-08-06T22:25:38:         didn’t match any of these.
2026-08-06T22:25:38:       </p>
2026-08-06T22:25:38:     
2026-08-06T22:25:38:   </main>
2026-08-06T22:25:38: 
2026-08-06T22:25:38:   <footer id="explanation">
2026-08-06T22:25:38:     <p>
2026-08-06T22:25:38:       You’re seeing this error because you have <code>DEBUG = True</code> in
2026-08-06T22:25:38:       your Django settings file. Change that to <code>False</code>, and Django
2026-08-06T22:25:38:       will display a standard 404 page.
2026-08-06T22:25:38:     </p>
2026-08-06T22:25:38:   </footer>
2026-08-06T22:25:38: </body>
2026-08-06T22:25:38: </html>
2026-08-06T22:25:38: 
2026-08-06T22:25:38: Current user API route called
2026-08-06T22:25:38: Auth header present: true
2026-08-06T22:25:38: Making request to backend: https://system.gecogames.com/api/v1/testusers/me/
2026-08-06T22:25:38: Backend response status: 404
2026-08-06T22:25:38: Backend response ok: false
2026-08-06T22:25:38: Backend error response: <!DOCTYPE html>
2026-08-06T22:25:38: <html lang="en">
2026-08-06T22:25:38: <head>
2026-08-06T22:25:38:   <meta http-equiv="content-type" content="text/html; charset=utf-8">
2026-08-06T22:25:38:   <title>Page not found at /api/v1/testusers/me/</title>
2026-08-06T22:25:38:   <meta name="robots" content="NONE,NOARCHIVE">
2026-08-06T22:25:38:   <style>
2026-08-06T22:25:38:     html * { padding:0; margin:0; }
2026-08-06T22:25:38:     body * { padding:10px 20px; }
2026-08-06T22:25:38:     body * * { padding:0; }
2026-08-06T22:25:38:     body { font-family: sans-serif; background:#eee; color:#000; }
2026-08-06T22:25:38:     body > :where(header, main, footer) { border-bottom:1px solid #ddd; }
2026-08-06T22:25:38:     h1 { font-weight:normal; margin-bottom:.4em; }
2026-08-06T22:25:38:     h1 small { font-size:60%; color:#666; font-weight:normal; }
2026-08-06T22:25:38:     table { border:none; border-collapse: collapse; width:100%; }
2026-08-06T22:25:38:     td, th { vertical-align:top; padding:2px 3px; }
2026-08-06T22:25:38:     th { width:12em; text-align:right; color:#666; padding-right:.5em; }
2026-08-06T22:25:38:     #info { background:#f6f6f6; }
2026-08-06T22:25:38:     #info ol { margin: 0.5em 4em; }
2026-08-06T22:25:38:     #info ol li { font-family: monospace; }
2026-08-06T22:25:38:     #summary { background: #ffc; }
2026-08-06T22:25:38:     #explanation { background:#eee; border-bottom: 0px none; }
2026-08-06T22:25:38:     pre.exception_value { font-family: sans-serif; color: #575757; font-size: 1.5em; margin: 10px 0 10px 0; }
2026-08-06T22:25:38:   </style>
2026-08-06T22:25:38: </head>
2026-08-06T22:25:38: <body>
2026-08-06T22:25:38:   <header id="summary">
2026-08-06T22:25:38:     <h1>Page not found <small>(404)</small></h1>
2026-08-06T22:25:38:     
2026-08-06T22:25:38:     <table class="meta">
2026-08-06T22:25:38:       <tr>
2026-08-06T22:25:38:         <th scope="row">Request Method:</th>
2026-08-06T22:25:38:         <td>GET</td>
2026-08-06T22:25:38:       </tr>
2026-08-06T22:25:38:       <tr>
2026-08-06T22:25:38:         <th scope="row">Request URL:</th>
2026-08-06T22:25:38:         <td>https://system.gecogames.com/api/v1/testusers/me/</td>
2026-08-06T22:25:38:       </tr>
2026-08-06T22:25:38:       
2026-08-06T22:25:38:     </table>
2026-08-06T22:25:38:   </header>
2026-08-06T22:25:38: 
2026-08-06T22:25:38:   <main id="info">
2026-08-06T22:25:38:     
2026-08-06T22:25:38:       <p>
2026-08-06T22:25:38:       Using the URLconf defined in <code>system.urls</code>,
2026-08-06T22:25:38:       Django tried these URL patterns, in this order:
2026-08-06T22:25:38:       </p>
2026-08-06T22:25:38:       <ol>
2026-08-06T22:25:38:         
2026-08-06T22:25:38:           <li>
2026-08-06T22:25:38:             
2026-08-06T22:25:38:               <code>
2026-08-06T22:25:38:                 admin/
2026-08-06T22:25:38:                 
2026-08-06T22:25:38:               </code>
2026-08-06T22:25:38:             
2026-08-06T22:25:38:           </li>
2026-08-06T22:25:38:         
2026-08-06T22:25:38:           <li>
2026-08-06T22:25:38:             
2026-08-06T22:25:38:               <code>
2026-08-06T22:25:38:                 api/v1/test/
2026-08-06T22:25:38:                 
2026-08-06T22:25:38:               </code>
2026-08-06T22:25:38:             
2026-08-06T22:25:38:           </li>
2026-08-06T22:25:38:         
2026-08-06T22:25:38:           <li>
2026-08-06T22:25:38:             
2026-08-06T22:25:38:               <code>
2026-08-06T22:25:38:                 ^media/(?P&lt;path&gt;.*)$
2026-08-06T22:25:38:                 
2026-08-06T22:25:38:               </code>
2026-08-06T22:25:38:             
2026-08-06T22:25:38:           </li>
2026-08-06T22:25:38:         
2026-08-06T22:25:38:       </ol>
2026-08-06T22:25:38:       <p>
2026-08-06T22:25:38:         
2026-08-06T22:25:38:           The current path, <code>api/v1/testusers/me/</code>,
2026-08-06T22:25:38:         
2026-08-06T22:25:38:         didn’t match any of these.
2026-08-06T22:25:38:       </p>
2026-08-06T22:25:38:     
2026-08-06T22:25:38:   </main>
2026-08-06T22:25:38: 
2026-08-06T22:25:38:   <footer id="explanation">
2026-08-06T22:25:38:     <p>
2026-08-06T22:25:38:       You’re seeing this error because you have <code>DEBUG = True</code> in
2026-08-06T22:25:38:       your Django settings file. Change that to <code>False</code>, and Django
2026-08-06T22:25:38:       will display a standard 404 page.
2026-08-06T22:25:38:     </p>
2026-08-06T22:25:38:   </footer>
2026-08-06T22:25:38: </body>
2026-08-06T22:25:38: </html>
2026-08-06T22:25:38: 
2026-08-06T22:25:38: Current user API route called
2026-08-06T22:25:38: Auth header present: true
2026-08-06T22:25:38: Making request to backend: https://system.gecogames.com/api/v1/testusers/me/
2026-08-06T22:25:38: Backend response status: 404
2026-08-06T22:25:38: Backend response ok: false
2026-08-06T22:25:38: Backend error response: <!DOCTYPE html>
2026-08-06T22:25:38: <html lang="en">
2026-08-06T22:25:38: <head>
2026-08-06T22:25:38:   <meta http-equiv="content-type" content="text/html; charset=utf-8">
2026-08-06T22:25:38:   <title>Page not found at /api/v1/testusers/me/</title>
2026-08-06T22:25:38:   <meta name="robots" content="NONE,NOARCHIVE">
2026-08-06T22:25:38:   <style>
2026-08-06T22:25:38:     html * { padding:0; margin:0; }
2026-08-06T22:25:38:     body * { padding:10px 20px; }
2026-08-06T22:25:38:     body * * { padding:0; }
2026-08-06T22:25:38:     body { font-family: sans-serif; background:#eee; color:#000; }
2026-08-06T22:25:38:     body > :where(header, main, footer) { border-bottom:1px solid #ddd; }
2026-08-06T22:25:38:     h1 { font-weight:normal; margin-bottom:.4em; }
2026-08-06T22:25:38:     h1 small { font-size:60%; color:#666; font-weight:normal; }
2026-08-06T22:25:38:     table { border:none; border-collapse: collapse; width:100%; }
2026-08-06T22:25:38:     td, th { vertical-align:top; padding:2px 3px; }
2026-08-06T22:25:38:     th { width:12em; text-align:right; color:#666; padding-right:.5em; }
2026-08-06T22:25:38:     #info { background:#f6f6f6; }
2026-08-06T22:25:38:     #info ol { margin: 0.5em 4em; }
2026-08-06T22:25:38:     #info ol li { font-family: monospace; }
2026-08-06T22:25:38:     #summary { background: #ffc; }
2026-08-06T22:25:38:     #explanation { background:#eee; border-bottom: 0px none; }
2026-08-06T22:25:38:     pre.exception_value { font-family: sans-serif; color: #575757; font-size: 1.5em; margin: 10px 0 10px 0; }
2026-08-06T22:25:38:   </style>
2026-08-06T22:25:38: </head>
2026-08-06T22:25:38: <body>
2026-08-06T22:25:38:   <header id="summary">
2026-08-06T22:25:38:     <h1>Page not found <small>(404)</small></h1>
2026-08-06T22:25:38:     
2026-08-06T22:25:38:     <table class="meta">
2026-08-06T22:25:38:       <tr>
2026-08-06T22:25:38:         <th scope="row">Request Method:</th>
2026-08-06T22:25:38:         <td>GET</td>
2026-08-06T22:25:38:       </tr>
2026-08-06T22:25:38:       <tr>
2026-08-06T22:25:38:         <th scope="row">Request URL:</th>
2026-08-06T22:25:38:         <td>https://system.gecogames.com/api/v1/testusers/me/</td>
2026-08-06T22:25:38:       </tr>
2026-08-06T22:25:38:       
2026-08-06T22:25:38:     </table>
2026-08-06T22:25:38:   </header>
2026-08-06T22:25:38: 
2026-08-06T22:25:38:   <main id="info">
2026-08-06T22:25:38:     
2026-08-06T22:25:38:       <p>
2026-08-06T22:25:38:       Using the URLconf defined in <code>system.urls</code>,
2026-08-06T22:25:38:       Django tried these URL patterns, in this order:
2026-08-06T22:25:38:       </p>
2026-08-06T22:25:38:       <ol>
2026-08-06T22:25:38:         
2026-08-06T22:25:38:           <li>
2026-08-06T22:25:38:             
2026-08-06T22:25:38:               <code>
2026-08-06T22:25:38:                 admin/
2026-08-06T22:25:38:                 
2026-08-06T22:25:38:               </code>
2026-08-06T22:25:38:             
2026-08-06T22:25:38:           </li>
2026-08-06T22:25:38:         
2026-08-06T22:25:38:           <li>
2026-08-06T22:25:38:             
2026-08-06T22:25:38:               <code>
2026-08-06T22:25:38:                 api/v1/test/
2026-08-06T22:25:38:                 
2026-08-06T22:25:38:               </code>
2026-08-06T22:25:38:             
2026-08-06T22:25:38:           </li>
2026-08-06T22:25:38:         
2026-08-06T22:25:38:           <li>
2026-08-06T22:25:38:             
2026-08-06T22:25:38:               <code>
2026-08-06T22:25:38:                 ^media/(?P&lt;path&gt;.*)$
2026-08-06T22:25:38:                 
2026-08-06T22:25:38:               </code>
2026-08-06T22:25:38:             
2026-08-06T22:25:38:           </li>
2026-08-06T22:25:38:         
2026-08-06T22:25:38:       </ol>
2026-08-06T22:25:38:       <p>
2026-08-06T22:25:38:         
2026-08-06T22:25:38:           The current path, <code>api/v1/testusers/me/</code>,
2026-08-06T22:25:38:         
2026-08-06T22:25:38:         didn’t match any of these.
2026-08-06T22:25:38:       </p>
2026-08-06T22:25:38:     
2026-08-06T22:25:38:   </main>
2026-08-06T22:25:38: 
2026-08-06T22:25:38:   <footer id="explanation">
2026-08-06T22:25:38:     <p>
2026-08-06T22:25:38:       You’re seeing this error because you have <code>DEBUG = True</code> in
2026-08-06T22:25:38:       your Django settings file. Change that to <code>False</code>, and Django
2026-08-06T22:25:38:       will display a standard 404 page.
2026-08-06T22:25:38:     </p>
2026-08-06T22:25:38:   </footer>
2026-08-06T22:25:38: </body>
2026-08-06T22:25:38: </html>
2026-08-06T22:25:38: 
2026-08-06T22:25:38: Current user API route called
2026-08-06T22:25:38: Auth header present: true
2026-08-06T22:25:38: Making request to backend: https://system.gecogames.com/api/v1/testusers/me/
2026-08-06T22:25:38: Backend response status: 404
2026-08-06T22:25:38: Backend response ok: false
2026-08-06T22:25:38: Backend error response: <!DOCTYPE html>
2026-08-06T22:25:38: <html lang="en">
2026-08-06T22:25:38: <head>
2026-08-06T22:25:38:   <meta http-equiv="content-type" content="text/html; charset=utf-8">
2026-08-06T22:25:38:   <title>Page not found at /api/v1/testusers/me/</title>
2026-08-06T22:25:38:   <meta name="robots" content="NONE,NOARCHIVE">
2026-08-06T22:25:38:   <style>
2026-08-06T22:25:38:     html * { padding:0; margin:0; }
2026-08-06T22:25:38:     body * { padding:10px 20px; }
2026-08-06T22:25:38:     body * * { padding:0; }
2026-08-06T22:25:38:     body { font-family: sans-serif; background:#eee; color:#000; }
2026-08-06T22:25:38:     body > :where(header, main, footer) { border-bottom:1px solid #ddd; }
2026-08-06T22:25:38:     h1 { font-weight:normal; margin-bottom:.4em; }
2026-08-06T22:25:38:     h1 small { font-size:60%; color:#666; font-weight:normal; }
2026-08-06T22:25:38:     table { border:none; border-collapse: collapse; width:100%; }
2026-08-06T22:25:38:     td, th { vertical-align:top; padding:2px 3px; }
2026-08-06T22:25:38:     th { width:12em; text-align:right; color:#666; padding-right:.5em; }
2026-08-06T22:25:38:     #info { background:#f6f6f6; }
2026-08-06T22:25:38:     #info ol { margin: 0.5em 4em; }
2026-08-06T22:25:38:     #info ol li { font-family: monospace; }
2026-08-06T22:25:38:     #summary { background: #ffc; }
2026-08-06T22:25:38:     #explanation { background:#eee; border-bottom: 0px none; }
2026-08-06T22:25:38:     pre.exception_value { font-family: sans-serif; color: #575757; font-size: 1.5em; margin: 10px 0 10px 0; }
2026-08-06T22:25:38:   </style>
2026-08-06T22:25:38: </head>
2026-08-06T22:25:38: <body>
2026-08-06T22:25:38:   <header id="summary">
2026-08-06T22:25:38:     <h1>Page not found <small>(404)</small></h1>
2026-08-06T22:25:38:     
2026-08-06T22:25:38:     <table class="meta">
2026-08-06T22:25:38:       <tr>
2026-08-06T22:25:38:         <th scope="row">Request Method:</th>
2026-08-06T22:25:38:         <td>GET</td>
2026-08-06T22:25:38:       </tr>
2026-08-06T22:25:38:       <tr>
2026-08-06T22:25:38:         <th scope="row">Request URL:</th>
2026-08-06T22:25:38:         <td>https://system.gecogames.com/api/v1/testusers/me/</td>
2026-08-06T22:25:38:       </tr>
2026-08-06T22:25:38:       
2026-08-06T22:25:38:     </table>
2026-08-06T22:25:38:   </header>
2026-08-06T22:25:38: 
2026-08-06T22:25:38:   <main id="info">
2026-08-06T22:25:38:     
2026-08-06T22:25:38:       <p>
2026-08-06T22:25:38:       Using the URLconf defined in <code>system.urls</code>,
2026-08-06T22:25:38:       Django tried these URL patterns, in this order:
2026-08-06T22:25:38:       </p>
2026-08-06T22:25:38:       <ol>
2026-08-06T22:25:38:         
2026-08-06T22:25:38:           <li>
2026-08-06T22:25:38:             
2026-08-06T22:25:38:               <code>
2026-08-06T22:25:38:                 admin/
2026-08-06T22:25:38:                 
2026-08-06T22:25:38:               </code>
2026-08-06T22:25:38:             
2026-08-06T22:25:38:           </li>
2026-08-06T22:25:38:         
2026-08-06T22:25:38:           <li>
2026-08-06T22:25:38:             
2026-08-06T22:25:38:               <code>
2026-08-06T22:25:38:                 api/v1/test/
2026-08-06T22:25:38:                 
2026-08-06T22:25:38:               </code>
2026-08-06T22:25:38:             
2026-08-06T22:25:38:           </li>
2026-08-06T22:25:38:         
2026-08-06T22:25:38:           <li>
2026-08-06T22:25:38:             
2026-08-06T22:25:38:               <code>
2026-08-06T22:25:38:                 ^media/(?P&lt;path&gt;.*)$
2026-08-06T22:25:38:                 
2026-08-06T22:25:38:               </code>
2026-08-06T22:25:38:             
2026-08-06T22:25:38:           </li>
2026-08-06T22:25:38:         
2026-08-06T22:25:38:       </ol>
2026-08-06T22:25:38:       <p>
2026-08-06T22:25:38:         
2026-08-06T22:25:38:           The current path, <code>api/v1/testusers/me/</code>,
2026-08-06T22:25:38:         
2026-08-06T22:25:38:         didn’t match any of these.
2026-08-06T22:25:38:       </p>
2026-08-06T22:25:38:     
2026-08-06T22:25:38:   </main>
2026-08-06T22:25:38: 
2026-08-06T22:25:38:   <footer id="explanation">
2026-08-06T22:25:38:     <p>
2026-08-06T22:25:38:       You’re seeing this error because you have <code>DEBUG = True</code> in
2026-08-06T22:25:38:       your Django settings file. Change that to <code>False</code>, and Django
2026-08-06T22:25:38:       will display a standard 404 page.
2026-08-06T22:25:38:     </p>
2026-08-06T22:25:38:   </footer>
2026-08-06T22:25:38: </body>
2026-08-06T22:25:38: </html>
2026-08-06T22:25:38: 
2026-08-06T22:25:38: Current user API route called
2026-08-06T22:25:38: Auth header present: true
2026-08-06T22:25:38: Making request to backend: https://system.gecogames.com/api/v1/testusers/me/
2026-08-06T22:25:38: Backend response status: 404
2026-08-06T22:25:38: Backend response ok: false
2026-08-06T22:25:38: Backend error response: <!DOCTYPE html>
2026-08-06T22:25:38: <html lang="en">
2026-08-06T22:25:38: <head>
2026-08-06T22:25:38:   <meta http-equiv="content-type" content="text/html; charset=utf-8">
2026-08-06T22:25:38:   <title>Page not found at /api/v1/testusers/me/</title>
2026-08-06T22:25:38:   <meta name="robots" content="NONE,NOARCHIVE">
2026-08-06T22:25:38:   <style>
2026-08-06T22:25:38:     html * { padding:0; margin:0; }
2026-08-06T22:25:38:     body * { padding:10px 20px; }
2026-08-06T22:25:38:     body * * { padding:0; }
2026-08-06T22:25:38:     body { font-family: sans-serif; background:#eee; color:#000; }
2026-08-06T22:25:38:     body > :where(header, main, footer) { border-bottom:1px solid #ddd; }
2026-08-06T22:25:38:     h1 { font-weight:normal; margin-bottom:.4em; }
2026-08-06T22:25:38:     h1 small { font-size:60%; color:#666; font-weight:normal; }
2026-08-06T22:25:38:     table { border:none; border-collapse: collapse; width:100%; }
2026-08-06T22:25:38:     td, th { vertical-align:top; padding:2px 3px; }
2026-08-06T22:25:38:     th { width:12em; text-align:right; color:#666; padding-right:.5em; }
2026-08-06T22:25:38:     #info { background:#f6f6f6; }
2026-08-06T22:25:38:     #info ol { margin: 0.5em 4em; }
2026-08-06T22:25:38:     #info ol li { font-family: monospace; }
2026-08-06T22:25:38:     #summary { background: #ffc; }
2026-08-06T22:25:38:     #explanation { background:#eee; border-bottom: 0px none; }
2026-08-06T22:25:38:     pre.exception_value { font-family: sans-serif; color: #575757; font-size: 1.5em; margin: 10px 0 10px 0; }
2026-08-06T22:25:38:   </style>
2026-08-06T22:25:38: </head>
2026-08-06T22:25:38: <body>
2026-08-06T22:25:38:   <header id="summary">
2026-08-06T22:25:38:     <h1>Page not found <small>(404)</small></h1>
2026-08-06T22:25:38:     
2026-08-06T22:25:38:     <table class="meta">
2026-08-06T22:25:38:       <tr>
2026-08-06T22:25:38:         <th scope="row">Request Method:</th>
2026-08-06T22:25:38:         <td>GET</td>
2026-08-06T22:25:38:       </tr>
2026-08-06T22:25:38:       <tr>
2026-08-06T22:25:38:         <th scope="row">Request URL:</th>
2026-08-06T22:25:38:         <td>https://system.gecogames.com/api/v1/testusers/me/</td>
2026-08-06T22:25:38:       </tr>
2026-08-06T22:25:38:       
2026-08-06T22:25:38:     </table>
2026-08-06T22:25:38:   </header>
2026-08-06T22:25:38: 
2026-08-06T22:25:38:   <main id="info">
2026-08-06T22:25:38:     
2026-08-06T22:25:38:       <p>
2026-08-06T22:25:38:       Using the URLconf defined in <code>system.urls</code>,
2026-08-06T22:25:38:       Django tried these URL patterns, in this order:
2026-08-06T22:25:38:       </p>
2026-08-06T22:25:38:       <ol>
2026-08-06T22:25:38:         
2026-08-06T22:25:38:           <li>
2026-08-06T22:25:38:             
2026-08-06T22:25:38:               <code>
2026-08-06T22:25:38:                 admin/
2026-08-06T22:25:38:                 
2026-08-06T22:25:38:               </code>
2026-08-06T22:25:38:             
2026-08-06T22:25:38:           </li>
2026-08-06T22:25:38:         
2026-08-06T22:25:38:           <li>
2026-08-06T22:25:38:             
2026-08-06T22:25:38:               <code>
2026-08-06T22:25:38:                 api/v1/test/
2026-08-06T22:25:38:                 
2026-08-06T22:25:38:               </code>
2026-08-06T22:25:38:             
2026-08-06T22:25:38:           </li>
2026-08-06T22:25:38:         
2026-08-06T22:25:38:           <li>
2026-08-06T22:25:38:             
2026-08-06T22:25:38:               <code>
2026-08-06T22:25:38:                 ^media/(?P&lt;path&gt;.*)$
2026-08-06T22:25:38:                 
2026-08-06T22:25:38:               </code>
2026-08-06T22:25:38:             
2026-08-06T22:25:38:           </li>
2026-08-06T22:25:38:         
2026-08-06T22:25:38:       </ol>
2026-08-06T22:25:38:       <p>
2026-08-06T22:25:38:         
2026-08-06T22:25:38:           The current path, <code>api/v1/testusers/me/</code>,
2026-08-06T22:25:38:         
2026-08-06T22:25:38:         didn’t match any of these.
2026-08-06T22:25:38:       </p>
2026-08-06T22:25:38:     
2026-08-06T22:25:38:   </main>
2026-08-06T22:25:38: 
2026-08-06T22:25:38:   <footer id="explanation">
2026-08-06T22:25:38:     <p>
2026-08-06T22:25:38:       You’re seeing this error because you have <code>DEBUG = True</code> in
2026-08-06T22:25:38:       your Django settings file. Change that to <code>False</code>, and Django
2026-08-06T22:25:38:       will display a standard 404 page.
2026-08-06T22:25:38:     </p>
2026-08-06T22:25:38:   </footer>
2026-08-06T22:25:38: </body>
2026-08-06T22:25:38: </html>
2026-08-06T22:25:38: 
2026-08-06T22:25:39: Current user API route called
2026-08-06T22:25:39: Auth header present: true
2026-08-06T22:25:39: Making request to backend: https://system.gecogames.com/api/v1/testusers/me/
2026-08-06T22:25:39: Backend response status: 404
2026-08-06T22:25:39: Backend response ok: false
2026-08-06T22:25:39: Backend error response: <!DOCTYPE html>
2026-08-06T22:25:39: <html lang="en">
2026-08-06T22:25:39: <head>
2026-08-06T22:25:39:   <meta http-equiv="content-type" content="text/html; charset=utf-8">
2026-08-06T22:25:39:   <title>Page not found at /api/v1/testusers/me/</title>
2026-08-06T22:25:39:   <meta name="robots" content="NONE,NOARCHIVE">
2026-08-06T22:25:39:   <style>
2026-08-06T22:25:39:     html * { padding:0; margin:0; }
2026-08-06T22:25:39:     body * { padding:10px 20px; }
2026-08-06T22:25:39:     body * * { padding:0; }
2026-08-06T22:25:39:     body { font-family: sans-serif; background:#eee; color:#000; }
2026-08-06T22:25:39:     body > :where(header, main, footer) { border-bottom:1px solid #ddd; }
2026-08-06T22:25:39:     h1 { font-weight:normal; margin-bottom:.4em; }
2026-08-06T22:25:39:     h1 small { font-size:60%; color:#666; font-weight:normal; }
2026-08-06T22:25:39:     table { border:none; border-collapse: collapse; width:100%; }
2026-08-06T22:25:39:     td, th { vertical-align:top; padding:2px 3px; }
2026-08-06T22:25:39:     th { width:12em; text-align:right; color:#666; padding-right:.5em; }
2026-08-06T22:25:39:     #info { background:#f6f6f6; }
2026-08-06T22:25:39:     #info ol { margin: 0.5em 4em; }
2026-08-06T22:25:39:     #info ol li { font-family: monospace; }
2026-08-06T22:25:39:     #summary { background: #ffc; }
2026-08-06T22:25:39:     #explanation { background:#eee; border-bottom: 0px none; }
2026-08-06T22:25:39:     pre.exception_value { font-family: sans-serif; color: #575757; font-size: 1.5em; margin: 10px 0 10px 0; }
2026-08-06T22:25:39:   </style>
2026-08-06T22:25:39: </head>
2026-08-06T22:25:39: <body>
2026-08-06T22:25:39:   <header id="summary">
2026-08-06T22:25:39:     <h1>Page not found <small>(404)</small></h1>
2026-08-06T22:25:39:     
2026-08-06T22:25:39:     <table class="meta">
2026-08-06T22:25:39:       <tr>
2026-08-06T22:25:39:         <th scope="row">Request Method:</th>
2026-08-06T22:25:39:         <td>GET</td>
2026-08-06T22:25:39:       </tr>
2026-08-06T22:25:39:       <tr>
2026-08-06T22:25:39:         <th scope="row">Request URL:</th>
2026-08-06T22:25:39:         <td>https://system.gecogames.com/api/v1/testusers/me/</td>
2026-08-06T22:25:39:       </tr>
2026-08-06T22:25:39:       
2026-08-06T22:25:39:     </table>
2026-08-06T22:25:39:   </header>
2026-08-06T22:25:39: 
2026-08-06T22:25:39:   <main id="info">
2026-08-06T22:25:39:     
2026-08-06T22:25:39:       <p>
2026-08-06T22:25:39:       Using the URLconf defined in <code>system.urls</code>,
2026-08-06T22:25:39:       Django tried these URL patterns, in this order:
2026-08-06T22:25:39:       </p>
2026-08-06T22:25:39:       <ol>
2026-08-06T22:25:39:         
2026-08-06T22:25:39:           <li>
2026-08-06T22:25:39:             
2026-08-06T22:25:39:               <code>
2026-08-06T22:25:39:                 admin/
2026-08-06T22:25:39:                 
2026-08-06T22:25:39:               </code>
2026-08-06T22:25:39:             
2026-08-06T22:25:39:           </li>
2026-08-06T22:25:39:         
2026-08-06T22:25:39:           <li>
2026-08-06T22:25:39:             
2026-08-06T22:25:39:               <code>
2026-08-06T22:25:39:                 api/v1/test/
2026-08-06T22:25:39:                 
2026-08-06T22:25:39:               </code>
2026-08-06T22:25:39:             
2026-08-06T22:25:39:           </li>
2026-08-06T22:25:39:         
2026-08-06T22:25:39:           <li>
2026-08-06T22:25:39:             
2026-08-06T22:25:39:               <code>
2026-08-06T22:25:39:                 ^media/(?P&lt;path&gt;.*)$
2026-08-06T22:25:39:                 
2026-08-06T22:25:39:               </code>
2026-08-06T22:25:39:             
2026-08-06T22:25:39:           </li>
2026-08-06T22:25:39:         
2026-08-06T22:25:39:       </ol>
2026-08-06T22:25:39:       <p>
2026-08-06T22:25:39:         
2026-08-06T22:25:39:           The current path, <code>api/v1/testusers/me/</code>,
2026-08-06T22:25:39:         
2026-08-06T22:25:39:         didn’t match any of these.
2026-08-06T22:25:39:       </p>
2026-08-06T22:25:39:     
2026-08-06T22:25:39:   </main>
2026-08-06T22:25:39: 
2026-08-06T22:25:39:   <footer id="explanation">
2026-08-06T22:25:39:     <p>
2026-08-06T22:25:39:       You’re seeing this error because you have <code>DEBUG = True</code> in
2026-08-06T22:25:39:       your Django settings file. Change that to <code>False</code>, and Django
2026-08-06T22:25:39:       will display a standard 404 page.
2026-08-06T22:25:39:     </p>
2026-08-06T22:25:39:   </footer>
2026-08-06T22:25:39: </body>
2026-08-06T22:25:39: </html>
2026-08-06T22:25:39: 
2026-08-06T22:25:39: Current user API route called
2026-08-06T22:25:39: Auth header present: true
2026-08-06T22:25:39: Making request to backend: https://system.gecogames.com/api/v1/testusers/me/
2026-08-06T22:25:39: Backend response status: 404
2026-08-06T22:25:39: Backend response ok: false
2026-08-06T22:25:39: Backend error response: <!DOCTYPE html>
2026-08-06T22:25:39: <html lang="en">
2026-08-06T22:25:39: <head>
2026-08-06T22:25:39:   <meta http-equiv="content-type" content="text/html; charset=utf-8">
2026-08-06T22:25:39:   <title>Page not found at /api/v1/testusers/me/</title>
2026-08-06T22:25:39:   <meta name="robots" content="NONE,NOARCHIVE">
2026-08-06T22:25:39:   <style>
2026-08-06T22:25:39:     html * { padding:0; margin:0; }
2026-08-06T22:25:39:     body * { padding:10px 20px; }
2026-08-06T22:25:39:     body * * { padding:0; }
2026-08-06T22:25:39:     body { font-family: sans-serif; background:#eee; color:#000; }
2026-08-06T22:25:39:     body > :where(header, main, footer) { border-bottom:1px solid #ddd; }
2026-08-06T22:25:39:     h1 { font-weight:normal; margin-bottom:.4em; }
2026-08-06T22:25:39:     h1 small { font-size:60%; color:#666; font-weight:normal; }
2026-08-06T22:25:39:     table { border:none; border-collapse: collapse; width:100%; }
2026-08-06T22:25:39:     td, th { vertical-align:top; padding:2px 3px; }
2026-08-06T22:25:39:     th { width:12em; text-align:right; color:#666; padding-right:.5em; }
2026-08-06T22:25:39:     #info { background:#f6f6f6; }
2026-08-06T22:25:39:     #info ol { margin: 0.5em 4em; }
2026-08-06T22:25:39:     #info ol li { font-family: monospace; }
2026-08-06T22:25:39:     #summary { background: #ffc; }
2026-08-06T22:25:39:     #explanation { background:#eee; border-bottom: 0px none; }
2026-08-06T22:25:39:     pre.exception_value { font-family: sans-serif; color: #575757; font-size: 1.5em; margin: 10px 0 10px 0; }
2026-08-06T22:25:39:   </style>
2026-08-06T22:25:39: </head>
2026-08-06T22:25:39: <body>
2026-08-06T22:25:39:   <header id="summary">
2026-08-06T22:25:39:     <h1>Page not found <small>(404)</small></h1>
2026-08-06T22:25:39:     
2026-08-06T22:25:39:     <table class="meta">
2026-08-06T22:25:39:       <tr>
2026-08-06T22:25:39:         <th scope="row">Request Method:</th>
2026-08-06T22:25:39:         <td>GET</td>
2026-08-06T22:25:39:       </tr>
2026-08-06T22:25:39:       <tr>
2026-08-06T22:25:39:         <th scope="row">Request URL:</th>
2026-08-06T22:25:39:         <td>https://system.gecogames.com/api/v1/testusers/me/</td>
2026-08-06T22:25:39:       </tr>
2026-08-06T22:25:39:       
2026-08-06T22:25:39:     </table>
2026-08-06T22:25:39:   </header>
2026-08-06T22:25:39: 
2026-08-06T22:25:39:   <main id="info">
2026-08-06T22:25:39:     
2026-08-06T22:25:39:       <p>
2026-08-06T22:25:39:       Using the URLconf defined in <code>system.urls</code>,
2026-08-06T22:25:39:       Django tried these URL patterns, in this order:
2026-08-06T22:25:39:       </p>
2026-08-06T22:25:39:       <ol>
2026-08-06T22:25:39:         
2026-08-06T22:25:39:           <li>
2026-08-06T22:25:39:             
2026-08-06T22:25:39:               <code>
2026-08-06T22:25:39:                 admin/
2026-08-06T22:25:39:                 
2026-08-06T22:25:39:               </code>
2026-08-06T22:25:39:             
2026-08-06T22:25:39:           </li>
2026-08-06T22:25:39:         
2026-08-06T22:25:39:           <li>
2026-08-06T22:25:39:             
2026-08-06T22:25:39:               <code>
2026-08-06T22:25:39:                 api/v1/test/
2026-08-06T22:25:39:                 
2026-08-06T22:25:39:               </code>
2026-08-06T22:25:39:             
2026-08-06T22:25:39:           </li>
2026-08-06T22:25:39:         
2026-08-06T22:25:39:           <li>
2026-08-06T22:25:39:             
2026-08-06T22:25:39:               <code>
2026-08-06T22:25:39:                 ^media/(?P&lt;path&gt;.*)$
2026-08-06T22:25:39:                 
2026-08-06T22:25:39:               </code>
2026-08-06T22:25:39:             
2026-08-06T22:25:39:           </li>
2026-08-06T22:25:39:         
2026-08-06T22:25:39:       </ol>
2026-08-06T22:25:39:       <p>
2026-08-06T22:25:39:         
2026-08-06T22:25:39:           The current path, <code>api/v1/testusers/me/</code>,
2026-08-06T22:25:39:         
2026-08-06T22:25:39:         didn’t match any of these.
2026-08-06T22:25:39:       </p>
2026-08-06T22:25:39:     
2026-08-06T22:25:39:   </main>
2026-08-06T22:25:39: 
2026-08-06T22:25:39:   <footer id="explanation">
2026-08-06T22:25:39:     <p>
2026-08-06T22:25:39:       You’re seeing this error because you have <code>DEBUG = True</code> in
2026-08-06T22:25:39:       your Django settings file. Change that to <code>False</code>, and Django
2026-08-06T22:25:39:       will display a standard 404 page.
2026-08-06T22:25:39:     </p>
2026-08-06T22:25:39:   </footer>
2026-08-06T22:25:39: </body>
2026-08-06T22:25:39: </html>
2026-08-06T22:25:39: 
2026-08-06T22:25:39: Current user API route called
2026-08-06T22:25:39: Auth header present: true
2026-08-06T22:25:39: Making request to backend: https://system.gecogames.com/api/v1/testusers/me/
2026-08-06T22:25:39: Backend response status: 404
2026-08-06T22:25:39: Backend response ok: false
2026-08-06T22:25:39: Backend error response: <!DOCTYPE html>
2026-08-06T22:25:39: <html lang="en">
2026-08-06T22:25:39: <head>
2026-08-06T22:25:39:   <meta http-equiv="content-type" content="text/html; charset=utf-8">
2026-08-06T22:25:39:   <title>Page not found at /api/v1/testusers/me/</title>
2026-08-06T22:25:39:   <meta name="robots" content="NONE,NOARCHIVE">
2026-08-06T22:25:39:   <style>
2026-08-06T22:25:39:     html * { padding:0; margin:0; }
2026-08-06T22:25:39:     body * { padding:10px 20px; }
2026-08-06T22:25:39:     body * * { padding:0; }
2026-08-06T22:25:39:     body { font-family: sans-serif; background:#eee; color:#000; }
2026-08-06T22:25:39:     body > :where(header, main, footer) { border-bottom:1px solid #ddd; }
2026-08-06T22:25:39:     h1 { font-weight:normal; margin-bottom:.4em; }
2026-08-06T22:25:39:     h1 small { font-size:60%; color:#666; font-weight:normal; }
2026-08-06T22:25:39:     table { border:none; border-collapse: collapse; width:100%; }
2026-08-06T22:25:39:     td, th { vertical-align:top; padding:2px 3px; }
2026-08-06T22:25:39:     th { width:12em; text-align:right; color:#666; padding-right:.5em; }
2026-08-06T22:25:39:     #info { background:#f6f6f6; }
2026-08-06T22:25:39:     #info ol { margin: 0.5em 4em; }
2026-08-06T22:25:39:     #info ol li { font-family: monospace; }
2026-08-06T22:25:39:     #summary { background: #ffc; }
2026-08-06T22:25:39:     #explanation { background:#eee; border-bottom: 0px none; }
2026-08-06T22:25:39:     pre.exception_value { font-family: sans-serif; color: #575757; font-size: 1.5em; margin: 10px 0 10px 0; }
2026-08-06T22:25:39:   </style>
2026-08-06T22:25:39: </head>
2026-08-06T22:25:39: <body>
2026-08-06T22:25:39:   <header id="summary">
2026-08-06T22:25:39:     <h1>Page not found <small>(404)</small></h1>
2026-08-06T22:25:39:     
2026-08-06T22:25:39:     <table class="meta">
2026-08-06T22:25:39:       <tr>
2026-08-06T22:25:39:         <th scope="row">Request Method:</th>
2026-08-06T22:25:39:         <td>GET</td>
2026-08-06T22:25:39:       </tr>
2026-08-06T22:25:39:       <tr>
2026-08-06T22:25:39:         <th scope="row">Request URL:</th>
2026-08-06T22:25:39:         <td>https://system.gecogames.com/api/v1/testusers/me/</td>
2026-08-06T22:25:39:       </tr>
2026-08-06T22:25:39:       
2026-08-06T22:25:39:     </table>
2026-08-06T22:25:39:   </header>
2026-08-06T22:25:39: 
2026-08-06T22:25:39:   <main id="info">
2026-08-06T22:25:39:     
2026-08-06T22:25:39:       <p>
2026-08-06T22:25:39:       Using the URLconf defined in <code>system.urls</code>,
2026-08-06T22:25:39:       Django tried these URL patterns, in this order:
2026-08-06T22:25:39:       </p>
2026-08-06T22:25:39:       <ol>
2026-08-06T22:25:39:         
2026-08-06T22:25:39:           <li>
2026-08-06T22:25:39:             
2026-08-06T22:25:39:               <code>
2026-08-06T22:25:39:                 admin/
2026-08-06T22:25:39:                 
2026-08-06T22:25:39:               </code>
2026-08-06T22:25:39:             
2026-08-06T22:25:39:           </li>
2026-08-06T22:25:39:         
2026-08-06T22:25:39:           <li>
2026-08-06T22:25:39:             
2026-08-06T22:25:39:               <code>
2026-08-06T22:25:39:                 api/v1/test/
2026-08-06T22:25:39:                 
2026-08-06T22:25:39:               </code>
2026-08-06T22:25:39:             
2026-08-06T22:25:39:           </li>
2026-08-06T22:25:39:         
2026-08-06T22:25:39:           <li>
2026-08-06T22:25:39:             
2026-08-06T22:25:39:               <code>
2026-08-06T22:25:39:                 ^media/(?P&lt;path&gt;.*)$
2026-08-06T22:25:39:                 
2026-08-06T22:25:39:               </code>
2026-08-06T22:25:39:             
2026-08-06T22:25:39:           </li>
2026-08-06T22:25:39:         
2026-08-06T22:25:39:       </ol>
2026-08-06T22:25:39:       <p>
2026-08-06T22:25:39:         
2026-08-06T22:25:39:           The current path, <code>api/v1/testusers/me/</code>,
2026-08-06T22:25:39:         
2026-08-06T22:25:39:         didn’t match any of these.
2026-08-06T22:25:39:       </p>
2026-08-06T22:25:39:     
2026-08-06T22:25:39:   </main>
2026-08-06T22:25:39: 
2026-08-06T22:25:39:   <footer id="explanation">
2026-08-06T22:25:39:     <p>
2026-08-06T22:25:39:       You’re seeing this error because you have <code>DEBUG = True</code> in
2026-08-06T22:25:39:       your Django settings file. Change that to <code>False</code>, and Django
2026-08-06T22:25:39:       will display a standard 404 page.
2026-08-06T22:25:39:     </p>
2026-08-06T22:25:39:   </footer>
2026-08-06T22:25:39: </body>
2026-08-06T22:25:39: </html>
2026-08-06T22:25:39: 
2026-08-06T22:25:39: Current user API route called
2026-08-06T22:25:39: Auth header present: true
2026-08-06T22:25:39: Making request to backend: https://system.gecogames.com/api/v1/testusers/me/
2026-08-06T22:25:39: Backend response status: 404
2026-08-06T22:25:39: Backend response ok: false
2026-08-06T22:25:39: Backend error response: <!DOCTYPE html>
2026-08-06T22:25:39: <html lang="en">
2026-08-06T22:25:39: <head>
2026-08-06T22:25:39:   <meta http-equiv="content-type" content="text/html; charset=utf-8">
2026-08-06T22:25:39:   <title>Page not found at /api/v1/testusers/me/</title>
2026-08-06T22:25:39:   <meta name="robots" content="NONE,NOARCHIVE">
2026-08-06T22:25:39:   <style>
2026-08-06T22:25:39:     html * { padding:0; margin:0; }
2026-08-06T22:25:39:     body * { padding:10px 20px; }
2026-08-06T22:25:39:     body * * { padding:0; }
2026-08-06T22:25:39:     body { font-family: sans-serif; background:#eee; color:#000; }
2026-08-06T22:25:39:     body > :where(header, main, footer) { border-bottom:1px solid #ddd; }
2026-08-06T22:25:39:     h1 { font-weight:normal; margin-bottom:.4em; }
2026-08-06T22:25:39:     h1 small { font-size:60%; color:#666; font-weight:normal; }
2026-08-06T22:25:39:     table { border:none; border-collapse: collapse; width:100%; }
2026-08-06T22:25:39:     td, th { vertical-align:top; padding:2px 3px; }
2026-08-06T22:25:39:     th { width:12em; text-align:right; color:#666; padding-right:.5em; }
2026-08-06T22:25:39:     #info { background:#f6f6f6; }
2026-08-06T22:25:39:     #info ol { margin: 0.5em 4em; }
2026-08-06T22:25:39:     #info ol li { font-family: monospace; }
2026-08-06T22:25:39:     #summary { background: #ffc; }
2026-08-06T22:25:39:     #explanation { background:#eee; border-bottom: 0px none; }
2026-08-06T22:25:39:     pre.exception_value { font-family: sans-serif; color: #575757; font-size: 1.5em; margin: 10px 0 10px 0; }
2026-08-06T22:25:39:   </style>
2026-08-06T22:25:39: </head>
2026-08-06T22:25:39: <body>
2026-08-06T22:25:39:   <header id="summary">
2026-08-06T22:25:39:     <h1>Page not found <small>(404)</small></h1>
2026-08-06T22:25:39:     
2026-08-06T22:25:39:     <table class="meta">
2026-08-06T22:25:39:       <tr>
2026-08-06T22:25:39:         <th scope="row">Request Method:</th>
2026-08-06T22:25:39:         <td>GET</td>
2026-08-06T22:25:39:       </tr>
2026-08-06T22:25:39:       <tr>
2026-08-06T22:25:39:         <th scope="row">Request URL:</th>
2026-08-06T22:25:39:         <td>https://system.gecogames.com/api/v1/testusers/me/</td>
2026-08-06T22:25:39:       </tr>
2026-08-06T22:25:39:       
2026-08-06T22:25:39:     </table>
2026-08-06T22:25:39:   </header>
2026-08-06T22:25:39: 
2026-08-06T22:25:39:   <main id="info">
2026-08-06T22:25:39:     
2026-08-06T22:25:39:       <p>
2026-08-06T22:25:39:       Using the URLconf defined in <code>system.urls</code>,
2026-08-06T22:25:39:       Django tried these URL patterns, in this order:
2026-08-06T22:25:39:       </p>
2026-08-06T22:25:39:       <ol>
2026-08-06T22:25:39:         
2026-08-06T22:25:39:           <li>
2026-08-06T22:25:39:             
2026-08-06T22:25:39:               <code>
2026-08-06T22:25:39:                 admin/
2026-08-06T22:25:39:                 
2026-08-06T22:25:39:               </code>
2026-08-06T22:25:39:             
2026-08-06T22:25:39:           </li>
2026-08-06T22:25:39:         
2026-08-06T22:25:39:           <li>
2026-08-06T22:25:39:             
2026-08-06T22:25:39:               <code>
2026-08-06T22:25:39:                 api/v1/test/
2026-08-06T22:25:39:                 
2026-08-06T22:25:39:               </code>
2026-08-06T22:25:39:             
2026-08-06T22:25:39:           </li>
2026-08-06T22:25:39:         
2026-08-06T22:25:39:           <li>
2026-08-06T22:25:39:             
2026-08-06T22:25:39:               <code>
2026-08-06T22:25:39:                 ^media/(?P&lt;path&gt;.*)$
2026-08-06T22:25:39:                 
2026-08-06T22:25:39:               </code>
2026-08-06T22:25:39:             
2026-08-06T22:25:39:           </li>
2026-08-06T22:25:39:         
2026-08-06T22:25:39:       </ol>
2026-08-06T22:25:39:       <p>
2026-08-06T22:25:39:         
2026-08-06T22:25:39:           The current path, <code>api/v1/testusers/me/</code>,
2026-08-06T22:25:39:         
2026-08-06T22:25:39:         didn’t match any of these.
2026-08-06T22:25:39:       </p>
2026-08-06T22:25:39:     
2026-08-06T22:25:39:   </main>
2026-08-06T22:25:39: 
2026-08-06T22:25:39:   <footer id="explanation">
2026-08-06T22:25:39:     <p>
2026-08-06T22:25:39:       You’re seeing this error because you have <code>DEBUG = True</code> in
2026-08-06T22:25:39:       your Django settings file. Change that to <code>False</code>, and Django
2026-08-06T22:25:39:       will display a standard 404 page.
2026-08-06T22:25:39:     </p>
2026-08-06T22:25:39:   </footer>
2026-08-06T22:25:39: </body>
2026-08-06T22:25:39: </html>
2026-08-06T22:25:39: 
2026-08-06T22:25:39: Current user API route called
2026-08-06T22:25:39: Auth header present: true
2026-08-06T22:25:39: Making request to backend: https://system.gecogames.com/api/v1/testusers/me/
2026-08-06T22:25:39: Backend response status: 404
2026-08-06T22:25:39: Backend response ok: false
2026-08-06T22:25:39: Backend error response: <!DOCTYPE html>
2026-08-06T22:25:39: <html lang="en">
2026-08-06T22:25:39: <head>
2026-08-06T22:25:39:   <meta http-equiv="content-type" content="text/html; charset=utf-8">
2026-08-06T22:25:39:   <title>Page not found at /api/v1/testusers/me/</title>
2026-08-06T22:25:39:   <meta name="robots" content="NONE,NOARCHIVE">
2026-08-06T22:25:39:   <style>
2026-08-06T22:25:39:     html * { padding:0; margin:0; }
2026-08-06T22:25:39:     body * { padding:10px 20px; }
2026-08-06T22:25:39:     body * * { padding:0; }
2026-08-06T22:25:39:     body { font-family: sans-serif; background:#eee; color:#000; }
2026-08-06T22:25:39:     body > :where(header, main, footer) { border-bottom:1px solid #ddd; }
2026-08-06T22:25:39:     h1 { font-weight:normal; margin-bottom:.4em; }
2026-08-06T22:25:39:     h1 small { font-size:60%; color:#666; font-weight:normal; }
2026-08-06T22:25:39:     table { border:none; border-collapse: collapse; width:100%; }
2026-08-06T22:25:39:     td, th { vertical-align:top; padding:2px 3px; }
2026-08-06T22:25:39:     th { width:12em; text-align:right; color:#666; padding-right:.5em; }
2026-08-06T22:25:39:     #info { background:#f6f6f6; }
2026-08-06T22:25:39:     #info ol { margin: 0.5em 4em; }
2026-08-06T22:25:39:     #info ol li { font-family: monospace; }
2026-08-06T22:25:39:     #summary { background: #ffc; }
2026-08-06T22:25:39:     #explanation { background:#eee; border-bottom: 0px none; }
2026-08-06T22:25:39:     pre.exception_value { font-family: sans-serif; color: #575757; font-size: 1.5em; margin: 10px 0 10px 0; }
2026-08-06T22:25:39:   </style>
2026-08-06T22:25:39: </head>
2026-08-06T22:25:39: <body>
2026-08-06T22:25:39:   <header id="summary">
2026-08-06T22:25:39:     <h1>Page not found <small>(404)</small></h1>
2026-08-06T22:25:39:     
2026-08-06T22:25:39:     <table class="meta">
2026-08-06T22:25:39:       <tr>
2026-08-06T22:25:39:         <th scope="row">Request Method:</th>
2026-08-06T22:25:39:         <td>GET</td>
2026-08-06T22:25:39:       </tr>
2026-08-06T22:25:39:       <tr>
2026-08-06T22:25:39:         <th scope="row">Request URL:</th>
2026-08-06T22:25:39:         <td>https://system.gecogames.com/api/v1/testusers/me/</td>
2026-08-06T22:25:39:       </tr>
2026-08-06T22:25:39:       
2026-08-06T22:25:39:     </table>
2026-08-06T22:25:39:   </header>
2026-08-06T22:25:39: 
2026-08-06T22:25:39:   <main id="info">
2026-08-06T22:25:39:     
2026-08-06T22:25:39:       <p>
2026-08-06T22:25:39:       Using the URLconf defined in <code>system.urls</code>,
2026-08-06T22:25:39:       Django tried these URL patterns, in this order:
2026-08-06T22:25:39:       </p>
2026-08-06T22:25:39:       <ol>
2026-08-06T22:25:39:         
2026-08-06T22:25:39:           <li>
2026-08-06T22:25:39:             
2026-08-06T22:25:39:               <code>
2026-08-06T22:25:39:                 admin/
2026-08-06T22:25:39:                 
2026-08-06T22:25:39:               </code>
2026-08-06T22:25:39:             
2026-08-06T22:25:39:           </li>
2026-08-06T22:25:39:         
2026-08-06T22:25:39:           <li>
2026-08-06T22:25:39:             
2026-08-06T22:25:39:               <code>
2026-08-06T22:25:39:                 api/v1/test/
2026-08-06T22:25:39:                 
2026-08-06T22:25:39:               </code>
2026-08-06T22:25:39:             
2026-08-06T22:25:39:           </li>
2026-08-06T22:25:39:         
2026-08-06T22:25:39:           <li>
2026-08-06T22:25:39:             
2026-08-06T22:25:39:               <code>
2026-08-06T22:25:39:                 ^media/(?P&lt;path&gt;.*)$
2026-08-06T22:25:39:                 
2026-08-06T22:25:39:               </code>
2026-08-06T22:25:39:             
2026-08-06T22:25:39:           </li>
2026-08-06T22:25:39:         
2026-08-06T22:25:39:       </ol>
2026-08-06T22:25:39:       <p>
2026-08-06T22:25:39:         
2026-08-06T22:25:39:           The current path, <code>api/v1/testusers/me/</code>,
2026-08-06T22:25:39:         
2026-08-06T22:25:39:         didn’t match any of these.
2026-08-06T22:25:39:       </p>
2026-08-06T22:25:39:     
2026-08-06T22:25:39:   </main>
2026-08-06T22:25:39: 
2026-08-06T22:25:39:   <footer id="explanation">
2026-08-06T22:25:39:     <p>
2026-08-06T22:25:39:       You’re seeing this error because you have <code>DEBUG = True</code> in
2026-08-06T22:25:39:       your Django settings file. Change that to <code>False</code>, and Django
2026-08-06T22:25:39:       will display a standard 404 page.
2026-08-06T22:25:39:     </p>
2026-08-06T22:25:39:   </footer>
2026-08-06T22:25:39: </body>
2026-08-06T22:25:39: </html>
2026-08-06T22:25:39: 
2026-08-06T22:25:39: Current user API route called
2026-08-06T22:25:39: Auth header present: true
2026-08-06T22:25:39: Making request to backend: https://system.gecogames.com/api/v1/testusers/me/
2026-08-06T22:25:39: Backend response status: 404
2026-08-06T22:25:39: Backend response ok: false
2026-08-06T22:25:39: Backend error response: <!DOCTYPE html>
2026-08-06T22:25:39: <html lang="en">
2026-08-06T22:25:39: <head>
2026-08-06T22:25:39:   <meta http-equiv="content-type" content="text/html; charset=utf-8">
2026-08-06T22:25:39:   <title>Page not found at /api/v1/testusers/me/</title>
2026-08-06T22:25:39:   <meta name="robots" content="NONE,NOARCHIVE">
2026-08-06T22:25:39:   <style>
2026-08-06T22:25:39:     html * { padding:0; margin:0; }
2026-08-06T22:25:39:     body * { padding:10px 20px; }
2026-08-06T22:25:39:     body * * { padding:0; }
2026-08-06T22:25:39:     body { font-family: sans-serif; background:#eee; color:#000; }
2026-08-06T22:25:39:     body > :where(header, main, footer) { border-bottom:1px solid #ddd; }
2026-08-06T22:25:39:     h1 { font-weight:normal; margin-bottom:.4em; }
2026-08-06T22:25:39:     h1 small { font-size:60%; color:#666; font-weight:normal; }
2026-08-06T22:25:39:     table { border:none; border-collapse: collapse; width:100%; }
2026-08-06T22:25:39:     td, th { vertical-align:top; padding:2px 3px; }
2026-08-06T22:25:39:     th { width:12em; text-align:right; color:#666; padding-right:.5em; }
2026-08-06T22:25:39:     #info { background:#f6f6f6; }
2026-08-06T22:25:39:     #info ol { margin: 0.5em 4em; }
2026-08-06T22:25:39:     #info ol li { font-family: monospace; }
2026-08-06T22:25:39:     #summary { background: #ffc; }
2026-08-06T22:25:39:     #explanation { background:#eee; border-bottom: 0px none; }
2026-08-06T22:25:39:     pre.exception_value { font-family: sans-serif; color: #575757; font-size: 1.5em; margin: 10px 0 10px 0; }
2026-08-06T22:25:39:   </style>
2026-08-06T22:25:39: </head>
2026-08-06T22:25:39: <body>
2026-08-06T22:25:39:   <header id="summary">
2026-08-06T22:25:39:     <h1>Page not found <small>(404)</small></h1>
2026-08-06T22:25:39:     
2026-08-06T22:25:39:     <table class="meta">
2026-08-06T22:25:39:       <tr>
2026-08-06T22:25:39:         <th scope="row">Request Method:</th>
2026-08-06T22:25:39:         <td>GET</td>
2026-08-06T22:25:39:       </tr>
2026-08-06T22:25:39:       <tr>
2026-08-06T22:25:39:         <th scope="row">Request URL:</th>
2026-08-06T22:25:39:         <td>https://system.gecogames.com/api/v1/testusers/me/</td>
2026-08-06T22:25:39:       </tr>
2026-08-06T22:25:39:       
2026-08-06T22:25:39:     </table>
2026-08-06T22:25:39:   </header>
2026-08-06T22:25:39: 
2026-08-06T22:25:39:   <main id="info">
2026-08-06T22:25:39:     
2026-08-06T22:25:39:       <p>
2026-08-06T22:25:39:       Using the URLconf defined in <code>system.urls</code>,
2026-08-06T22:25:39:       Django tried these URL patterns, in this order:
2026-08-06T22:25:39:       </p>
2026-08-06T22:25:39:       <ol>
2026-08-06T22:25:39:         
2026-08-06T22:25:39:           <li>
2026-08-06T22:25:39:             
2026-08-06T22:25:39:               <code>
2026-08-06T22:25:39:                 admin/
2026-08-06T22:25:39:                 
2026-08-06T22:25:39:               </code>
2026-08-06T22:25:39:             
2026-08-06T22:25:39:           </li>
2026-08-06T22:25:39:         
2026-08-06T22:25:39:           <li>
2026-08-06T22:25:39:             
2026-08-06T22:25:39:               <code>
2026-08-06T22:25:39:                 api/v1/test/
2026-08-06T22:25:39:                 
2026-08-06T22:25:39:               </code>
2026-08-06T22:25:39:             
2026-08-06T22:25:39:           </li>
2026-08-06T22:25:39:         
2026-08-06T22:25:39:           <li>
2026-08-06T22:25:39:             
2026-08-06T22:25:39:               <code>
2026-08-06T22:25:39:                 ^media/(?P&lt;path&gt;.*)$
2026-08-06T22:25:39:                 
2026-08-06T22:25:39:               </code>
2026-08-06T22:25:39:             
2026-08-06T22:25:39:           </li>
2026-08-06T22:25:39:         
2026-08-06T22:25:39:       </ol>
2026-08-06T22:25:39:       <p>
2026-08-06T22:25:39:         
2026-08-06T22:25:39:           The current path, <code>api/v1/testusers/me/</code>,
2026-08-06T22:25:39:         
2026-08-06T22:25:39:         didn’t match any of these.
2026-08-06T22:25:39:       </p>
2026-08-06T22:25:39:     
2026-08-06T22:25:39:   </main>
2026-08-06T22:25:39: 
2026-08-06T22:25:39:   <footer id="explanation">
2026-08-06T22:25:39:     <p>
2026-08-06T22:25:39:       You’re seeing this error because you have <code>DEBUG = True</code> in
2026-08-06T22:25:39:       your Django settings file. Change that to <code>False</code>, and Django
2026-08-06T22:25:39:       will display a standard 404 page.
2026-08-06T22:25:39:     </p>
2026-08-06T22:25:39:   </footer>
2026-08-06T22:25:39: </body>
2026-08-06T22:25:39: </html>
2026-08-06T22:25:39: 
2026-08-06T22:25:39: Current user API route called
2026-08-06T22:25:39: Auth header present: true
2026-08-06T22:25:39: Making request to backend: https://system.gecogames.com/api/v1/testusers/me/
2026-08-06T22:25:39: Backend response status: 404
2026-08-06T22:25:39: Backend response ok: false
2026-08-06T22:25:39: Backend error response: <!DOCTYPE html>
2026-08-06T22:25:39: <html lang="en">
2026-08-06T22:25:39: <head>
2026-08-06T22:25:39:   <meta http-equiv="content-type" content="text/html; charset=utf-8">
2026-08-06T22:25:39:   <title>Page not found at /api/v1/testusers/me/</title>
2026-08-06T22:25:39:   <meta name="robots" content="NONE,NOARCHIVE">
2026-08-06T22:25:39:   <style>
2026-08-06T22:25:39:     html * { padding:0; margin:0; }
2026-08-06T22:25:39:     body * { padding:10px 20px; }
2026-08-06T22:25:39:     body * * { padding:0; }
2026-08-06T22:25:39:     body { font-family: sans-serif; background:#eee; color:#000; }
2026-08-06T22:25:39:     body > :where(header, main, footer) { border-bottom:1px solid #ddd; }
2026-08-06T22:25:39:     h1 { font-weight:normal; margin-bottom:.4em; }
2026-08-06T22:25:39:     h1 small { font-size:60%; color:#666; font-weight:normal; }
2026-08-06T22:25:39:     table { border:none; border-collapse: collapse; width:100%; }
2026-08-06T22:25:39:     td, th { vertical-align:top; padding:2px 3px; }
2026-08-06T22:25:39:     th { width:12em; text-align:right; color:#666; padding-right:.5em; }
2026-08-06T22:25:39:     #info { background:#f6f6f6; }
2026-08-06T22:25:39:     #info ol { margin: 0.5em 4em; }
2026-08-06T22:25:39:     #info ol li { font-family: monospace; }
2026-08-06T22:25:39:     #summary { background: #ffc; }
2026-08-06T22:25:39:     #explanation { background:#eee; border-bottom: 0px none; }
2026-08-06T22:25:39:     pre.exception_value { font-family: sans-serif; color: #575757; font-size: 1.5em; margin: 10px 0 10px 0; }
2026-08-06T22:25:39:   </style>
2026-08-06T22:25:39: </head>
2026-08-06T22:25:39: <body>
2026-08-06T22:25:39:   <header id="summary">
2026-08-06T22:25:39:     <h1>Page not found <small>(404)</small></h1>
2026-08-06T22:25:39:     
2026-08-06T22:25:39:     <table class="meta">
2026-08-06T22:25:39:       <tr>
2026-08-06T22:25:39:         <th scope="row">Request Method:</th>
2026-08-06T22:25:39:         <td>GET</td>
2026-08-06T22:25:39:       </tr>
2026-08-06T22:25:39:       <tr>
2026-08-06T22:25:39:         <th scope="row">Request URL:</th>
2026-08-06T22:25:39:         <td>https://system.gecogames.com/api/v1/testusers/me/</td>
2026-08-06T22:25:39:       </tr>
2026-08-06T22:25:39:       
2026-08-06T22:25:39:     </table>
2026-08-06T22:25:39:   </header>
2026-08-06T22:25:39: 
2026-08-06T22:25:39:   <main id="info">
2026-08-06T22:25:39:     
2026-08-06T22:25:39:       <p>
2026-08-06T22:25:39:       Using the URLconf defined in <code>system.urls</code>,
2026-08-06T22:25:39:       Django tried these URL patterns, in this order:
2026-08-06T22:25:39:       </p>
2026-08-06T22:25:39:       <ol>
2026-08-06T22:25:39:         
2026-08-06T22:25:39:           <li>
2026-08-06T22:25:39:             
2026-08-06T22:25:39:               <code>
2026-08-06T22:25:39:                 admin/
2026-08-06T22:25:39:                 
2026-08-06T22:25:39:               </code>
2026-08-06T22:25:39:             
2026-08-06T22:25:39:           </li>
2026-08-06T22:25:39:         
2026-08-06T22:25:39:           <li>
2026-08-06T22:25:39:             
2026-08-06T22:25:39:               <code>
2026-08-06T22:25:39:                 api/v1/test/
2026-08-06T22:25:39:                 
2026-08-06T22:25:39:               </code>
2026-08-06T22:25:39:             
2026-08-06T22:25:39:           </li>
2026-08-06T22:25:39:         
2026-08-06T22:25:39:           <li>
2026-08-06T22:25:39:             
2026-08-06T22:25:39:               <code>
2026-08-06T22:25:39:                 ^media/(?P&lt;path&gt;.*)$
2026-08-06T22:25:39:                 
2026-08-06T22:25:39:               </code>
2026-08-06T22:25:39:             
2026-08-06T22:25:39:           </li>
2026-08-06T22:25:39:         
2026-08-06T22:25:39:       </ol>
2026-08-06T22:25:39:       <p>
2026-08-06T22:25:39:         
2026-08-06T22:25:39:           The current path, <code>api/v1/testusers/me/</code>,
2026-08-06T22:25:39:         
2026-08-06T22:25:39:         didn’t match any of these.
2026-08-06T22:25:39:       </p>
2026-08-06T22:25:39:     
2026-08-06T22:25:39:   </main>
2026-08-06T22:25:39: 
2026-08-06T22:25:39:   <footer id="explanation">
2026-08-06T22:25:39:     <p>
2026-08-06T22:25:39:       You’re seeing this error because you have <code>DEBUG = True</code> in
2026-08-06T22:25:39:       your Django settings file. Change that to <code>False</code>, and Django
2026-08-06T22:25:39:       will display a standard 404 page.
2026-08-06T22:25:39:     </p>
2026-08-06T22:25:39:   </footer>
2026-08-06T22:25:39: </body>
2026-08-06T22:25:39: </html>
2026-08-06T22:25:39: 
2026-08-06T22:25:39: Current user API route called
2026-08-06T22:25:39: Auth header present: true
2026-08-06T22:25:39: Making request to backend: https://system.gecogames.com/api/v1/testusers/me/
2026-08-06T22:25:39: Backend response status: 404
2026-08-06T22:25:39: Backend response ok: false
2026-08-06T22:25:39: Backend error response: <!DOCTYPE html>
2026-08-06T22:25:39: <html lang="en">
2026-08-06T22:25:39: <head>
2026-08-06T22:25:39:   <meta http-equiv="content-type" content="text/html; charset=utf-8">
2026-08-06T22:25:39:   <title>Page not found at /api/v1/testusers/me/</title>
2026-08-06T22:25:39:   <meta name="robots" content="NONE,NOARCHIVE">
2026-08-06T22:25:39:   <style>
2026-08-06T22:25:39:     html * { padding:0; margin:0; }
2026-08-06T22:25:39:     body * { padding:10px 20px; }
2026-08-06T22:25:39:     body * * { padding:0; }
2026-08-06T22:25:39:     body { font-family: sans-serif; background:#eee; color:#000; }
2026-08-06T22:25:39:     body > :where(header, main, footer) { border-bottom:1px solid #ddd; }
2026-08-06T22:25:39:     h1 { font-weight:normal; margin-bottom:.4em; }
2026-08-06T22:25:39:     h1 small { font-size:60%; color:#666; font-weight:normal; }
2026-08-06T22:25:39:     table { border:none; border-collapse: collapse; width:100%; }
2026-08-06T22:25:39:     td, th { vertical-align:top; padding:2px 3px; }
2026-08-06T22:25:39:     th { width:12em; text-align:right; color:#666; padding-right:.5em; }
2026-08-06T22:25:39:     #info { background:#f6f6f6; }
2026-08-06T22:25:39:     #info ol { margin: 0.5em 4em; }
2026-08-06T22:25:39:     #info ol li { font-family: monospace; }
2026-08-06T22:25:39:     #summary { background: #ffc; }
2026-08-06T22:25:39:     #explanation { background:#eee; border-bottom: 0px none; }
2026-08-06T22:25:39:     pre.exception_value { font-family: sans-serif; color: #575757; font-size: 1.5em; margin: 10px 0 10px 0; }
2026-08-06T22:25:39:   </style>
2026-08-06T22:25:39: </head>
2026-08-06T22:25:39: <body>
2026-08-06T22:25:39:   <header id="summary">
2026-08-06T22:25:39:     <h1>Page not found <small>(404)</small></h1>
2026-08-06T22:25:39:     
2026-08-06T22:25:39:     <table class="meta">
2026-08-06T22:25:39:       <tr>
2026-08-06T22:25:39:         <th scope="row">Request Method:</th>
2026-08-06T22:25:39:         <td>GET</td>
2026-08-06T22:25:39:       </tr>
2026-08-06T22:25:39:       <tr>
2026-08-06T22:25:39:         <th scope="row">Request URL:</th>
2026-08-06T22:25:39:         <td>https://system.gecogames.com/api/v1/testusers/me/</td>
2026-08-06T22:25:39:       </tr>
2026-08-06T22:25:39:       
2026-08-06T22:25:39:     </table>
2026-08-06T22:25:39:   </header>
2026-08-06T22:25:39: 
2026-08-06T22:25:39:   <main id="info">
2026-08-06T22:25:39:     
2026-08-06T22:25:39:       <p>
2026-08-06T22:25:39:       Using the URLconf defined in <code>system.urls</code>,
2026-08-06T22:25:39:       Django tried these URL patterns, in this order:
2026-08-06T22:25:39:       </p>
2026-08-06T22:25:39:       <ol>
2026-08-06T22:25:39:         
2026-08-06T22:25:39:           <li>
2026-08-06T22:25:39:             
2026-08-06T22:25:39:               <code>
2026-08-06T22:25:39:                 admin/
2026-08-06T22:25:39:                 
2026-08-06T22:25:39:               </code>
2026-08-06T22:25:39:             
2026-08-06T22:25:39:           </li>
2026-08-06T22:25:39:         
2026-08-06T22:25:39:           <li>
2026-08-06T22:25:39:             
2026-08-06T22:25:39:               <code>
2026-08-06T22:25:39:                 api/v1/test/
2026-08-06T22:25:39:                 
2026-08-06T22:25:39:               </code>
2026-08-06T22:25:39:             
2026-08-06T22:25:39:           </li>
2026-08-06T22:25:39:         
2026-08-06T22:25:39:           <li>
2026-08-06T22:25:39:             
2026-08-06T22:25:39:               <code>
2026-08-06T22:25:39:                 ^media/(?P&lt;path&gt;.*)$
2026-08-06T22:25:39:                 
2026-08-06T22:25:39:               </code>
2026-08-06T22:25:39:             
2026-08-06T22:25:39:           </li>
2026-08-06T22:25:39:         
2026-08-06T22:25:39:       </ol>
2026-08-06T22:25:39:       <p>
2026-08-06T22:25:39:         
2026-08-06T22:25:39:           The current path, <code>api/v1/testusers/me/</code>,
2026-08-06T22:25:39:         
2026-08-06T22:25:39:         didn’t match any of these.
2026-08-06T22:25:39:       </p>
2026-08-06T22:25:39:     
2026-08-06T22:25:39:   </main>
2026-08-06T22:25:39: 
2026-08-06T22:25:39:   <footer id="explanation">
2026-08-06T22:25:39:     <p>
2026-08-06T22:25:39:       You’re seeing this error because you have <code>DEBUG = True</code> in
2026-08-06T22:25:39:       your Django settings file. Change that to <code>False</code>, and Django
2026-08-06T22:25:39:       will display a standard 404 page.
2026-08-06T22:25:39:     </p>
2026-08-06T22:25:39:   </footer>
2026-08-06T22:25:39: </body>
2026-08-06T22:25:39: </html>
2026-08-06T22:25:39: 
2026-08-06T22:25:39: Current user API route called
2026-08-06T22:25:39: Auth header present: true
2026-08-06T22:25:39: Making request to backend: https://system.gecogames.com/api/v1/testusers/me/
2026-08-06T22:25:39: Backend response status: 404
2026-08-06T22:25:39: Backend response ok: false
2026-08-06T22:25:39: Backend error response: <!DOCTYPE html>
2026-08-06T22:25:39: <html lang="en">
2026-08-06T22:25:39: <head>
2026-08-06T22:25:39:   <meta http-equiv="content-type" content="text/html; charset=utf-8">
2026-08-06T22:25:39:   <title>Page not found at /api/v1/testusers/me/</title>
2026-08-06T22:25:39:   <meta name="robots" content="NONE,NOARCHIVE">
2026-08-06T22:25:39:   <style>
2026-08-06T22:25:39:     html * { padding:0; margin:0; }
2026-08-06T22:25:39:     body * { padding:10px 20px; }
2026-08-06T22:25:39:     body * * { padding:0; }
2026-08-06T22:25:39:     body { font-family: sans-serif; background:#eee; color:#000; }
2026-08-06T22:25:39:     body > :where(header, main, footer) { border-bottom:1px solid #ddd; }
2026-08-06T22:25:39:     h1 { font-weight:normal; margin-bottom:.4em; }
2026-08-06T22:25:39:     h1 small { font-size:60%; color:#666; font-weight:normal; }
2026-08-06T22:25:39:     table { border:none; border-collapse: collapse; width:100%; }
2026-08-06T22:25:39:     td, th { vertical-align:top; padding:2px 3px; }
2026-08-06T22:25:39:     th { width:12em; text-align:right; color:#666; padding-right:.5em; }
2026-08-06T22:25:39:     #info { background:#f6f6f6; }
2026-08-06T22:25:39:     #info ol { margin: 0.5em 4em; }
2026-08-06T22:25:39:     #info ol li { font-family: monospace; }
2026-08-06T22:25:39:     #summary { background: #ffc; }
2026-08-06T22:25:39:     #explanation { background:#eee; border-bottom: 0px none; }
2026-08-06T22:25:39:     pre.exception_value { font-family: sans-serif; color: #575757; font-size: 1.5em; margin: 10px 0 10px 0; }
2026-08-06T22:25:39:   </style>
2026-08-06T22:25:39: </head>
2026-08-06T22:25:39: <body>
2026-08-06T22:25:39:   <header id="summary">
2026-08-06T22:25:39:     <h1>Page not found <small>(404)</small></h1>
2026-08-06T22:25:39:     
2026-08-06T22:25:39:     <table class="meta">
2026-08-06T22:25:39:       <tr>
2026-08-06T22:25:39:         <th scope="row">Request Method:</th>
2026-08-06T22:25:39:         <td>GET</td>
2026-08-06T22:25:39:       </tr>
2026-08-06T22:25:39:       <tr>
2026-08-06T22:25:39:         <th scope="row">Request URL:</th>
2026-08-06T22:25:39:         <td>https://system.gecogames.com/api/v1/testusers/me/</td>
2026-08-06T22:25:39:       </tr>
2026-08-06T22:25:39:       
2026-08-06T22:25:39:     </table>
2026-08-06T22:25:39:   </header>
2026-08-06T22:25:39: 
2026-08-06T22:25:39:   <main id="info">
2026-08-06T22:25:39:     
2026-08-06T22:25:39:       <p>
2026-08-06T22:25:39:       Using the URLconf defined in <code>system.urls</code>,
2026-08-06T22:25:39:       Django tried these URL patterns, in this order:
2026-08-06T22:25:39:       </p>
2026-08-06T22:25:39:       <ol>
2026-08-06T22:25:39:         
2026-08-06T22:25:39:           <li>
2026-08-06T22:25:39:             
2026-08-06T22:25:39:               <code>
2026-08-06T22:25:39:                 admin/
2026-08-06T22:25:39:                 
2026-08-06T22:25:39:               </code>
2026-08-06T22:25:39:             
2026-08-06T22:25:39:           </li>
2026-08-06T22:25:39:         
2026-08-06T22:25:39:           <li>
2026-08-06T22:25:39:             
2026-08-06T22:25:39:               <code>
2026-08-06T22:25:39:                 api/v1/test/
2026-08-06T22:25:39:                 
2026-08-06T22:25:39:               </code>
2026-08-06T22:25:39:             
2026-08-06T22:25:39:           </li>
2026-08-06T22:25:39:         
2026-08-06T22:25:39:           <li>
2026-08-06T22:25:39:             
2026-08-06T22:25:39:               <code>
2026-08-06T22:25:39:                 ^media/(?P&lt;path&gt;.*)$
2026-08-06T22:25:39:                 
2026-08-06T22:25:39:               </code>
2026-08-06T22:25:39:             
2026-08-06T22:25:39:           </li>
2026-08-06T22:25:39:         
2026-08-06T22:25:39:       </ol>
2026-08-06T22:25:39:       <p>
2026-08-06T22:25:39:         
2026-08-06T22:25:39:           The current path, <code>api/v1/testusers/me/</code>,
2026-08-06T22:25:39:         
2026-08-06T22:25:39:         didn’t match any of these.
2026-08-06T22:25:39:       </p>
2026-08-06T22:25:39:     
2026-08-06T22:25:39:   </main>
2026-08-06T22:25:39: 
2026-08-06T22:25:39:   <footer id="explanation">
2026-08-06T22:25:39:     <p>
2026-08-06T22:25:39:       You’re seeing this error because you have <code>DEBUG = True</code> in
2026-08-06T22:25:39:       your Django settings file. Change that to <code>False</code>, and Django
2026-08-06T22:25:39:       will display a standard 404 page.
2026-08-06T22:25:39:     </p>
2026-08-06T22:25:39:   </footer>
2026-08-06T22:25:39: </body>
2026-08-06T22:25:39: </html>
2026-08-06T22:25:39: 
2026-08-06T22:25:39: Current user API route called
2026-08-06T22:25:39: Auth header present: true
2026-08-06T22:25:39: Making request to backend: https://system.gecogames.com/api/v1/testusers/me/
2026-08-06T22:25:39: Backend response status: 404
2026-08-06T22:25:39: Backend response ok: false
2026-08-06T22:25:39: Backend error response: <!DOCTYPE html>
2026-08-06T22:25:39: <html lang="en">
2026-08-06T22:25:39: <head>
2026-08-06T22:25:39:   <meta http-equiv="content-type" content="text/html; charset=utf-8">
2026-08-06T22:25:39:   <title>Page not found at /api/v1/testusers/me/</title>
2026-08-06T22:25:39:   <meta name="robots" content="NONE,NOARCHIVE">
2026-08-06T22:25:39:   <style>
2026-08-06T22:25:39:     html * { padding:0; margin:0; }
2026-08-06T22:25:39:     body * { padding:10px 20px; }
2026-08-06T22:25:39:     body * * { padding:0; }
2026-08-06T22:25:39:     body { font-family: sans-serif; background:#eee; color:#000; }
2026-08-06T22:25:39:     body > :where(header, main, footer) { border-bottom:1px solid #ddd; }
2026-08-06T22:25:39:     h1 { font-weight:normal; margin-bottom:.4em; }
2026-08-06T22:25:39:     h1 small { font-size:60%; color:#666; font-weight:normal; }
2026-08-06T22:25:39:     table { border:none; border-collapse: collapse; width:100%; }
2026-08-06T22:25:39:     td, th { vertical-align:top; padding:2px 3px; }
2026-08-06T22:25:39:     th { width:12em; text-align:right; color:#666; padding-right:.5em; }
2026-08-06T22:25:39:     #info { background:#f6f6f6; }
2026-08-06T22:25:39:     #info ol { margin: 0.5em 4em; }
2026-08-06T22:25:39:     #info ol li { font-family: monospace; }
2026-08-06T22:25:39:     #summary { background: #ffc; }
2026-08-06T22:25:39:     #explanation { background:#eee; border-bottom: 0px none; }
2026-08-06T22:25:39:     pre.exception_value { font-family: sans-serif; color: #575757; font-size: 1.5em; margin: 10px 0 10px 0; }
2026-08-06T22:25:39:   </style>
2026-08-06T22:25:39: </head>
2026-08-06T22:25:39: <body>
2026-08-06T22:25:39:   <header id="summary">
2026-08-06T22:25:39:     <h1>Page not found <small>(404)</small></h1>
2026-08-06T22:25:39:     
2026-08-06T22:25:39:     <table class="meta">
2026-08-06T22:25:39:       <tr>
2026-08-06T22:25:39:         <th scope="row">Request Method:</th>
2026-08-06T22:25:39:         <td>GET</td>
2026-08-06T22:25:39:       </tr>
2026-08-06T22:25:39:       <tr>
2026-08-06T22:25:39:         <th scope="row">Request URL:</th>
2026-08-06T22:25:39:         <td>https://system.gecogames.com/api/v1/testusers/me/</td>
2026-08-06T22:25:39:       </tr>
2026-08-06T22:25:39:       
2026-08-06T22:25:39:     </table>
2026-08-06T22:25:39:   </header>
2026-08-06T22:25:39: 
2026-08-06T22:25:39:   <main id="info">
2026-08-06T22:25:39:     
2026-08-06T22:25:39:       <p>
2026-08-06T22:25:39:       Using the URLconf defined in <code>system.urls</code>,
2026-08-06T22:25:39:       Django tried these URL patterns, in this order:
2026-08-06T22:25:39:       </p>
2026-08-06T22:25:39:       <ol>
2026-08-06T22:25:39:         
2026-08-06T22:25:39:           <li>
2026-08-06T22:25:39:             
2026-08-06T22:25:39:               <code>
2026-08-06T22:25:39:                 admin/
2026-08-06T22:25:39:                 
2026-08-06T22:25:39:               </code>
2026-08-06T22:25:39:             
2026-08-06T22:25:39:           </li>
2026-08-06T22:25:39:         
2026-08-06T22:25:39:           <li>
2026-08-06T22:25:39:             
2026-08-06T22:25:39:               <code>
2026-08-06T22:25:39:                 api/v1/test/
2026-08-06T22:25:39:                 
2026-08-06T22:25:39:               </code>
2026-08-06T22:25:39:             
2026-08-06T22:25:39:           </li>
2026-08-06T22:25:39:         
2026-08-06T22:25:39:           <li>
2026-08-06T22:25:39:             
2026-08-06T22:25:39:               <code>
2026-08-06T22:25:39:                 ^media/(?P&lt;path&gt;.*)$
2026-08-06T22:25:39:                 
2026-08-06T22:25:39:               </code>
2026-08-06T22:25:39:             
2026-08-06T22:25:39:           </li>
2026-08-06T22:25:39:         
2026-08-06T22:25:39:       </ol>
2026-08-06T22:25:39:       <p>
2026-08-06T22:25:39:         
2026-08-06T22:25:39:           The current path, <code>api/v1/testusers/me/</code>,
2026-08-06T22:25:39:         
2026-08-06T22:25:39:         didn’t match any of these.
2026-08-06T22:25:39:       </p>
2026-08-06T22:25:39:     
2026-08-06T22:25:39:   </main>
2026-08-06T22:25:39: 
2026-08-06T22:25:39:   <footer id="explanation">
2026-08-06T22:25:39:     <p>
2026-08-06T22:25:39:       You’re seeing this error because you have <code>DEBUG = True</code> in
2026-08-06T22:25:39:       your Django settings file. Change that to <code>False</code>, and Django
2026-08-06T22:25:39:       will display a standard 404 page.
2026-08-06T22:25:39:     </p>
2026-08-06T22:25:39:   </footer>
2026-08-06T22:25:39: </body>
2026-08-06T22:25:39: </html>
2026-08-06T22:25:39: 
2026-08-06T22:25:39: Current user API route called
2026-08-06T22:25:39: Auth header present: true
2026-08-06T22:25:39: Making request to backend: https://system.gecogames.com/api/v1/testusers/me/
2026-08-06T22:25:39: Backend response status: 404
2026-08-06T22:25:39: Backend response ok: false
2026-08-06T22:25:39: Backend error response: <!DOCTYPE html>
2026-08-06T22:25:39: <html lang="en">
2026-08-06T22:25:39: <head>
2026-08-06T22:25:39:   <meta http-equiv="content-type" content="text/html; charset=utf-8">
2026-08-06T22:25:39:   <title>Page not found at /api/v1/testusers/me/</title>
2026-08-06T22:25:39:   <meta name="robots" content="NONE,NOARCHIVE">
2026-08-06T22:25:39:   <style>
2026-08-06T22:25:39:     html * { padding:0; margin:0; }
2026-08-06T22:25:39:     body * { padding:10px 20px; }
2026-08-06T22:25:39:     body * * { padding:0; }
2026-08-06T22:25:39:     body { font-family: sans-serif; background:#eee; color:#000; }
2026-08-06T22:25:39:     body > :where(header, main, footer) { border-bottom:1px solid #ddd; }
2026-08-06T22:25:39:     h1 { font-weight:normal; margin-bottom:.4em; }
2026-08-06T22:25:39:     h1 small { font-size:60%; color:#666; font-weight:normal; }
2026-08-06T22:25:39:     table { border:none; border-collapse: collapse; width:100%; }
2026-08-06T22:25:39:     td, th { vertical-align:top; padding:2px 3px; }
2026-08-06T22:25:39:     th { width:12em; text-align:right; color:#666; padding-right:.5em; }
2026-08-06T22:25:39:     #info { background:#f6f6f6; }
2026-08-06T22:25:39:     #info ol { margin: 0.5em 4em; }
2026-08-06T22:25:39:     #info ol li { font-family: monospace; }
2026-08-06T22:25:39:     #summary { background: #ffc; }
2026-08-06T22:25:39:     #explanation { background:#eee; border-bottom: 0px none; }
2026-08-06T22:25:39:     pre.exception_value { font-family: sans-serif; color: #575757; font-size: 1.5em; margin: 10px 0 10px 0; }
2026-08-06T22:25:39:   </style>
2026-08-06T22:25:39: </head>
2026-08-06T22:25:39: <body>
2026-08-06T22:25:39:   <header id="summary">
2026-08-06T22:25:39:     <h1>Page not found <small>(404)</small></h1>
2026-08-06T22:25:39:     
2026-08-06T22:25:39:     <table class="meta">
2026-08-06T22:25:39:       <tr>
2026-08-06T22:25:39:         <th scope="row">Request Method:</th>
2026-08-06T22:25:39:         <td>GET</td>
2026-08-06T22:25:39:       </tr>
2026-08-06T22:25:39:       <tr>
2026-08-06T22:25:39:         <th scope="row">Request URL:</th>
2026-08-06T22:25:39:         <td>https://system.gecogames.com/api/v1/testusers/me/</td>
2026-08-06T22:25:39:       </tr>
2026-08-06T22:25:39:       
2026-08-06T22:25:39:     </table>
2026-08-06T22:25:39:   </header>
2026-08-06T22:25:39: 
2026-08-06T22:25:39:   <main id="info">
2026-08-06T22:25:39:     
2026-08-06T22:25:39:       <p>
2026-08-06T22:25:39:       Using the URLconf defined in <code>system.urls</code>,
2026-08-06T22:25:39:       Django tried these URL patterns, in this order:
2026-08-06T22:25:39:       </p>
2026-08-06T22:25:39:       <ol>
2026-08-06T22:25:39:         
2026-08-06T22:25:39:           <li>
2026-08-06T22:25:39:             
2026-08-06T22:25:39:               <code>
2026-08-06T22:25:39:                 admin/
2026-08-06T22:25:39:                 
2026-08-06T22:25:39:               </code>
2026-08-06T22:25:39:             
2026-08-06T22:25:39:           </li>
2026-08-06T22:25:39:         
2026-08-06T22:25:39:           <li>
2026-08-06T22:25:39:             
2026-08-06T22:25:39:               <code>
2026-08-06T22:25:39:                 api/v1/test/
2026-08-06T22:25:39:                 
2026-08-06T22:25:39:               </code>
2026-08-06T22:25:39:             
2026-08-06T22:25:39:           </li>
2026-08-06T22:25:39:         
2026-08-06T22:25:39:           <li>
2026-08-06T22:25:39:             
2026-08-06T22:25:39:               <code>
2026-08-06T22:25:39:                 ^media/(?P&lt;path&gt;.*)$
2026-08-06T22:25:39:                 
2026-08-06T22:25:39:               </code>
2026-08-06T22:25:39:             
2026-08-06T22:25:39:           </li>
2026-08-06T22:25:39:         
2026-08-06T22:25:39:       </ol>
2026-08-06T22:25:39:       <p>
2026-08-06T22:25:39:         
2026-08-06T22:25:39:           The current path, <code>api/v1/testusers/me/</code>,
2026-08-06T22:25:39:         
2026-08-06T22:25:39:         didn’t match any of these.
2026-08-06T22:25:39:       </p>
2026-08-06T22:25:39:     
2026-08-06T22:25:39:   </main>
2026-08-06T22:25:39: 
2026-08-06T22:25:39:   <footer id="explanation">
2026-08-06T22:25:39:     <p>
2026-08-06T22:25:39:       You’re seeing this error because you have <code>DEBUG = True</code> in
2026-08-06T22:25:39:       your Django settings file. Change that to <code>False</code>, and Django
2026-08-06T22:25:39:       will display a standard 404 page.
2026-08-06T22:25:39:     </p>
2026-08-06T22:25:39:   </footer>
2026-08-06T22:25:39: </body>
2026-08-06T22:25:39: </html>
2026-08-06T22:25:39: 
2026-08-06T22:25:39: Current user API route called
2026-08-06T22:25:39: Auth header present: true
2026-08-06T22:25:39: Making request to backend: https://system.gecogames.com/api/v1/testusers/me/
2026-08-06T22:25:39: Backend response status: 404
2026-08-06T22:25:39: Backend response ok: false
2026-08-06T22:25:39: Backend error response: <!DOCTYPE html>
2026-08-06T22:25:39: <html lang="en">
2026-08-06T22:25:39: <head>
2026-08-06T22:25:39:   <meta http-equiv="content-type" content="text/html; charset=utf-8">
2026-08-06T22:25:39:   <title>Page not found at /api/v1/testusers/me/</title>
2026-08-06T22:25:39:   <meta name="robots" content="NONE,NOARCHIVE">
2026-08-06T22:25:39:   <style>
2026-08-06T22:25:39:     html * { padding:0; margin:0; }
2026-08-06T22:25:39:     body * { padding:10px 20px; }
2026-08-06T22:25:39:     body * * { padding:0; }
2026-08-06T22:25:39:     body { font-family: sans-serif; background:#eee; color:#000; }
2026-08-06T22:25:39:     body > :where(header, main, footer) { border-bottom:1px solid #ddd; }
2026-08-06T22:25:39:     h1 { font-weight:normal; margin-bottom:.4em; }
2026-08-06T22:25:39:     h1 small { font-size:60%; color:#666; font-weight:normal; }
2026-08-06T22:25:39:     table { border:none; border-collapse: collapse; width:100%; }
2026-08-06T22:25:39:     td, th { vertical-align:top; padding:2px 3px; }
2026-08-06T22:25:39:     th { width:12em; text-align:right; color:#666; padding-right:.5em; }
2026-08-06T22:25:39:     #info { background:#f6f6f6; }
2026-08-06T22:25:39:     #info ol { margin: 0.5em 4em; }
2026-08-06T22:25:39:     #info ol li { font-family: monospace; }
2026-08-06T22:25:39:     #summary { background: #ffc; }
2026-08-06T22:25:39:     #explanation { background:#eee; border-bottom: 0px none; }
2026-08-06T22:25:39:     pre.exception_value { font-family: sans-serif; color: #575757; font-size: 1.5em; margin: 10px 0 10px 0; }
2026-08-06T22:25:39:   </style>
2026-08-06T22:25:39: </head>
2026-08-06T22:25:39: <body>
2026-08-06T22:25:39:   <header id="summary">
2026-08-06T22:25:39:     <h1>Page not found <small>(404)</small></h1>
2026-08-06T22:25:39:     
2026-08-06T22:25:39:     <table class="meta">
2026-08-06T22:25:39:       <tr>
2026-08-06T22:25:39:         <th scope="row">Request Method:</th>
2026-08-06T22:25:39:         <td>GET</td>
2026-08-06T22:25:39:       </tr>
2026-08-06T22:25:39:       <tr>
2026-08-06T22:25:39:         <th scope="row">Request URL:</th>
2026-08-06T22:25:39:         <td>https://system.gecogames.com/api/v1/testusers/me/</td>
2026-08-06T22:25:39:       </tr>
2026-08-06T22:25:39:       
2026-08-06T22:25:39:     </table>
2026-08-06T22:25:39:   </header>
2026-08-06T22:25:39: 
2026-08-06T22:25:39:   <main id="info">
2026-08-06T22:25:39:     
2026-08-06T22:25:39:       <p>
2026-08-06T22:25:39:       Using the URLconf defined in <code>system.urls</code>,
2026-08-06T22:25:39:       Django tried these URL patterns, in this order:
2026-08-06T22:25:39:       </p>
2026-08-06T22:25:39:       <ol>
2026-08-06T22:25:39:         
2026-08-06T22:25:39:           <li>
2026-08-06T22:25:39:             
2026-08-06T22:25:39:               <code>
2026-08-06T22:25:39:                 admin/
2026-08-06T22:25:39:                 
2026-08-06T22:25:39:               </code>
2026-08-06T22:25:39:             
2026-08-06T22:25:39:           </li>
2026-08-06T22:25:39:         
2026-08-06T22:25:39:           <li>
2026-08-06T22:25:39:             
2026-08-06T22:25:39:               <code>
2026-08-06T22:25:39:                 api/v1/test/
2026-08-06T22:25:39:                 
2026-08-06T22:25:39:               </code>
2026-08-06T22:25:39:             
2026-08-06T22:25:39:           </li>
2026-08-06T22:25:39:         
2026-08-06T22:25:39:           <li>
2026-08-06T22:25:39:             
2026-08-06T22:25:39:               <code>
2026-08-06T22:25:39:                 ^media/(?P&lt;path&gt;.*)$
2026-08-06T22:25:39:                 
2026-08-06T22:25:39:               </code>
2026-08-06T22:25:39:             
2026-08-06T22:25:39:           </li>
2026-08-06T22:25:39:         
2026-08-06T22:25:39:       </ol>
2026-08-06T22:25:39:       <p>
2026-08-06T22:25:39:         
2026-08-06T22:25:39:           The current path, <code>api/v1/testusers/me/</code>,
2026-08-06T22:25:39:         
2026-08-06T22:25:39:         didn’t match any of these.
2026-08-06T22:25:39:       </p>
2026-08-06T22:25:39:     
2026-08-06T22:25:39:   </main>
2026-08-06T22:25:39: 
2026-08-06T22:25:39:   <footer id="explanation">
2026-08-06T22:25:39:     <p>
2026-08-06T22:25:39:       You’re seeing this error because you have <code>DEBUG = True</code> in
2026-08-06T22:25:39:       your Django settings file. Change that to <code>False</code>, and Django
2026-08-06T22:25:39:       will display a standard 404 page.
2026-08-06T22:25:39:     </p>
2026-08-06T22:25:39:   </footer>
2026-08-06T22:25:39: </body>
2026-08-06T22:25:39: </html>
2026-08-06T22:25:39: 
2026-08-06T22:25:39: Current user API route called
2026-08-06T22:25:39: Auth header present: true
2026-08-06T22:25:39: Making request to backend: https://system.gecogames.com/api/v1/testusers/me/
2026-08-06T22:25:39: Backend response status: 404
2026-08-06T22:25:39: Backend response ok: false
2026-08-06T22:25:39: Backend error response: <!DOCTYPE html>
2026-08-06T22:25:39: <html lang="en">
2026-08-06T22:25:39: <head>
2026-08-06T22:25:39:   <meta http-equiv="content-type" content="text/html; charset=utf-8">
2026-08-06T22:25:39:   <title>Page not found at /api/v1/testusers/me/</title>
2026-08-06T22:25:39:   <meta name="robots" content="NONE,NOARCHIVE">
2026-08-06T22:25:39:   <style>
2026-08-06T22:25:39:     html * { padding:0; margin:0; }
2026-08-06T22:25:39:     body * { padding:10px 20px; }
2026-08-06T22:25:39:     body * * { padding:0; }
2026-08-06T22:25:39:     body { font-family: sans-serif; background:#eee; color:#000; }
2026-08-06T22:25:39:     body > :where(header, main, footer) { border-bottom:1px solid #ddd; }
2026-08-06T22:25:39:     h1 { font-weight:normal; margin-bottom:.4em; }
2026-08-06T22:25:39:     h1 small { font-size:60%; color:#666; font-weight:normal; }
2026-08-06T22:25:39:     table { border:none; border-collapse: collapse; width:100%; }
2026-08-06T22:25:39:     td, th { vertical-align:top; padding:2px 3px; }
2026-08-06T22:25:39:     th { width:12em; text-align:right; color:#666; padding-right:.5em; }
2026-08-06T22:25:39:     #info { background:#f6f6f6; }
2026-08-06T22:25:39:     #info ol { margin: 0.5em 4em; }
2026-08-06T22:25:39:     #info ol li { font-family: monospace; }
2026-08-06T22:25:39:     #summary { background: #ffc; }
2026-08-06T22:25:39:     #explanation { background:#eee; border-bottom: 0px none; }
2026-08-06T22:25:39:     pre.exception_value { font-family: sans-serif; color: #575757; font-size: 1.5em; margin: 10px 0 10px 0; }
2026-08-06T22:25:39:   </style>
2026-08-06T22:25:39: </head>
2026-08-06T22:25:39: <body>
2026-08-06T22:25:39:   <header id="summary">
2026-08-06T22:25:39:     <h1>Page not found <small>(404)</small></h1>
2026-08-06T22:25:39:     
2026-08-06T22:25:39:     <table class="meta">
2026-08-06T22:25:39:       <tr>
2026-08-06T22:25:39:         <th scope="row">Request Method:</th>
2026-08-06T22:25:39:         <td>GET</td>
2026-08-06T22:25:39:       </tr>
2026-08-06T22:25:39:       <tr>
2026-08-06T22:25:39:         <th scope="row">Request URL:</th>
2026-08-06T22:25:39:         <td>https://system.gecogames.com/api/v1/testusers/me/</td>
2026-08-06T22:25:39:       </tr>
2026-08-06T22:25:39:       
2026-08-06T22:25:39:     </table>
2026-08-06T22:25:39:   </header>
2026-08-06T22:25:39: 
2026-08-06T22:25:39:   <main id="info">
2026-08-06T22:25:39:     
2026-08-06T22:25:39:       <p>
2026-08-06T22:25:39:       Using the URLconf defined in <code>system.urls</code>,
2026-08-06T22:25:39:       Django tried these URL patterns, in this order:
2026-08-06T22:25:39:       </p>
2026-08-06T22:25:39:       <ol>
2026-08-06T22:25:39:         
2026-08-06T22:25:39:           <li>
2026-08-06T22:25:39:             
2026-08-06T22:25:39:               <code>
2026-08-06T22:25:39:                 admin/
2026-08-06T22:25:39:                 
2026-08-06T22:25:39:               </code>
2026-08-06T22:25:39:             
2026-08-06T22:25:39:           </li>
2026-08-06T22:25:39:         
2026-08-06T22:25:39:           <li>
2026-08-06T22:25:39:             
2026-08-06T22:25:39:               <code>
2026-08-06T22:25:39:                 api/v1/test/
2026-08-06T22:25:39:                 
2026-08-06T22:25:39:               </code>
2026-08-06T22:25:39:             
2026-08-06T22:25:39:           </li>
2026-08-06T22:25:39:         
2026-08-06T22:25:39:           <li>
2026-08-06T22:25:39:             
2026-08-06T22:25:39:               <code>
2026-08-06T22:25:39:                 ^media/(?P&lt;path&gt;.*)$
2026-08-06T22:25:39:                 
2026-08-06T22:25:39:               </code>
2026-08-06T22:25:39:             
2026-08-06T22:25:39:           </li>
2026-08-06T22:25:39:         
2026-08-06T22:25:39:       </ol>
2026-08-06T22:25:39:       <p>
2026-08-06T22:25:39:         
2026-08-06T22:25:39:           The current path, <code>api/v1/testusers/me/</code>,
2026-08-06T22:25:39:         
2026-08-06T22:25:39:         didn’t match any of these.
2026-08-06T22:25:39:       </p>
2026-08-06T22:25:39:     
2026-08-06T22:25:39:   </main>
2026-08-06T22:25:39: 
2026-08-06T22:25:39:   <footer id="explanation">
2026-08-06T22:25:39:     <p>
2026-08-06T22:25:39:       You’re seeing this error because you have <code>DEBUG = True</code> in
2026-08-06T22:25:39:       your Django settings file. Change that to <code>False</code>, and Django
2026-08-06T22:25:39:       will display a standard 404 page.
2026-08-06T22:25:39:     </p>
2026-08-06T22:25:39:   </footer>
2026-08-06T22:25:39: </body>
2026-08-06T22:25:39: </html>
2026-08-06T22:25:39: 
2026-08-06T22:25:40: Current user API route called
2026-08-06T22:25:40: Auth header present: true
2026-08-06T22:25:40: Making request to backend: https://system.gecogames.com/api/v1/testusers/me/
2026-08-06T22:25:40: Backend response status: 404
2026-08-06T22:25:40: Backend response ok: false
2026-08-06T22:25:40: Backend error response: <!DOCTYPE html>
2026-08-06T22:25:40: <html lang="en">
2026-08-06T22:25:40: <head>
2026-08-06T22:25:40:   <meta http-equiv="content-type" content="text/html; charset=utf-8">
2026-08-06T22:25:40:   <title>Page not found at /api/v1/testusers/me/</title>
2026-08-06T22:25:40:   <meta name="robots" content="NONE,NOARCHIVE">
2026-08-06T22:25:40:   <style>
2026-08-06T22:25:40:     html * { padding:0; margin:0; }
2026-08-06T22:25:40:     body * { padding:10px 20px; }
2026-08-06T22:25:40:     body * * { padding:0; }
2026-08-06T22:25:40:     body { font-family: sans-serif; background:#eee; color:#000; }
2026-08-06T22:25:40:     body > :where(header, main, footer) { border-bottom:1px solid #ddd; }
2026-08-06T22:25:40:     h1 { font-weight:normal; margin-bottom:.4em; }
2026-08-06T22:25:40:     h1 small { font-size:60%; color:#666; font-weight:normal; }
2026-08-06T22:25:40:     table { border:none; border-collapse: collapse; width:100%; }
2026-08-06T22:25:40:     td, th { vertical-align:top; padding:2px 3px; }
2026-08-06T22:25:40:     th { width:12em; text-align:right; color:#666; padding-right:.5em; }
2026-08-06T22:25:40:     #info { background:#f6f6f6; }
2026-08-06T22:25:40:     #info ol { margin: 0.5em 4em; }
2026-08-06T22:25:40:     #info ol li { font-family: monospace; }
2026-08-06T22:25:40:     #summary { background: #ffc; }
2026-08-06T22:25:40:     #explanation { background:#eee; border-bottom: 0px none; }
2026-08-06T22:25:40:     pre.exception_value { font-family: sans-serif; color: #575757; font-size: 1.5em; margin: 10px 0 10px 0; }
2026-08-06T22:25:40:   </style>
2026-08-06T22:25:40: </head>
2026-08-06T22:25:40: <body>
2026-08-06T22:25:40:   <header id="summary">
2026-08-06T22:25:40:     <h1>Page not found <small>(404)</small></h1>
2026-08-06T22:25:40:     
2026-08-06T22:25:40:     <table class="meta">
2026-08-06T22:25:40:       <tr>
2026-08-06T22:25:40:         <th scope="row">Request Method:</th>
2026-08-06T22:25:40:         <td>GET</td>
2026-08-06T22:25:40:       </tr>
2026-08-06T22:25:40:       <tr>
2026-08-06T22:25:40:         <th scope="row">Request URL:</th>
2026-08-06T22:25:40:         <td>https://system.gecogames.com/api/v1/testusers/me/</td>
2026-08-06T22:25:40:       </tr>
2026-08-06T22:25:40:       
2026-08-06T22:25:40:     </table>
2026-08-06T22:25:40:   </header>
2026-08-06T22:25:40: 
2026-08-06T22:25:40:   <main id="info">
2026-08-06T22:25:40:     
2026-08-06T22:25:40:       <p>
2026-08-06T22:25:40:       Using the URLconf defined in <code>system.urls</code>,
2026-08-06T22:25:40:       Django tried these URL patterns, in this order:
2026-08-06T22:25:40:       </p>
2026-08-06T22:25:40:       <ol>
2026-08-06T22:25:40:         
2026-08-06T22:25:40:           <li>
2026-08-06T22:25:40:             
2026-08-06T22:25:40:               <code>
2026-08-06T22:25:40:                 admin/
2026-08-06T22:25:40:                 
2026-08-06T22:25:40:               </code>
2026-08-06T22:25:40:             
2026-08-06T22:25:40:           </li>
2026-08-06T22:25:40:         
2026-08-06T22:25:40:           <li>
2026-08-06T22:25:40:             
2026-08-06T22:25:40:               <code>
2026-08-06T22:25:40:                 api/v1/test/
2026-08-06T22:25:40:                 
2026-08-06T22:25:40:               </code>
2026-08-06T22:25:40:             
2026-08-06T22:25:40:           </li>
2026-08-06T22:25:40:         
2026-08-06T22:25:40:           <li>
2026-08-06T22:25:40:             
2026-08-06T22:25:40:               <code>
2026-08-06T22:25:40:                 ^media/(?P&lt;path&gt;.*)$
2026-08-06T22:25:40:                 
2026-08-06T22:25:40:               </code>
2026-08-06T22:25:40:             
2026-08-06T22:25:40:           </li>
2026-08-06T22:25:40:         
2026-08-06T22:25:40:       </ol>
2026-08-06T22:25:40:       <p>
2026-08-06T22:25:40:         
2026-08-06T22:25:40:           The current path, <code>api/v1/testusers/me/</code>,
2026-08-06T22:25:40:         
2026-08-06T22:25:40:         didn’t match any of these.
2026-08-06T22:25:40:       </p>
2026-08-06T22:25:40:     
2026-08-06T22:25:40:   </main>
2026-08-06T22:25:40: 
2026-08-06T22:25:40:   <footer id="explanation">
2026-08-06T22:25:40:     <p>
2026-08-06T22:25:40:       You’re seeing this error because you have <code>DEBUG = True</code> in
2026-08-06T22:25:40:       your Django settings file. Change that to <code>False</code>, and Django
2026-08-06T22:25:40:       will display a standard 404 page.
2026-08-06T22:25:40:     </p>
2026-08-06T22:25:40:   </footer>
2026-08-06T22:25:40: </body>
2026-08-06T22:25:40: </html>
2026-08-06T22:25:40: 
2026-08-06T22:25:40: Current user API route called
2026-08-06T22:25:40: Auth header present: true
2026-08-06T22:25:40: Making request to backend: https://system.gecogames.com/api/v1/testusers/me/
2026-08-06T22:25:40: Backend response status: 404
2026-08-06T22:25:40: Backend response ok: false
2026-08-06T22:25:40: Backend error response: <!DOCTYPE html>
2026-08-06T22:25:40: <html lang="en">
2026-08-06T22:25:40: <head>
2026-08-06T22:25:40:   <meta http-equiv="content-type" content="text/html; charset=utf-8">
2026-08-06T22:25:40:   <title>Page not found at /api/v1/testusers/me/</title>
2026-08-06T22:25:40:   <meta name="robots" content="NONE,NOARCHIVE">
2026-08-06T22:25:40:   <style>
2026-08-06T22:25:40:     html * { padding:0; margin:0; }
2026-08-06T22:25:40:     body * { padding:10px 20px; }
2026-08-06T22:25:40:     body * * { padding:0; }
2026-08-06T22:25:40:     body { font-family: sans-serif; background:#eee; color:#000; }
2026-08-06T22:25:40:     body > :where(header, main, footer) { border-bottom:1px solid #ddd; }
2026-08-06T22:25:40:     h1 { font-weight:normal; margin-bottom:.4em; }
2026-08-06T22:25:40:     h1 small { font-size:60%; color:#666; font-weight:normal; }
2026-08-06T22:25:40:     table { border:none; border-collapse: collapse; width:100%; }
2026-08-06T22:25:40:     td, th { vertical-align:top; padding:2px 3px; }
2026-08-06T22:25:40:     th { width:12em; text-align:right; color:#666; padding-right:.5em; }
2026-08-06T22:25:40:     #info { background:#f6f6f6; }
2026-08-06T22:25:40:     #info ol { margin: 0.5em 4em; }
2026-08-06T22:25:40:     #info ol li { font-family: monospace; }
2026-08-06T22:25:40:     #summary { background: #ffc; }
2026-08-06T22:25:40:     #explanation { background:#eee; border-bottom: 0px none; }
2026-08-06T22:25:40:     pre.exception_value { font-family: sans-serif; color: #575757; font-size: 1.5em; margin: 10px 0 10px 0; }
2026-08-06T22:25:40:   </style>
2026-08-06T22:25:40: </head>
2026-08-06T22:25:40: <body>
2026-08-06T22:25:40:   <header id="summary">
2026-08-06T22:25:40:     <h1>Page not found <small>(404)</small></h1>
2026-08-06T22:25:40:     
2026-08-06T22:25:40:     <table class="meta">
2026-08-06T22:25:40:       <tr>
2026-08-06T22:25:40:         <th scope="row">Request Method:</th>
2026-08-06T22:25:40:         <td>GET</td>
2026-08-06T22:25:40:       </tr>
2026-08-06T22:25:40:       <tr>
2026-08-06T22:25:40:         <th scope="row">Request URL:</th>
2026-08-06T22:25:40:         <td>https://system.gecogames.com/api/v1/testusers/me/</td>
2026-08-06T22:25:40:       </tr>
2026-08-06T22:25:40:       
2026-08-06T22:25:40:     </table>
2026-08-06T22:25:40:   </header>
2026-08-06T22:25:40: 
2026-08-06T22:25:40:   <main id="info">
2026-08-06T22:25:40:     
2026-08-06T22:25:40:       <p>
2026-08-06T22:25:40:       Using the URLconf defined in <code>system.urls</code>,
2026-08-06T22:25:40:       Django tried these URL patterns, in this order:
2026-08-06T22:25:40:       </p>
2026-08-06T22:25:40:       <ol>
2026-08-06T22:25:40:         
2026-08-06T22:25:40:           <li>
2026-08-06T22:25:40:             
2026-08-06T22:25:40:               <code>
2026-08-06T22:25:40:                 admin/
2026-08-06T22:25:40:                 
2026-08-06T22:25:40:               </code>
2026-08-06T22:25:40:             
2026-08-06T22:25:40:           </li>
2026-08-06T22:25:40:         
2026-08-06T22:25:40:           <li>
2026-08-06T22:25:40:             
2026-08-06T22:25:40:               <code>
2026-08-06T22:25:40:                 api/v1/test/
2026-08-06T22:25:40:                 
2026-08-06T22:25:40:               </code>
2026-08-06T22:25:40:             
2026-08-06T22:25:40:           </li>
2026-08-06T22:25:40:         
2026-08-06T22:25:40:           <li>
2026-08-06T22:25:40:             
2026-08-06T22:25:40:               <code>
2026-08-06T22:25:40:                 ^media/(?P&lt;path&gt;.*)$
2026-08-06T22:25:40:                 
2026-08-06T22:25:40:               </code>
2026-08-06T22:25:40:             
2026-08-06T22:25:40:           </li>
2026-08-06T22:25:40:         
2026-08-06T22:25:40:       </ol>
2026-08-06T22:25:40:       <p>
2026-08-06T22:25:40:         
2026-08-06T22:25:40:           The current path, <code>api/v1/testusers/me/</code>,
2026-08-06T22:25:40:         
2026-08-06T22:25:40:         didn’t match any of these.
2026-08-06T22:25:40:       </p>
2026-08-06T22:25:40:     
2026-08-06T22:25:40:   </main>
2026-08-06T22:25:40: 
2026-08-06T22:25:40:   <footer id="explanation">
2026-08-06T22:25:40:     <p>
2026-08-06T22:25:40:       You’re seeing this error because you have <code>DEBUG = True</code> in
2026-08-06T22:25:40:       your Django settings file. Change that to <code>False</code>, and Django
2026-08-06T22:25:40:       will display a standard 404 page.
2026-08-06T22:25:40:     </p>
2026-08-06T22:25:40:   </footer>
2026-08-06T22:25:40: </body>
2026-08-06T22:25:40: </html>
2026-08-06T22:25:40: 
2026-08-06T22:25:40: Current user API route called
2026-08-06T22:25:40: Auth header present: true
2026-08-06T22:25:40: Making request to backend: https://system.gecogames.com/api/v1/testusers/me/
2026-08-06T22:25:40: Backend response status: 404
2026-08-06T22:25:40: Backend response ok: false
2026-08-06T22:25:40: Backend error response: <!DOCTYPE html>
2026-08-06T22:25:40: <html lang="en">
2026-08-06T22:25:40: <head>
2026-08-06T22:25:40:   <meta http-equiv="content-type" content="text/html; charset=utf-8">
2026-08-06T22:25:40:   <title>Page not found at /api/v1/testusers/me/</title>
2026-08-06T22:25:40:   <meta name="robots" content="NONE,NOARCHIVE">
2026-08-06T22:25:40:   <style>
2026-08-06T22:25:40:     html * { padding:0; margin:0; }
2026-08-06T22:25:40:     body * { padding:10px 20px; }
2026-08-06T22:25:40:     body * * { padding:0; }
2026-08-06T22:25:40:     body { font-family: sans-serif; background:#eee; color:#000; }
2026-08-06T22:25:40:     body > :where(header, main, footer) { border-bottom:1px solid #ddd; }
2026-08-06T22:25:40:     h1 { font-weight:normal; margin-bottom:.4em; }
2026-08-06T22:25:40:     h1 small { font-size:60%; color:#666; font-weight:normal; }
2026-08-06T22:25:40:     table { border:none; border-collapse: collapse; width:100%; }
2026-08-06T22:25:40:     td, th { vertical-align:top; padding:2px 3px; }
2026-08-06T22:25:40:     th { width:12em; text-align:right; color:#666; padding-right:.5em; }
2026-08-06T22:25:40:     #info { background:#f6f6f6; }
2026-08-06T22:25:40:     #info ol { margin: 0.5em 4em; }
2026-08-06T22:25:40:     #info ol li { font-family: monospace; }
2026-08-06T22:25:40:     #summary { background: #ffc; }
2026-08-06T22:25:40:     #explanation { background:#eee; border-bottom: 0px none; }
2026-08-06T22:25:40:     pre.exception_value { font-family: sans-serif; color: #575757; font-size: 1.5em; margin: 10px 0 10px 0; }
2026-08-06T22:25:40:   </style>
2026-08-06T22:25:40: </head>
2026-08-06T22:25:40: <body>
2026-08-06T22:25:40:   <header id="summary">
2026-08-06T22:25:40:     <h1>Page not found <small>(404)</small></h1>
2026-08-06T22:25:40:     
2026-08-06T22:25:40:     <table class="meta">
2026-08-06T22:25:40:       <tr>
2026-08-06T22:25:40:         <th scope="row">Request Method:</th>
2026-08-06T22:25:40:         <td>GET</td>
2026-08-06T22:25:40:       </tr>
2026-08-06T22:25:40:       <tr>
2026-08-06T22:25:40:         <th scope="row">Request URL:</th>
2026-08-06T22:25:40:         <td>https://system.gecogames.com/api/v1/testusers/me/</td>
2026-08-06T22:25:40:       </tr>
2026-08-06T22:25:40:       
2026-08-06T22:25:40:     </table>
2026-08-06T22:25:40:   </header>
2026-08-06T22:25:40: 
2026-08-06T22:25:40:   <main id="info">
2026-08-06T22:25:40:     
2026-08-06T22:25:40:       <p>
2026-08-06T22:25:40:       Using the URLconf defined in <code>system.urls</code>,
2026-08-06T22:25:40:       Django tried these URL patterns, in this order:
2026-08-06T22:25:40:       </p>
2026-08-06T22:25:40:       <ol>
2026-08-06T22:25:40:         
2026-08-06T22:25:40:           <li>
2026-08-06T22:25:40:             
2026-08-06T22:25:40:               <code>
2026-08-06T22:25:40:                 admin/
2026-08-06T22:25:40:                 
2026-08-06T22:25:40:               </code>
2026-08-06T22:25:40:             
2026-08-06T22:25:40:           </li>
2026-08-06T22:25:40:         
2026-08-06T22:25:40:           <li>
2026-08-06T22:25:40:             
2026-08-06T22:25:40:               <code>
2026-08-06T22:25:40:                 api/v1/test/
2026-08-06T22:25:40:                 
2026-08-06T22:25:40:               </code>
2026-08-06T22:25:40:             
2026-08-06T22:25:40:           </li>
2026-08-06T22:25:40:         
2026-08-06T22:25:40:           <li>
2026-08-06T22:25:40:             
2026-08-06T22:25:40:               <code>
2026-08-06T22:25:40:                 ^media/(?P&lt;path&gt;.*)$
2026-08-06T22:25:40:                 
2026-08-06T22:25:40:               </code>
2026-08-06T22:25:40:             
2026-08-06T22:25:40:           </li>
2026-08-06T22:25:40:         
2026-08-06T22:25:40:       </ol>
2026-08-06T22:25:40:       <p>
2026-08-06T22:25:40:         
2026-08-06T22:25:40:           The current path, <code>api/v1/testusers/me/</code>,
2026-08-06T22:25:40:         
2026-08-06T22:25:40:         didn’t match any of these.
2026-08-06T22:25:40:       </p>
2026-08-06T22:25:40:     
2026-08-06T22:25:40:   </main>
2026-08-06T22:25:40: 
2026-08-06T22:25:40:   <footer id="explanation">
2026-08-06T22:25:40:     <p>
2026-08-06T22:25:40:       You’re seeing this error because you have <code>DEBUG = True</code> in
2026-08-06T22:25:40:       your Django settings file. Change that to <code>False</code>, and Django
2026-08-06T22:25:40:       will display a standard 404 page.
2026-08-06T22:25:40:     </p>
2026-08-06T22:25:40:   </footer>
2026-08-06T22:25:40: </body>
2026-08-06T22:25:40: </html>
2026-08-06T22:25:40: 
2026-08-06T22:25:40: Current user API route called
2026-08-06T22:25:40: Auth header present: true
2026-08-06T22:25:40: Making request to backend: https://system.gecogames.com/api/v1/testusers/me/
2026-08-06T22:25:40: Backend response status: 404
2026-08-06T22:25:40: Backend response ok: false
2026-08-06T22:25:40: Backend error response: <!DOCTYPE html>
2026-08-06T22:25:40: <html lang="en">
2026-08-06T22:25:40: <head>
2026-08-06T22:25:40:   <meta http-equiv="content-type" content="text/html; charset=utf-8">
2026-08-06T22:25:40:   <title>Page not found at /api/v1/testusers/me/</title>
2026-08-06T22:25:40:   <meta name="robots" content="NONE,NOARCHIVE">
2026-08-06T22:25:40:   <style>
2026-08-06T22:25:40:     html * { padding:0; margin:0; }
2026-08-06T22:25:40:     body * { padding:10px 20px; }
2026-08-06T22:25:40:     body * * { padding:0; }
2026-08-06T22:25:40:     body { font-family: sans-serif; background:#eee; color:#000; }
2026-08-06T22:25:40:     body > :where(header, main, footer) { border-bottom:1px solid #ddd; }
2026-08-06T22:25:40:     h1 { font-weight:normal; margin-bottom:.4em; }
2026-08-06T22:25:40:     h1 small { font-size:60%; color:#666; font-weight:normal; }
2026-08-06T22:25:40:     table { border:none; border-collapse: collapse; width:100%; }
2026-08-06T22:25:40:     td, th { vertical-align:top; padding:2px 3px; }
2026-08-06T22:25:40:     th { width:12em; text-align:right; color:#666; padding-right:.5em; }
2026-08-06T22:25:40:     #info { background:#f6f6f6; }
2026-08-06T22:25:40:     #info ol { margin: 0.5em 4em; }
2026-08-06T22:25:40:     #info ol li { font-family: monospace; }
2026-08-06T22:25:40:     #summary { background: #ffc; }
2026-08-06T22:25:40:     #explanation { background:#eee; border-bottom: 0px none; }
2026-08-06T22:25:40:     pre.exception_value { font-family: sans-serif; color: #575757; font-size: 1.5em; margin: 10px 0 10px 0; }
2026-08-06T22:25:40:   </style>
2026-08-06T22:25:40: </head>
2026-08-06T22:25:40: <body>
2026-08-06T22:25:40:   <header id="summary">
2026-08-06T22:25:40:     <h1>Page not found <small>(404)</small></h1>
2026-08-06T22:25:40:     
2026-08-06T22:25:40:     <table class="meta">
2026-08-06T22:25:40:       <tr>
2026-08-06T22:25:40:         <th scope="row">Request Method:</th>
2026-08-06T22:25:40:         <td>GET</td>
2026-08-06T22:25:40:       </tr>
2026-08-06T22:25:40:       <tr>
2026-08-06T22:25:40:         <th scope="row">Request URL:</th>
2026-08-06T22:25:40:         <td>https://system.gecogames.com/api/v1/testusers/me/</td>
2026-08-06T22:25:40:       </tr>
2026-08-06T22:25:40:       
2026-08-06T22:25:40:     </table>
2026-08-06T22:25:40:   </header>
2026-08-06T22:25:40: 
2026-08-06T22:25:40:   <main id="info">
2026-08-06T22:25:40:     
2026-08-06T22:25:40:       <p>
2026-08-06T22:25:40:       Using the URLconf defined in <code>system.urls</code>,
2026-08-06T22:25:40:       Django tried these URL patterns, in this order:
2026-08-06T22:25:40:       </p>
2026-08-06T22:25:40:       <ol>
2026-08-06T22:25:40:         
2026-08-06T22:25:40:           <li>
2026-08-06T22:25:40:             
2026-08-06T22:25:40:               <code>
2026-08-06T22:25:40:                 admin/
2026-08-06T22:25:40:                 
2026-08-06T22:25:40:               </code>
2026-08-06T22:25:40:             
2026-08-06T22:25:40:           </li>
2026-08-06T22:25:40:         
2026-08-06T22:25:40:           <li>
2026-08-06T22:25:40:             
2026-08-06T22:25:40:               <code>
2026-08-06T22:25:40:                 api/v1/test/
2026-08-06T22:25:40:                 
2026-08-06T22:25:40:               </code>
2026-08-06T22:25:40:             
2026-08-06T22:25:40:           </li>
2026-08-06T22:25:40:         
2026-08-06T22:25:40:           <li>
2026-08-06T22:25:40:             
2026-08-06T22:25:40:               <code>
2026-08-06T22:25:40:                 ^media/(?P&lt;path&gt;.*)$
2026-08-06T22:25:40:                 
2026-08-06T22:25:40:               </code>
2026-08-06T22:25:40:             
2026-08-06T22:25:40:           </li>
2026-08-06T22:25:40:         
2026-08-06T22:25:40:       </ol>
2026-08-06T22:25:40:       <p>
2026-08-06T22:25:40:         
2026-08-06T22:25:40:           The current path, <code>api/v1/testusers/me/</code>,
2026-08-06T22:25:40:         
2026-08-06T22:25:40:         didn’t match any of these.
2026-08-06T22:25:40:       </p>
2026-08-06T22:25:40:     
2026-08-06T22:25:40:   </main>
2026-08-06T22:25:40: 
2026-08-06T22:25:40:   <footer id="explanation">
2026-08-06T22:25:40:     <p>
2026-08-06T22:25:40:       You’re seeing this error because you have <code>DEBUG = True</code> in
2026-08-06T22:25:40:       your Django settings file. Change that to <code>False</code>, and Django
2026-08-06T22:25:40:       will display a standard 404 page.
2026-08-06T22:25:40:     </p>
2026-08-06T22:25:40:   </footer>
2026-08-06T22:25:40: </body>
2026-08-06T22:25:40: </html>
2026-08-06T22:25:40: 
2026-08-06T22:25:40: Current user API route called
2026-08-06T22:25:40: Auth header present: true
2026-08-06T22:25:40: Making request to backend: https://system.gecogames.com/api/v1/testusers/me/
2026-08-06T22:25:40: Backend response status: 404
2026-08-06T22:25:40: Backend response ok: false
2026-08-06T22:25:40: Backend error response: <!DOCTYPE html>
2026-08-06T22:25:40: <html lang="en">
2026-08-06T22:25:40: <head>
2026-08-06T22:25:40:   <meta http-equiv="content-type" content="text/html; charset=utf-8">
2026-08-06T22:25:40:   <title>Page not found at /api/v1/testusers/me/</title>
2026-08-06T22:25:40:   <meta name="robots" content="NONE,NOARCHIVE">
2026-08-06T22:25:40:   <style>
2026-08-06T22:25:40:     html * { padding:0; margin:0; }
2026-08-06T22:25:40:     body * { padding:10px 20px; }
2026-08-06T22:25:40:     body * * { padding:0; }
2026-08-06T22:25:40:     body { font-family: sans-serif; background:#eee; color:#000; }
2026-08-06T22:25:40:     body > :where(header, main, footer) { border-bottom:1px solid #ddd; }
2026-08-06T22:25:40:     h1 { font-weight:normal; margin-bottom:.4em; }
2026-08-06T22:25:40:     h1 small { font-size:60%; color:#666; font-weight:normal; }
2026-08-06T22:25:40:     table { border:none; border-collapse: collapse; width:100%; }
2026-08-06T22:25:40:     td, th { vertical-align:top; padding:2px 3px; }
2026-08-06T22:25:40:     th { width:12em; text-align:right; color:#666; padding-right:.5em; }
2026-08-06T22:25:40:     #info { background:#f6f6f6; }
2026-08-06T22:25:40:     #info ol { margin: 0.5em 4em; }
2026-08-06T22:25:40:     #info ol li { font-family: monospace; }
2026-08-06T22:25:40:     #summary { background: #ffc; }
2026-08-06T22:25:40:     #explanation { background:#eee; border-bottom: 0px none; }
2026-08-06T22:25:40:     pre.exception_value { font-family: sans-serif; color: #575757; font-size: 1.5em; margin: 10px 0 10px 0; }
2026-08-06T22:25:40:   </style>
2026-08-06T22:25:40: </head>
2026-08-06T22:25:40: <body>
2026-08-06T22:25:40:   <header id="summary">
2026-08-06T22:25:40:     <h1>Page not found <small>(404)</small></h1>
2026-08-06T22:25:40:     
2026-08-06T22:25:40:     <table class="meta">
2026-08-06T22:25:40:       <tr>
2026-08-06T22:25:40:         <th scope="row">Request Method:</th>
2026-08-06T22:25:40:         <td>GET</td>
2026-08-06T22:25:40:       </tr>
2026-08-06T22:25:40:       <tr>
2026-08-06T22:25:40:         <th scope="row">Request URL:</th>
2026-08-06T22:25:40:         <td>https://system.gecogames.com/api/v1/testusers/me/</td>
2026-08-06T22:25:40:       </tr>
2026-08-06T22:25:40:       
2026-08-06T22:25:40:     </table>
2026-08-06T22:25:40:   </header>
2026-08-06T22:25:40: 
2026-08-06T22:25:40:   <main id="info">
2026-08-06T22:25:40:     
2026-08-06T22:25:40:       <p>
2026-08-06T22:25:40:       Using the URLconf defined in <code>system.urls</code>,
2026-08-06T22:25:40:       Django tried these URL patterns, in this order:
2026-08-06T22:25:40:       </p>
2026-08-06T22:25:40:       <ol>
2026-08-06T22:25:40:         
2026-08-06T22:25:40:           <li>
2026-08-06T22:25:40:             
2026-08-06T22:25:40:               <code>
2026-08-06T22:25:40:                 admin/
2026-08-06T22:25:40:                 
2026-08-06T22:25:40:               </code>
2026-08-06T22:25:40:             
2026-08-06T22:25:40:           </li>
2026-08-06T22:25:40:         
2026-08-06T22:25:40:           <li>
2026-08-06T22:25:40:             
2026-08-06T22:25:40:               <code>
2026-08-06T22:25:40:                 api/v1/test/
2026-08-06T22:25:40:                 
2026-08-06T22:25:40:               </code>
2026-08-06T22:25:40:             
2026-08-06T22:25:40:           </li>
2026-08-06T22:25:40:         
2026-08-06T22:25:40:           <li>
2026-08-06T22:25:40:             
2026-08-06T22:25:40:               <code>
2026-08-06T22:25:40:                 ^media/(?P&lt;path&gt;.*)$
2026-08-06T22:25:40:                 
2026-08-06T22:25:40:               </code>
2026-08-06T22:25:40:             
2026-08-06T22:25:40:           </li>
2026-08-06T22:25:40:         
2026-08-06T22:25:40:       </ol>
2026-08-06T22:25:40:       <p>
2026-08-06T22:25:40:         
2026-08-06T22:25:40:           The current path, <code>api/v1/testusers/me/</code>,
2026-08-06T22:25:40:         
2026-08-06T22:25:40:         didn’t match any of these.
2026-08-06T22:25:40:       </p>
2026-08-06T22:25:40:     
2026-08-06T22:25:40:   </main>
2026-08-06T22:25:40: 
2026-08-06T22:25:40:   <footer id="explanation">
2026-08-06T22:25:40:     <p>
2026-08-06T22:25:40:       You’re seeing this error because you have <code>DEBUG = True</code> in
2026-08-06T22:25:40:       your Django settings file. Change that to <code>False</code>, and Django
2026-08-06T22:25:40:       will display a standard 404 page.
2026-08-06T22:25:40:     </p>
2026-08-06T22:25:40:   </footer>
2026-08-06T22:25:40: </body>
2026-08-06T22:25:40: </html>
2026-08-06T22:25:40: 
2026-08-06T22:25:40: Current user API route called
2026-08-06T22:25:40: Auth header present: true
2026-08-06T22:25:40: Making request to backend: https://system.gecogames.com/api/v1/testusers/me/
2026-08-06T22:25:40: Backend response status: 404
2026-08-06T22:25:40: Backend response ok: false
2026-08-06T22:25:40: Backend error response: <!DOCTYPE html>
2026-08-06T22:25:40: <html lang="en">
2026-08-06T22:25:40: <head>
2026-08-06T22:25:40:   <meta http-equiv="content-type" content="text/html; charset=utf-8">
2026-08-06T22:25:40:   <title>Page not found at /api/v1/testusers/me/</title>
2026-08-06T22:25:40:   <meta name="robots" content="NONE,NOARCHIVE">
2026-08-06T22:25:40:   <style>
2026-08-06T22:25:40:     html * { padding:0; margin:0; }
2026-08-06T22:25:40:     body * { padding:10px 20px; }
2026-08-06T22:25:40:     body * * { padding:0; }
2026-08-06T22:25:40:     body { font-family: sans-serif; background:#eee; color:#000; }
2026-08-06T22:25:40:     body > :where(header, main, footer) { border-bottom:1px solid #ddd; }
2026-08-06T22:25:40:     h1 { font-weight:normal; margin-bottom:.4em; }
2026-08-06T22:25:40:     h1 small { font-size:60%; color:#666; font-weight:normal; }
2026-08-06T22:25:40:     table { border:none; border-collapse: collapse; width:100%; }
2026-08-06T22:25:40:     td, th { vertical-align:top; padding:2px 3px; }
2026-08-06T22:25:40:     th { width:12em; text-align:right; color:#666; padding-right:.5em; }
2026-08-06T22:25:40:     #info { background:#f6f6f6; }
2026-08-06T22:25:40:     #info ol { margin: 0.5em 4em; }
2026-08-06T22:25:40:     #info ol li { font-family: monospace; }
2026-08-06T22:25:40:     #summary { background: #ffc; }
2026-08-06T22:25:40:     #explanation { background:#eee; border-bottom: 0px none; }
2026-08-06T22:25:40:     pre.exception_value { font-family: sans-serif; color: #575757; font-size: 1.5em; margin: 10px 0 10px 0; }
2026-08-06T22:25:40:   </style>
2026-08-06T22:25:40: </head>
2026-08-06T22:25:40: <body>
2026-08-06T22:25:40:   <header id="summary">
2026-08-06T22:25:40:     <h1>Page not found <small>(404)</small></h1>
2026-08-06T22:25:40:     
2026-08-06T22:25:40:     <table class="meta">
2026-08-06T22:25:40:       <tr>
2026-08-06T22:25:40:         <th scope="row">Request Method:</th>
2026-08-06T22:25:40:         <td>GET</td>
2026-08-06T22:25:40:       </tr>
2026-08-06T22:25:40:       <tr>
2026-08-06T22:25:40:         <th scope="row">Request URL:</th>
2026-08-06T22:25:40:         <td>https://system.gecogames.com/api/v1/testusers/me/</td>
2026-08-06T22:25:40:       </tr>
2026-08-06T22:25:40:       
2026-08-06T22:25:40:     </table>
2026-08-06T22:25:40:   </header>
2026-08-06T22:25:40: 
2026-08-06T22:25:40:   <main id="info">
2026-08-06T22:25:40:     
2026-08-06T22:25:40:       <p>
2026-08-06T22:25:40:       Using the URLconf defined in <code>system.urls</code>,
2026-08-06T22:25:40:       Django tried these URL patterns, in this order:
2026-08-06T22:25:40:       </p>
2026-08-06T22:25:40:       <ol>
2026-08-06T22:25:40:         
2026-08-06T22:25:40:           <li>
2026-08-06T22:25:40:             
2026-08-06T22:25:40:               <code>
2026-08-06T22:25:40:                 admin/
2026-08-06T22:25:40:                 
2026-08-06T22:25:40:               </code>
2026-08-06T22:25:40:             
2026-08-06T22:25:40:           </li>
2026-08-06T22:25:40:         
2026-08-06T22:25:40:           <li>
2026-08-06T22:25:40:             
2026-08-06T22:25:40:               <code>
2026-08-06T22:25:40:                 api/v1/test/
2026-08-06T22:25:40:                 
2026-08-06T22:25:40:               </code>
2026-08-06T22:25:40:             
2026-08-06T22:25:40:           </li>
2026-08-06T22:25:40:         
2026-08-06T22:25:40:           <li>
2026-08-06T22:25:40:             
2026-08-06T22:25:40:               <code>
2026-08-06T22:25:40:                 ^media/(?P&lt;path&gt;.*)$
2026-08-06T22:25:40:                 
2026-08-06T22:25:40:               </code>
2026-08-06T22:25:40:             
2026-08-06T22:25:40:           </li>
2026-08-06T22:25:40:         
2026-08-06T22:25:40:       </ol>
2026-08-06T22:25:40:       <p>
2026-08-06T22:25:40:         
2026-08-06T22:25:40:           The current path, <code>api/v1/testusers/me/</code>,
2026-08-06T22:25:40:         
2026-08-06T22:25:40:         didn’t match any of these.
2026-08-06T22:25:40:       </p>
2026-08-06T22:25:40:     
2026-08-06T22:25:40:   </main>
2026-08-06T22:25:40: 
2026-08-06T22:25:40:   <footer id="explanation">
2026-08-06T22:25:40:     <p>
2026-08-06T22:25:40:       You’re seeing this error because you have <code>DEBUG = True</code> in
2026-08-06T22:25:40:       your Django settings file. Change that to <code>False</code>, and Django
2026-08-06T22:25:40:       will display a standard 404 page.
2026-08-06T22:25:40:     </p>
2026-08-06T22:25:40:   </footer>
2026-08-06T22:25:40: </body>
2026-08-06T22:25:40: </html>
2026-08-06T22:25:40: 
2026-08-06T22:25:40: Current user API route called
2026-08-06T22:25:40: Auth header present: true
2026-08-06T22:25:40: Making request to backend: https://system.gecogames.com/api/v1/testusers/me/
2026-08-06T22:25:40: Backend response status: 404
2026-08-06T22:25:40: Backend response ok: false
2026-08-06T22:25:40: Backend error response: <!DOCTYPE html>
2026-08-06T22:25:40: <html lang="en">
2026-08-06T22:25:40: <head>
2026-08-06T22:25:40:   <meta http-equiv="content-type" content="text/html; charset=utf-8">
2026-08-06T22:25:40:   <title>Page not found at /api/v1/testusers/me/</title>
2026-08-06T22:25:40:   <meta name="robots" content="NONE,NOARCHIVE">
2026-08-06T22:25:40:   <style>
2026-08-06T22:25:40:     html * { padding:0; margin:0; }
2026-08-06T22:25:40:     body * { padding:10px 20px; }
2026-08-06T22:25:40:     body * * { padding:0; }
2026-08-06T22:25:40:     body { font-family: sans-serif; background:#eee; color:#000; }
2026-08-06T22:25:40:     body > :where(header, main, footer) { border-bottom:1px solid #ddd; }
2026-08-06T22:25:40:     h1 { font-weight:normal; margin-bottom:.4em; }
2026-08-06T22:25:40:     h1 small { font-size:60%; color:#666; font-weight:normal; }
2026-08-06T22:25:40:     table { border:none; border-collapse: collapse; width:100%; }
2026-08-06T22:25:40:     td, th { vertical-align:top; padding:2px 3px; }
2026-08-06T22:25:40:     th { width:12em; text-align:right; color:#666; padding-right:.5em; }
2026-08-06T22:25:40:     #info { background:#f6f6f6; }
2026-08-06T22:25:40:     #info ol { margin: 0.5em 4em; }
2026-08-06T22:25:40:     #info ol li { font-family: monospace; }
2026-08-06T22:25:40:     #summary { background: #ffc; }
2026-08-06T22:25:40:     #explanation { background:#eee; border-bottom: 0px none; }
2026-08-06T22:25:40:     pre.exception_value { font-family: sans-serif; color: #575757; font-size: 1.5em; margin: 10px 0 10px 0; }
2026-08-06T22:25:40:   </style>
2026-08-06T22:25:40: </head>
2026-08-06T22:25:40: <body>
2026-08-06T22:25:40:   <header id="summary">
2026-08-06T22:25:40:     <h1>Page not found <small>(404)</small></h1>
2026-08-06T22:25:40:     
2026-08-06T22:25:40:     <table class="meta">
2026-08-06T22:25:40:       <tr>
2026-08-06T22:25:40:         <th scope="row">Request Method:</th>
2026-08-06T22:25:40:         <td>GET</td>
2026-08-06T22:25:40:       </tr>
2026-08-06T22:25:40:       <tr>
2026-08-06T22:25:40:         <th scope="row">Request URL:</th>
2026-08-06T22:25:40:         <td>https://system.gecogames.com/api/v1/testusers/me/</td>
2026-08-06T22:25:40:       </tr>
2026-08-06T22:25:40:       
2026-08-06T22:25:40:     </table>
2026-08-06T22:25:40:   </header>
2026-08-06T22:25:40: 
2026-08-06T22:25:40:   <main id="info">
2026-08-06T22:25:40:     
2026-08-06T22:25:40:       <p>
2026-08-06T22:25:40:       Using the URLconf defined in <code>system.urls</code>,
2026-08-06T22:25:40:       Django tried these URL patterns, in this order:
2026-08-06T22:25:40:       </p>
2026-08-06T22:25:40:       <ol>
2026-08-06T22:25:40:         
2026-08-06T22:25:40:           <li>
2026-08-06T22:25:40:             
2026-08-06T22:25:40:               <code>
2026-08-06T22:25:40:                 admin/
2026-08-06T22:25:40:                 
2026-08-06T22:25:40:               </code>
2026-08-06T22:25:40:             
2026-08-06T22:25:40:           </li>
2026-08-06T22:25:40:         
2026-08-06T22:25:40:           <li>
2026-08-06T22:25:40:             
2026-08-06T22:25:40:               <code>
2026-08-06T22:25:40:                 api/v1/test/
2026-08-06T22:25:40:                 
2026-08-06T22:25:40:               </code>
2026-08-06T22:25:40:             
2026-08-06T22:25:40:           </li>
2026-08-06T22:25:40:         
2026-08-06T22:25:40:           <li>
2026-08-06T22:25:40:             
2026-08-06T22:25:40:               <code>
2026-08-06T22:25:40:                 ^media/(?P&lt;path&gt;.*)$
2026-08-06T22:25:40:                 
2026-08-06T22:25:40:               </code>
2026-08-06T22:25:40:             
2026-08-06T22:25:40:           </li>
2026-08-06T22:25:40:         
2026-08-06T22:25:40:       </ol>
2026-08-06T22:25:40:       <p>
2026-08-06T22:25:40:         
2026-08-06T22:25:40:           The current path, <code>api/v1/testusers/me/</code>,
2026-08-06T22:25:40:         
2026-08-06T22:25:40:         didn’t match any of these.
2026-08-06T22:25:40:       </p>
2026-08-06T22:25:40:     
2026-08-06T22:25:40:   </main>
2026-08-06T22:25:40: 
2026-08-06T22:25:40:   <footer id="explanation">
2026-08-06T22:25:40:     <p>
2026-08-06T22:25:40:       You’re seeing this error because you have <code>DEBUG = True</code> in
2026-08-06T22:25:40:       your Django settings file. Change that to <code>False</code>, and Django
2026-08-06T22:25:40:       will display a standard 404 page.
2026-08-06T22:25:40:     </p>
2026-08-06T22:25:40:   </footer>
2026-08-06T22:25:40: </body>
2026-08-06T22:25:40: </html>
2026-08-06T22:25:40: 
2026-08-06T22:25:40: Current user API route called
2026-08-06T22:25:40: Auth header present: true
2026-08-06T22:25:40: Making request to backend: https://system.gecogames.com/api/v1/testusers/me/
2026-08-06T22:25:40: Backend response status: 404
2026-08-06T22:25:40: Backend response ok: false
2026-08-06T22:25:40: Backend error response: <!DOCTYPE html>
2026-08-06T22:25:40: <html lang="en">
2026-08-06T22:25:40: <head>
2026-08-06T22:25:40:   <meta http-equiv="content-type" content="text/html; charset=utf-8">
2026-08-06T22:25:40:   <title>Page not found at /api/v1/testusers/me/</title>
2026-08-06T22:25:40:   <meta name="robots" content="NONE,NOARCHIVE">
2026-08-06T22:25:40:   <style>
2026-08-06T22:25:40:     html * { padding:0; margin:0; }
2026-08-06T22:25:40:     body * { padding:10px 20px; }
2026-08-06T22:25:40:     body * * { padding:0; }
2026-08-06T22:25:40:     body { font-family: sans-serif; background:#eee; color:#000; }
2026-08-06T22:25:40:     body > :where(header, main, footer) { border-bottom:1px solid #ddd; }
2026-08-06T22:25:40:     h1 { font-weight:normal; margin-bottom:.4em; }
2026-08-06T22:25:40:     h1 small { font-size:60%; color:#666; font-weight:normal; }
2026-08-06T22:25:40:     table { border:none; border-collapse: collapse; width:100%; }
2026-08-06T22:25:40:     td, th { vertical-align:top; padding:2px 3px; }
2026-08-06T22:25:40:     th { width:12em; text-align:right; color:#666; padding-right:.5em; }
2026-08-06T22:25:40:     #info { background:#f6f6f6; }
2026-08-06T22:25:40:     #info ol { margin: 0.5em 4em; }
2026-08-06T22:25:40:     #info ol li { font-family: monospace; }
2026-08-06T22:25:40:     #summary { background: #ffc; }
2026-08-06T22:25:40:     #explanation { background:#eee; border-bottom: 0px none; }
2026-08-06T22:25:40:     pre.exception_value { font-family: sans-serif; color: #575757; font-size: 1.5em; margin: 10px 0 10px 0; }
2026-08-06T22:25:40:   </style>
2026-08-06T22:25:40: </head>
2026-08-06T22:25:40: <body>
2026-08-06T22:25:40:   <header id="summary">
2026-08-06T22:25:40:     <h1>Page not found <small>(404)</small></h1>
2026-08-06T22:25:40:     
2026-08-06T22:25:40:     <table class="meta">
2026-08-06T22:25:40:       <tr>
2026-08-06T22:25:40:         <th scope="row">Request Method:</th>
2026-08-06T22:25:40:         <td>GET</td>
2026-08-06T22:25:40:       </tr>
2026-08-06T22:25:40:       <tr>
2026-08-06T22:25:40:         <th scope="row">Request URL:</th>
2026-08-06T22:25:40:         <td>https://system.gecogames.com/api/v1/testusers/me/</td>
2026-08-06T22:25:40:       </tr>
2026-08-06T22:25:40:       
2026-08-06T22:25:40:     </table>
2026-08-06T22:25:40:   </header>
2026-08-06T22:25:40: 
2026-08-06T22:25:40:   <main id="info">
2026-08-06T22:25:40:     
2026-08-06T22:25:40:       <p>
2026-08-06T22:25:40:       Using the URLconf defined in <code>system.urls</code>,
2026-08-06T22:25:40:       Django tried these URL patterns, in this order:
2026-08-06T22:25:40:       </p>
2026-08-06T22:25:40:       <ol>
2026-08-06T22:25:40:         
2026-08-06T22:25:40:           <li>
2026-08-06T22:25:40:             
2026-08-06T22:25:40:               <code>
2026-08-06T22:25:40:                 admin/
2026-08-06T22:25:40:                 
2026-08-06T22:25:40:               </code>
2026-08-06T22:25:40:             
2026-08-06T22:25:40:           </li>
2026-08-06T22:25:40:         
2026-08-06T22:25:40:           <li>
2026-08-06T22:25:40:             
2026-08-06T22:25:40:               <code>
2026-08-06T22:25:40:                 api/v1/test/
2026-08-06T22:25:40:                 
2026-08-06T22:25:40:               </code>
2026-08-06T22:25:40:             
2026-08-06T22:25:40:           </li>
2026-08-06T22:25:40:         
2026-08-06T22:25:40:           <li>
2026-08-06T22:25:40:             
2026-08-06T22:25:40:               <code>
2026-08-06T22:25:40:                 ^media/(?P&lt;path&gt;.*)$
2026-08-06T22:25:40:                 
2026-08-06T22:25:40:               </code>
2026-08-06T22:25:40:             
2026-08-06T22:25:40:           </li>
2026-08-06T22:25:40:         
2026-08-06T22:25:40:       </ol>
2026-08-06T22:25:40:       <p>
2026-08-06T22:25:40:         
2026-08-06T22:25:40:           The current path, <code>api/v1/testusers/me/</code>,
2026-08-06T22:25:40:         
2026-08-06T22:25:40:         didn’t match any of these.
2026-08-06T22:25:40:       </p>
2026-08-06T22:25:40:     
2026-08-06T22:25:40:   </main>
2026-08-06T22:25:40: 
2026-08-06T22:25:40:   <footer id="explanation">
2026-08-06T22:25:40:     <p>
2026-08-06T22:25:40:       You’re seeing this error because you have <code>DEBUG = True</code> in
2026-08-06T22:25:40:       your Django settings file. Change that to <code>False</code>, and Django
2026-08-06T22:25:40:       will display a standard 404 page.
2026-08-06T22:25:40:     </p>
2026-08-06T22:25:40:   </footer>
2026-08-06T22:25:40: </body>
2026-08-06T22:25:40: </html>
2026-08-06T22:25:40: 
2026-08-06T22:25:41: Current user API route called
2026-08-06T22:25:41: Auth header present: true
2026-08-06T22:25:41: Making request to backend: https://system.gecogames.com/api/v1/testusers/me/
2026-08-06T22:25:41: Backend response status: 404
2026-08-06T22:25:41: Backend response ok: false
2026-08-06T22:25:41: Backend error response: <!DOCTYPE html>
2026-08-06T22:25:41: <html lang="en">
2026-08-06T22:25:41: <head>
2026-08-06T22:25:41:   <meta http-equiv="content-type" content="text/html; charset=utf-8">
2026-08-06T22:25:41:   <title>Page not found at /api/v1/testusers/me/</title>
2026-08-06T22:25:41:   <meta name="robots" content="NONE,NOARCHIVE">
2026-08-06T22:25:41:   <style>
2026-08-06T22:25:41:     html * { padding:0; margin:0; }
2026-08-06T22:25:41:     body * { padding:10px 20px; }
2026-08-06T22:25:41:     body * * { padding:0; }
2026-08-06T22:25:41:     body { font-family: sans-serif; background:#eee; color:#000; }
2026-08-06T22:25:41:     body > :where(header, main, footer) { border-bottom:1px solid #ddd; }
2026-08-06T22:25:41:     h1 { font-weight:normal; margin-bottom:.4em; }
2026-08-06T22:25:41:     h1 small { font-size:60%; color:#666; font-weight:normal; }
2026-08-06T22:25:41:     table { border:none; border-collapse: collapse; width:100%; }
2026-08-06T22:25:41:     td, th { vertical-align:top; padding:2px 3px; }
2026-08-06T22:25:41:     th { width:12em; text-align:right; color:#666; padding-right:.5em; }
2026-08-06T22:25:41:     #info { background:#f6f6f6; }
2026-08-06T22:25:41:     #info ol { margin: 0.5em 4em; }
2026-08-06T22:25:41:     #info ol li { font-family: monospace; }
2026-08-06T22:25:41:     #summary { background: #ffc; }
2026-08-06T22:25:41:     #explanation { background:#eee; border-bottom: 0px none; }
2026-08-06T22:25:41:     pre.exception_value { font-family: sans-serif; color: #575757; font-size: 1.5em; margin: 10px 0 10px 0; }
2026-08-06T22:25:41:   </style>
2026-08-06T22:25:41: </head>
2026-08-06T22:25:41: <body>
2026-08-06T22:25:41:   <header id="summary">
2026-08-06T22:25:41:     <h1>Page not found <small>(404)</small></h1>
2026-08-06T22:25:41:     
2026-08-06T22:25:41:     <table class="meta">
2026-08-06T22:25:41:       <tr>
2026-08-06T22:25:41:         <th scope="row">Request Method:</th>
2026-08-06T22:25:41:         <td>GET</td>
2026-08-06T22:25:41:       </tr>
2026-08-06T22:25:41:       <tr>
2026-08-06T22:25:41:         <th scope="row">Request URL:</th>
2026-08-06T22:25:41:         <td>https://system.gecogames.com/api/v1/testusers/me/</td>
2026-08-06T22:25:41:       </tr>
2026-08-06T22:25:41:       
2026-08-06T22:25:41:     </table>
2026-08-06T22:25:41:   </header>
2026-08-06T22:25:41: 
2026-08-06T22:25:41:   <main id="info">
2026-08-06T22:25:41:     
2026-08-06T22:25:41:       <p>
2026-08-06T22:25:41:       Using the URLconf defined in <code>system.urls</code>,
2026-08-06T22:25:41:       Django tried these URL patterns, in this order:
2026-08-06T22:25:41:       </p>
2026-08-06T22:25:41:       <ol>
2026-08-06T22:25:41:         
2026-08-06T22:25:41:           <li>
2026-08-06T22:25:41:             
2026-08-06T22:25:41:               <code>
2026-08-06T22:25:41:                 admin/
2026-08-06T22:25:41:                 
2026-08-06T22:25:41:               </code>
2026-08-06T22:25:41:             
2026-08-06T22:25:41:           </li>
2026-08-06T22:25:41:         
2026-08-06T22:25:41:           <li>
2026-08-06T22:25:41:             
2026-08-06T22:25:41:               <code>
2026-08-06T22:25:41:                 api/v1/test/
2026-08-06T22:25:41:                 
2026-08-06T22:25:41:               </code>
2026-08-06T22:25:41:             
2026-08-06T22:25:41:           </li>
2026-08-06T22:25:41:         
2026-08-06T22:25:41:           <li>
2026-08-06T22:25:41:             
2026-08-06T22:25:41:               <code>
2026-08-06T22:25:41:                 ^media/(?P&lt;path&gt;.*)$
2026-08-06T22:25:41:                 
2026-08-06T22:25:41:               </code>
2026-08-06T22:25:41:             
2026-08-06T22:25:41:           </li>
2026-08-06T22:25:41:         
2026-08-06T22:25:41:       </ol>
2026-08-06T22:25:41:       <p>
2026-08-06T22:25:41:         
2026-08-06T22:25:41:           The current path, <code>api/v1/testusers/me/</code>,
2026-08-06T22:25:41:         
2026-08-06T22:25:41:         didn’t match any of these.
2026-08-06T22:25:41:       </p>
2026-08-06T22:25:41:     
2026-08-06T22:25:41:   </main>
2026-08-06T22:25:41: 
2026-08-06T22:25:41:   <footer id="explanation">
2026-08-06T22:25:41:     <p>
2026-08-06T22:25:41:       You’re seeing this error because you have <code>DEBUG = True</code> in
2026-08-06T22:25:41:       your Django settings file. Change that to <code>False</code>, and Django
2026-08-06T22:25:41:       will display a standard 404 page.
2026-08-06T22:25:41:     </p>
2026-08-06T22:25:41:   </footer>
2026-08-06T22:25:41: </body>
2026-08-06T22:25:41: </html>
2026-08-06T22:25:41: 
2026-08-06T22:25:41: Current user API route called
2026-08-06T22:25:41: Auth header present: true
2026-08-06T22:25:41: Making request to backend: https://system.gecogames.com/api/v1/testusers/me/
2026-08-06T22:25:41: Backend response status: 404
2026-08-06T22:25:41: Backend response ok: false
2026-08-06T22:25:41: Backend error response: <!DOCTYPE html>
2026-08-06T22:25:41: <html lang="en">
2026-08-06T22:25:41: <head>
2026-08-06T22:25:41:   <meta http-equiv="content-type" content="text/html; charset=utf-8">
2026-08-06T22:25:41:   <title>Page not found at /api/v1/testusers/me/</title>
2026-08-06T22:25:41:   <meta name="robots" content="NONE,NOARCHIVE">
2026-08-06T22:25:41:   <style>
2026-08-06T22:25:41:     html * { padding:0; margin:0; }
2026-08-06T22:25:41:     body * { padding:10px 20px; }
2026-08-06T22:25:41:     body * * { padding:0; }
2026-08-06T22:25:41:     body { font-family: sans-serif; background:#eee; color:#000; }
2026-08-06T22:25:41:     body > :where(header, main, footer) { border-bottom:1px solid #ddd; }
2026-08-06T22:25:41:     h1 { font-weight:normal; margin-bottom:.4em; }
2026-08-06T22:25:41:     h1 small { font-size:60%; color:#666; font-weight:normal; }
2026-08-06T22:25:41:     table { border:none; border-collapse: collapse; width:100%; }
2026-08-06T22:25:41:     td, th { vertical-align:top; padding:2px 3px; }
2026-08-06T22:25:41:     th { width:12em; text-align:right; color:#666; padding-right:.5em; }
2026-08-06T22:25:41:     #info { background:#f6f6f6; }
2026-08-06T22:25:41:     #info ol { margin: 0.5em 4em; }
2026-08-06T22:25:41:     #info ol li { font-family: monospace; }
2026-08-06T22:25:41:     #summary { background: #ffc; }
2026-08-06T22:25:41:     #explanation { background:#eee; border-bottom: 0px none; }
2026-08-06T22:25:41:     pre.exception_value { font-family: sans-serif; color: #575757; font-size: 1.5em; margin: 10px 0 10px 0; }
2026-08-06T22:25:41:   </style>
2026-08-06T22:25:41: </head>
2026-08-06T22:25:41: <body>
2026-08-06T22:25:41:   <header id="summary">
2026-08-06T22:25:41:     <h1>Page not found <small>(404)</small></h1>
2026-08-06T22:25:41:     
2026-08-06T22:25:41:     <table class="meta">
2026-08-06T22:25:41:       <tr>
2026-08-06T22:25:41:         <th scope="row">Request Method:</th>
2026-08-06T22:25:41:         <td>GET</td>
2026-08-06T22:25:41:       </tr>
2026-08-06T22:25:41:       <tr>
2026-08-06T22:25:41:         <th scope="row">Request URL:</th>
2026-08-06T22:25:41:         <td>https://system.gecogames.com/api/v1/testusers/me/</td>
2026-08-06T22:25:41:       </tr>
2026-08-06T22:25:41:       
2026-08-06T22:25:41:     </table>
2026-08-06T22:25:41:   </header>
2026-08-06T22:25:41: 
2026-08-06T22:25:41:   <main id="info">
2026-08-06T22:25:41:     
2026-08-06T22:25:41:       <p>
2026-08-06T22:25:41:       Using the URLconf defined in <code>system.urls</code>,
2026-08-06T22:25:41:       Django tried these URL patterns, in this order:
2026-08-06T22:25:41:       </p>
2026-08-06T22:25:41:       <ol>
2026-08-06T22:25:41:         
2026-08-06T22:25:41:           <li>
2026-08-06T22:25:41:             
2026-08-06T22:25:41:               <code>
2026-08-06T22:25:41:                 admin/
2026-08-06T22:25:41:                 
2026-08-06T22:25:41:               </code>
2026-08-06T22:25:41:             
2026-08-06T22:25:41:           </li>
2026-08-06T22:25:41:         
2026-08-06T22:25:41:           <li>
2026-08-06T22:25:41:             
2026-08-06T22:25:41:               <code>
2026-08-06T22:25:41:                 api/v1/test/
2026-08-06T22:25:41:                 
2026-08-06T22:25:41:               </code>
2026-08-06T22:25:41:             
2026-08-06T22:25:41:           </li>
2026-08-06T22:25:41:         
2026-08-06T22:25:41:           <li>
2026-08-06T22:25:41:             
2026-08-06T22:25:41:               <code>
2026-08-06T22:25:41:                 ^media/(?P&lt;path&gt;.*)$
2026-08-06T22:25:41:                 
2026-08-06T22:25:41:               </code>
2026-08-06T22:25:41:             
2026-08-06T22:25:41:           </li>
2026-08-06T22:25:41:         
2026-08-06T22:25:41:       </ol>
2026-08-06T22:25:41:       <p>
2026-08-06T22:25:41:         
2026-08-06T22:25:41:           The current path, <code>api/v1/testusers/me/</code>,
2026-08-06T22:25:41:         
2026-08-06T22:25:41:         didn’t match any of these.
2026-08-06T22:25:41:       </p>
2026-08-06T22:25:41:     
2026-08-06T22:25:41:   </main>
2026-08-06T22:25:41: 
2026-08-06T22:25:41:   <footer id="explanation">
2026-08-06T22:25:41:     <p>
2026-08-06T22:25:41:       You’re seeing this error because you have <code>DEBUG = True</code> in
2026-08-06T22:25:41:       your Django settings file. Change that to <code>False</code>, and Django
2026-08-06T22:25:41:       will display a standard 404 page.
2026-08-06T22:25:41:     </p>
2026-08-06T22:25:41:   </footer>
2026-08-06T22:25:41: </body>
2026-08-06T22:25:41: </html>
2026-08-06T22:25:41: 
2026-08-06T22:25:41: Current user API route called
2026-08-06T22:25:41: Auth header present: true
2026-08-06T22:25:41: Making request to backend: https://system.gecogames.com/api/v1/testusers/me/
2026-08-06T22:25:41: Backend response status: 404
2026-08-06T22:25:41: Backend response ok: false
2026-08-06T22:25:41: Backend error response: <!DOCTYPE html>
2026-08-06T22:25:41: <html lang="en">
2026-08-06T22:25:41: <head>
2026-08-06T22:25:41:   <meta http-equiv="content-type" content="text/html; charset=utf-8">
2026-08-06T22:25:41:   <title>Page not found at /api/v1/testusers/me/</title>
2026-08-06T22:25:41:   <meta name="robots" content="NONE,NOARCHIVE">
2026-08-06T22:25:41:   <style>
2026-08-06T22:25:41:     html * { padding:0; margin:0; }
2026-08-06T22:25:41:     body * { padding:10px 20px; }
2026-08-06T22:25:41:     body * * { padding:0; }
2026-08-06T22:25:41:     body { font-family: sans-serif; background:#eee; color:#000; }
2026-08-06T22:25:41:     body > :where(header, main, footer) { border-bottom:1px solid #ddd; }
2026-08-06T22:25:41:     h1 { font-weight:normal; margin-bottom:.4em; }
2026-08-06T22:25:41:     h1 small { font-size:60%; color:#666; font-weight:normal; }
2026-08-06T22:25:41:     table { border:none; border-collapse: collapse; width:100%; }
2026-08-06T22:25:41:     td, th { vertical-align:top; padding:2px 3px; }
2026-08-06T22:25:41:     th { width:12em; text-align:right; color:#666; padding-right:.5em; }
2026-08-06T22:25:41:     #info { background:#f6f6f6; }
2026-08-06T22:25:41:     #info ol { margin: 0.5em 4em; }
2026-08-06T22:25:41:     #info ol li { font-family: monospace; }
2026-08-06T22:25:41:     #summary { background: #ffc; }
2026-08-06T22:25:41:     #explanation { background:#eee; border-bottom: 0px none; }
2026-08-06T22:25:41:     pre.exception_value { font-family: sans-serif; color: #575757; font-size: 1.5em; margin: 10px 0 10px 0; }
2026-08-06T22:25:41:   </style>
2026-08-06T22:25:41: </head>
2026-08-06T22:25:41: <body>
2026-08-06T22:25:41:   <header id="summary">
2026-08-06T22:25:41:     <h1>Page not found <small>(404)</small></h1>
2026-08-06T22:25:41:     
2026-08-06T22:25:41:     <table class="meta">
2026-08-06T22:25:41:       <tr>
2026-08-06T22:25:41:         <th scope="row">Request Method:</th>
2026-08-06T22:25:41:         <td>GET</td>
2026-08-06T22:25:41:       </tr>
2026-08-06T22:25:41:       <tr>
2026-08-06T22:25:41:         <th scope="row">Request URL:</th>
2026-08-06T22:25:41:         <td>https://system.gecogames.com/api/v1/testusers/me/</td>
2026-08-06T22:25:41:       </tr>
2026-08-06T22:25:41:       
2026-08-06T22:25:41:     </table>
2026-08-06T22:25:41:   </header>
2026-08-06T22:25:41: 
2026-08-06T22:25:41:   <main id="info">
2026-08-06T22:25:41:     
2026-08-06T22:25:41:       <p>
2026-08-06T22:25:41:       Using the URLconf defined in <code>system.urls</code>,
2026-08-06T22:25:41:       Django tried these URL patterns, in this order:
2026-08-06T22:25:41:       </p>
2026-08-06T22:25:41:       <ol>
2026-08-06T22:25:41:         
2026-08-06T22:25:41:           <li>
2026-08-06T22:25:41:             
2026-08-06T22:25:41:               <code>
2026-08-06T22:25:41:                 admin/
2026-08-06T22:25:41:                 
2026-08-06T22:25:41:               </code>
2026-08-06T22:25:41:             
2026-08-06T22:25:41:           </li>
2026-08-06T22:25:41:         
2026-08-06T22:25:41:           <li>
2026-08-06T22:25:41:             
2026-08-06T22:25:41:               <code>
2026-08-06T22:25:41:                 api/v1/test/
2026-08-06T22:25:41:                 
2026-08-06T22:25:41:               </code>
2026-08-06T22:25:41:             
2026-08-06T22:25:41:           </li>
2026-08-06T22:25:41:         
2026-08-06T22:25:41:           <li>
2026-08-06T22:25:41:             
2026-08-06T22:25:41:               <code>
2026-08-06T22:25:41:                 ^media/(?P&lt;path&gt;.*)$
2026-08-06T22:25:41:                 
2026-08-06T22:25:41:               </code>
2026-08-06T22:25:41:             
2026-08-06T22:25:41:           </li>
2026-08-06T22:25:41:         
2026-08-06T22:25:41:       </ol>
2026-08-06T22:25:41:       <p>
2026-08-06T22:25:41:         
2026-08-06T22:25:41:           The current path, <code>api/v1/testusers/me/</code>,
2026-08-06T22:25:41:         
2026-08-06T22:25:41:         didn’t match any of these.
2026-08-06T22:25:41:       </p>
2026-08-06T22:25:41:     
2026-08-06T22:25:41:   </main>
2026-08-06T22:25:41: 
2026-08-06T22:25:41:   <footer id="explanation">
2026-08-06T22:25:41:     <p>
2026-08-06T22:25:41:       You’re seeing this error because you have <code>DEBUG = True</code> in
2026-08-06T22:25:41:       your Django settings file. Change that to <code>False</code>, and Django
2026-08-06T22:25:41:       will display a standard 404 page.
2026-08-06T22:25:41:     </p>
2026-08-06T22:25:41:   </footer>
2026-08-06T22:25:41: </body>
2026-08-06T22:25:41: </html>
2026-08-06T22:25:41: 
2026-08-06T22:25:41: Current user API route called
2026-08-06T22:25:41: Auth header present: true
2026-08-06T22:25:41: Making request to backend: https://system.gecogames.com/api/v1/testusers/me/
2026-08-06T22:25:41: Backend response status: 404
2026-08-06T22:25:41: Backend response ok: false
2026-08-06T22:25:41: Backend error response: <!DOCTYPE html>
2026-08-06T22:25:41: <html lang="en">
2026-08-06T22:25:41: <head>
2026-08-06T22:25:41:   <meta http-equiv="content-type" content="text/html; charset=utf-8">
2026-08-06T22:25:41:   <title>Page not found at /api/v1/testusers/me/</title>
2026-08-06T22:25:41:   <meta name="robots" content="NONE,NOARCHIVE">
2026-08-06T22:25:41:   <style>
2026-08-06T22:25:41:     html * { padding:0; margin:0; }
2026-08-06T22:25:41:     body * { padding:10px 20px; }
2026-08-06T22:25:41:     body * * { padding:0; }
2026-08-06T22:25:41:     body { font-family: sans-serif; background:#eee; color:#000; }
2026-08-06T22:25:41:     body > :where(header, main, footer) { border-bottom:1px solid #ddd; }
2026-08-06T22:25:41:     h1 { font-weight:normal; margin-bottom:.4em; }
2026-08-06T22:25:41:     h1 small { font-size:60%; color:#666; font-weight:normal; }
2026-08-06T22:25:41:     table { border:none; border-collapse: collapse; width:100%; }
2026-08-06T22:25:41:     td, th { vertical-align:top; padding:2px 3px; }
2026-08-06T22:25:41:     th { width:12em; text-align:right; color:#666; padding-right:.5em; }
2026-08-06T22:25:41:     #info { background:#f6f6f6; }
2026-08-06T22:25:41:     #info ol { margin: 0.5em 4em; }
2026-08-06T22:25:41:     #info ol li { font-family: monospace; }
2026-08-06T22:25:41:     #summary { background: #ffc; }
2026-08-06T22:25:41:     #explanation { background:#eee; border-bottom: 0px none; }
2026-08-06T22:25:41:     pre.exception_value { font-family: sans-serif; color: #575757; font-size: 1.5em; margin: 10px 0 10px 0; }
2026-08-06T22:25:41:   </style>
2026-08-06T22:25:41: </head>
2026-08-06T22:25:41: <body>
2026-08-06T22:25:41:   <header id="summary">
2026-08-06T22:25:41:     <h1>Page not found <small>(404)</small></h1>
2026-08-06T22:25:41:     
2026-08-06T22:25:41:     <table class="meta">
2026-08-06T22:25:41:       <tr>
2026-08-06T22:25:41:         <th scope="row">Request Method:</th>
2026-08-06T22:25:41:         <td>GET</td>
2026-08-06T22:25:41:       </tr>
2026-08-06T22:25:41:       <tr>
2026-08-06T22:25:41:         <th scope="row">Request URL:</th>
2026-08-06T22:25:41:         <td>https://system.gecogames.com/api/v1/testusers/me/</td>
2026-08-06T22:25:41:       </tr>
2026-08-06T22:25:41:       
2026-08-06T22:25:41:     </table>
2026-08-06T22:25:41:   </header>
2026-08-06T22:25:41: 
2026-08-06T22:25:41:   <main id="info">
2026-08-06T22:25:41:     
2026-08-06T22:25:41:       <p>
2026-08-06T22:25:41:       Using the URLconf defined in <code>system.urls</code>,
2026-08-06T22:25:41:       Django tried these URL patterns, in this order:
2026-08-06T22:25:41:       </p>
2026-08-06T22:25:41:       <ol>
2026-08-06T22:25:41:         
2026-08-06T22:25:41:           <li>
2026-08-06T22:25:41:             
2026-08-06T22:25:41:               <code>
2026-08-06T22:25:41:                 admin/
2026-08-06T22:25:41:                 
2026-08-06T22:25:41:               </code>
2026-08-06T22:25:41:             
2026-08-06T22:25:41:           </li>
2026-08-06T22:25:41:         
2026-08-06T22:25:41:           <li>
2026-08-06T22:25:41:             
2026-08-06T22:25:41:               <code>
2026-08-06T22:25:41:                 api/v1/test/
2026-08-06T22:25:41:                 
2026-08-06T22:25:41:               </code>
2026-08-06T22:25:41:             
2026-08-06T22:25:41:           </li>
2026-08-06T22:25:41:         
2026-08-06T22:25:41:           <li>
2026-08-06T22:25:41:             
2026-08-06T22:25:41:               <code>
2026-08-06T22:25:41:                 ^media/(?P&lt;path&gt;.*)$
2026-08-06T22:25:41:                 
2026-08-06T22:25:41:               </code>
2026-08-06T22:25:41:             
2026-08-06T22:25:41:           </li>
2026-08-06T22:25:41:         
2026-08-06T22:25:41:       </ol>
2026-08-06T22:25:41:       <p>
2026-08-06T22:25:41:         
2026-08-06T22:25:41:           The current path, <code>api/v1/testusers/me/</code>,
2026-08-06T22:25:41:         
2026-08-06T22:25:41:         didn’t match any of these.
2026-08-06T22:25:41:       </p>
2026-08-06T22:25:41:     
2026-08-06T22:25:41:   </main>
2026-08-06T22:25:41: 
2026-08-06T22:25:41:   <footer id="explanation">
2026-08-06T22:25:41:     <p>
2026-08-06T22:25:41:       You’re seeing this error because you have <code>DEBUG = True</code> in
2026-08-06T22:25:41:       your Django settings file. Change that to <code>False</code>, and Django
2026-08-06T22:25:41:       will display a standard 404 page.
2026-08-06T22:25:41:     </p>
2026-08-06T22:25:41:   </footer>
2026-08-06T22:25:41: </body>
2026-08-06T22:25:41: </html>
2026-08-06T22:25:41: 
2026-08-06T22:25:41: Current user API route called
2026-08-06T22:25:41: Auth header present: true
2026-08-06T22:25:41: Making request to backend: https://system.gecogames.com/api/v1/testusers/me/
2026-08-06T22:25:41: Backend response status: 404
2026-08-06T22:25:41: Backend response ok: false
2026-08-06T22:25:41: Backend error response: <!DOCTYPE html>
2026-08-06T22:25:41: <html lang="en">
2026-08-06T22:25:41: <head>
2026-08-06T22:25:41:   <meta http-equiv="content-type" content="text/html; charset=utf-8">
2026-08-06T22:25:41:   <title>Page not found at /api/v1/testusers/me/</title>
2026-08-06T22:25:41:   <meta name="robots" content="NONE,NOARCHIVE">
2026-08-06T22:25:41:   <style>
2026-08-06T22:25:41:     html * { padding:0; margin:0; }
2026-08-06T22:25:41:     body * { padding:10px 20px; }
2026-08-06T22:25:41:     body * * { padding:0; }
2026-08-06T22:25:41:     body { font-family: sans-serif; background:#eee; color:#000; }
2026-08-06T22:25:41:     body > :where(header, main, footer) { border-bottom:1px solid #ddd; }
2026-08-06T22:25:41:     h1 { font-weight:normal; margin-bottom:.4em; }
2026-08-06T22:25:41:     h1 small { font-size:60%; color:#666; font-weight:normal; }
2026-08-06T22:25:41:     table { border:none; border-collapse: collapse; width:100%; }
2026-08-06T22:25:41:     td, th { vertical-align:top; padding:2px 3px; }
2026-08-06T22:25:41:     th { width:12em; text-align:right; color:#666; padding-right:.5em; }
2026-08-06T22:25:41:     #info { background:#f6f6f6; }
2026-08-06T22:25:41:     #info ol { margin: 0.5em 4em; }
2026-08-06T22:25:41:     #info ol li { font-family: monospace; }
2026-08-06T22:25:41:     #summary { background: #ffc; }
2026-08-06T22:25:41:     #explanation { background:#eee; border-bottom: 0px none; }
2026-08-06T22:25:41:     pre.exception_value { font-family: sans-serif; color: #575757; font-size: 1.5em; margin: 10px 0 10px 0; }
2026-08-06T22:25:41:   </style>
2026-08-06T22:25:41: </head>
2026-08-06T22:25:41: <body>
2026-08-06T22:25:41:   <header id="summary">
2026-08-06T22:25:41:     <h1>Page not found <small>(404)</small></h1>
2026-08-06T22:25:41:     
2026-08-06T22:25:41:     <table class="meta">
2026-08-06T22:25:41:       <tr>
2026-08-06T22:25:41:         <th scope="row">Request Method:</th>
2026-08-06T22:25:41:         <td>GET</td>
2026-08-06T22:25:41:       </tr>
2026-08-06T22:25:41:       <tr>
2026-08-06T22:25:41:         <th scope="row">Request URL:</th>
2026-08-06T22:25:41:         <td>https://system.gecogames.com/api/v1/testusers/me/</td>
2026-08-06T22:25:41:       </tr>
2026-08-06T22:25:41:       
2026-08-06T22:25:41:     </table>
2026-08-06T22:25:41:   </header>
2026-08-06T22:25:41: 
2026-08-06T22:25:41:   <main id="info">
2026-08-06T22:25:41:     
2026-08-06T22:25:41:       <p>
2026-08-06T22:25:41:       Using the URLconf defined in <code>system.urls</code>,
2026-08-06T22:25:41:       Django tried these URL patterns, in this order:
2026-08-06T22:25:41:       </p>
2026-08-06T22:25:41:       <ol>
2026-08-06T22:25:41:         
2026-08-06T22:25:41:           <li>
2026-08-06T22:25:41:             
2026-08-06T22:25:41:               <code>
2026-08-06T22:25:41:                 admin/
2026-08-06T22:25:41:                 
2026-08-06T22:25:41:               </code>
2026-08-06T22:25:41:             
2026-08-06T22:25:41:           </li>
2026-08-06T22:25:41:         
2026-08-06T22:25:41:           <li>
2026-08-06T22:25:41:             
2026-08-06T22:25:41:               <code>
2026-08-06T22:25:41:                 api/v1/test/
2026-08-06T22:25:41:                 
2026-08-06T22:25:41:               </code>
2026-08-06T22:25:41:             
2026-08-06T22:25:41:           </li>
2026-08-06T22:25:41:         
2026-08-06T22:25:41:           <li>
2026-08-06T22:25:41:             
2026-08-06T22:25:41:               <code>
2026-08-06T22:25:41:                 ^media/(?P&lt;path&gt;.*)$
2026-08-06T22:25:41:                 
2026-08-06T22:25:41:               </code>
2026-08-06T22:25:41:             
2026-08-06T22:25:41:           </li>
2026-08-06T22:25:41:         
2026-08-06T22:25:41:       </ol>
2026-08-06T22:25:41:       <p>
2026-08-06T22:25:41:         
2026-08-06T22:25:41:           The current path, <code>api/v1/testusers/me/</code>,
2026-08-06T22:25:41:         
2026-08-06T22:25:41:         didn’t match any of these.
2026-08-06T22:25:41:       </p>
2026-08-06T22:25:41:     
2026-08-06T22:25:41:   </main>
2026-08-06T22:25:41: 
2026-08-06T22:25:41:   <footer id="explanation">
2026-08-06T22:25:41:     <p>
2026-08-06T22:25:41:       You’re seeing this error because you have <code>DEBUG = True</code> in
2026-08-06T22:25:41:       your Django settings file. Change that to <code>False</code>, and Django
2026-08-06T22:25:41:       will display a standard 404 page.
2026-08-06T22:25:41:     </p>
2026-08-06T22:25:41:   </footer>
2026-08-06T22:25:41: </body>
2026-08-06T22:25:41: </html>
2026-08-06T22:25:41: 
2026-08-06T22:25:41: Current user API route called
2026-08-06T22:25:41: Auth header present: true
2026-08-06T22:25:41: Making request to backend: https://system.gecogames.com/api/v1/testusers/me/
2026-08-06T22:25:41: Backend response status: 404
2026-08-06T22:25:41: Backend response ok: false
2026-08-06T22:25:41: Backend error response: <!DOCTYPE html>
2026-08-06T22:25:41: <html lang="en">
2026-08-06T22:25:41: <head>
2026-08-06T22:25:41:   <meta http-equiv="content-type" content="text/html; charset=utf-8">
2026-08-06T22:25:41:   <title>Page not found at /api/v1/testusers/me/</title>
2026-08-06T22:25:41:   <meta name="robots" content="NONE,NOARCHIVE">
2026-08-06T22:25:41:   <style>
2026-08-06T22:25:41:     html * { padding:0; margin:0; }
2026-08-06T22:25:41:     body * { padding:10px 20px; }
2026-08-06T22:25:41:     body * * { padding:0; }
2026-08-06T22:25:41:     body { font-family: sans-serif; background:#eee; color:#000; }
2026-08-06T22:25:41:     body > :where(header, main, footer) { border-bottom:1px solid #ddd; }
2026-08-06T22:25:41:     h1 { font-weight:normal; margin-bottom:.4em; }
2026-08-06T22:25:41:     h1 small { font-size:60%; color:#666; font-weight:normal; }
2026-08-06T22:25:41:     table { border:none; border-collapse: collapse; width:100%; }
2026-08-06T22:25:41:     td, th { vertical-align:top; padding:2px 3px; }
2026-08-06T22:25:41:     th { width:12em; text-align:right; color:#666; padding-right:.5em; }
2026-08-06T22:25:41:     #info { background:#f6f6f6; }
2026-08-06T22:25:41:     #info ol { margin: 0.5em 4em; }
2026-08-06T22:25:41:     #info ol li { font-family: monospace; }
2026-08-06T22:25:41:     #summary { background: #ffc; }
2026-08-06T22:25:41:     #explanation { background:#eee; border-bottom: 0px none; }
2026-08-06T22:25:41:     pre.exception_value { font-family: sans-serif; color: #575757; font-size: 1.5em; margin: 10px 0 10px 0; }
2026-08-06T22:25:41:   </style>
2026-08-06T22:25:41: </head>
2026-08-06T22:25:41: <body>
2026-08-06T22:25:41:   <header id="summary">
2026-08-06T22:25:41:     <h1>Page not found <small>(404)</small></h1>
2026-08-06T22:25:41:     
2026-08-06T22:25:41:     <table class="meta">
2026-08-06T22:25:41:       <tr>
2026-08-06T22:25:41:         <th scope="row">Request Method:</th>
2026-08-06T22:25:41:         <td>GET</td>
2026-08-06T22:25:41:       </tr>
2026-08-06T22:25:41:       <tr>
2026-08-06T22:25:41:         <th scope="row">Request URL:</th>
2026-08-06T22:25:41:         <td>https://system.gecogames.com/api/v1/testusers/me/</td>
2026-08-06T22:25:41:       </tr>
2026-08-06T22:25:41:       
2026-08-06T22:25:41:     </table>
2026-08-06T22:25:41:   </header>
2026-08-06T22:25:41: 
2026-08-06T22:25:41:   <main id="info">
2026-08-06T22:25:41:     
2026-08-06T22:25:41:       <p>
2026-08-06T22:25:41:       Using the URLconf defined in <code>system.urls</code>,
2026-08-06T22:25:41:       Django tried these URL patterns, in this order:
2026-08-06T22:25:41:       </p>
2026-08-06T22:25:41:       <ol>
2026-08-06T22:25:41:         
2026-08-06T22:25:41:           <li>
2026-08-06T22:25:41:             
2026-08-06T22:25:41:               <code>
2026-08-06T22:25:41:                 admin/
2026-08-06T22:25:41:                 
2026-08-06T22:25:41:               </code>
2026-08-06T22:25:41:             
2026-08-06T22:25:41:           </li>
2026-08-06T22:25:41:         
2026-08-06T22:25:41:           <li>
2026-08-06T22:25:41:             
2026-08-06T22:25:41:               <code>
2026-08-06T22:25:41:                 api/v1/test/
2026-08-06T22:25:41:                 
2026-08-06T22:25:41:               </code>
2026-08-06T22:25:41:             
2026-08-06T22:25:41:           </li>
2026-08-06T22:25:41:         
2026-08-06T22:25:41:           <li>
2026-08-06T22:25:41:             
2026-08-06T22:25:41:               <code>
2026-08-06T22:25:41:                 ^media/(?P&lt;path&gt;.*)$
2026-08-06T22:25:41:                 
2026-08-06T22:25:41:               </code>
2026-08-06T22:25:41:             
2026-08-06T22:25:41:           </li>
2026-08-06T22:25:41:         
2026-08-06T22:25:41:       </ol>
2026-08-06T22:25:41:       <p>
2026-08-06T22:25:41:         
2026-08-06T22:25:41:           The current path, <code>api/v1/testusers/me/</code>,
2026-08-06T22:25:41:         
2026-08-06T22:25:41:         didn’t match any of these.
2026-08-06T22:25:41:       </p>
2026-08-06T22:25:41:     
2026-08-06T22:25:41:   </main>
2026-08-06T22:25:41: 
2026-08-06T22:25:41:   <footer id="explanation">
2026-08-06T22:25:41:     <p>
2026-08-06T22:25:41:       You’re seeing this error because you have <code>DEBUG = True</code> in
2026-08-06T22:25:41:       your Django settings file. Change that to <code>False</code>, and Django
2026-08-06T22:25:41:       will display a standard 404 page.
2026-08-06T22:25:41:     </p>
2026-08-06T22:25:41:   </footer>
2026-08-06T22:25:41: </body>
2026-08-06T22:25:41: </html>
2026-08-06T22:25:41: 
2026-08-06T22:25:41: Current user API route called
2026-08-06T22:25:41: Auth header present: true
2026-08-06T22:25:41: Making request to backend: https://system.gecogames.com/api/v1/testusers/me/
2026-08-06T22:25:41: Backend response status: 404
2026-08-06T22:25:41: Backend response ok: false
2026-08-06T22:25:41: Backend error response: <!DOCTYPE html>
2026-08-06T22:25:41: <html lang="en">
2026-08-06T22:25:41: <head>
2026-08-06T22:25:41:   <meta http-equiv="content-type" content="text/html; charset=utf-8">
2026-08-06T22:25:41:   <title>Page not found at /api/v1/testusers/me/</title>
2026-08-06T22:25:41:   <meta name="robots" content="NONE,NOARCHIVE">
2026-08-06T22:25:41:   <style>
2026-08-06T22:25:41:     html * { padding:0; margin:0; }
2026-08-06T22:25:41:     body * { padding:10px 20px; }
2026-08-06T22:25:41:     body * * { padding:0; }
2026-08-06T22:25:41:     body { font-family: sans-serif; background:#eee; color:#000; }
2026-08-06T22:25:41:     body > :where(header, main, footer) { border-bottom:1px solid #ddd; }
2026-08-06T22:25:41:     h1 { font-weight:normal; margin-bottom:.4em; }
2026-08-06T22:25:41:     h1 small { font-size:60%; color:#666; font-weight:normal; }
2026-08-06T22:25:41:     table { border:none; border-collapse: collapse; width:100%; }
2026-08-06T22:25:41:     td, th { vertical-align:top; padding:2px 3px; }
2026-08-06T22:25:41:     th { width:12em; text-align:right; color:#666; padding-right:.5em; }
2026-08-06T22:25:41:     #info { background:#f6f6f6; }
2026-08-06T22:25:41:     #info ol { margin: 0.5em 4em; }
2026-08-06T22:25:41:     #info ol li { font-family: monospace; }
2026-08-06T22:25:41:     #summary { background: #ffc; }
2026-08-06T22:25:41:     #explanation { background:#eee; border-bottom: 0px none; }
2026-08-06T22:25:41:     pre.exception_value { font-family: sans-serif; color: #575757; font-size: 1.5em; margin: 10px 0 10px 0; }
2026-08-06T22:25:41:   </style>
2026-08-06T22:25:41: </head>
2026-08-06T22:25:41: <body>
2026-08-06T22:25:41:   <header id="summary">
2026-08-06T22:25:41:     <h1>Page not found <small>(404)</small></h1>
2026-08-06T22:25:41:     
2026-08-06T22:25:41:     <table class="meta">
2026-08-06T22:25:41:       <tr>
2026-08-06T22:25:41:         <th scope="row">Request Method:</th>
2026-08-06T22:25:41:         <td>GET</td>
2026-08-06T22:25:41:       </tr>
2026-08-06T22:25:41:       <tr>
2026-08-06T22:25:41:         <th scope="row">Request URL:</th>
2026-08-06T22:25:41:         <td>https://system.gecogames.com/api/v1/testusers/me/</td>
2026-08-06T22:25:41:       </tr>
2026-08-06T22:25:41:       
2026-08-06T22:25:41:     </table>
2026-08-06T22:25:41:   </header>
2026-08-06T22:25:41: 
2026-08-06T22:25:41:   <main id="info">
2026-08-06T22:25:41:     
2026-08-06T22:25:41:       <p>
2026-08-06T22:25:41:       Using the URLconf defined in <code>system.urls</code>,
2026-08-06T22:25:41:       Django tried these URL patterns, in this order:
2026-08-06T22:25:41:       </p>
2026-08-06T22:25:41:       <ol>
2026-08-06T22:25:41:         
2026-08-06T22:25:41:           <li>
2026-08-06T22:25:41:             
2026-08-06T22:25:41:               <code>
2026-08-06T22:25:41:                 admin/
2026-08-06T22:25:41:                 
2026-08-06T22:25:41:               </code>
2026-08-06T22:25:41:             
2026-08-06T22:25:41:           </li>
2026-08-06T22:25:41:         
2026-08-06T22:25:41:           <li>
2026-08-06T22:25:41:             
2026-08-06T22:25:41:               <code>
2026-08-06T22:25:41:                 api/v1/test/
2026-08-06T22:25:41:                 
2026-08-06T22:25:41:               </code>
2026-08-06T22:25:41:             
2026-08-06T22:25:41:           </li>
2026-08-06T22:25:41:         
2026-08-06T22:25:41:           <li>
2026-08-06T22:25:41:             
2026-08-06T22:25:41:               <code>
2026-08-06T22:25:41:                 ^media/(?P&lt;path&gt;.*)$
2026-08-06T22:25:41:                 
2026-08-06T22:25:41:               </code>
2026-08-06T22:25:41:             
2026-08-06T22:25:41:           </li>
2026-08-06T22:25:41:         
2026-08-06T22:25:41:       </ol>
2026-08-06T22:25:41:       <p>
2026-08-06T22:25:41:         
2026-08-06T22:25:41:           The current path, <code>api/v1/testusers/me/</code>,
2026-08-06T22:25:41:         
2026-08-06T22:25:41:         didn’t match any of these.
2026-08-06T22:25:41:       </p>
2026-08-06T22:25:41:     
2026-08-06T22:25:41:   </main>
2026-08-06T22:25:41: 
2026-08-06T22:25:41:   <footer id="explanation">
2026-08-06T22:25:41:     <p>
2026-08-06T22:25:41:       You’re seeing this error because you have <code>DEBUG = True</code> in
2026-08-06T22:25:41:       your Django settings file. Change that to <code>False</code>, and Django
2026-08-06T22:25:41:       will display a standard 404 page.
2026-08-06T22:25:41:     </p>
2026-08-06T22:25:41:   </footer>
2026-08-06T22:25:41: </body>
2026-08-06T22:25:41: </html>
2026-08-06T22:25:41: 
2026-08-06T22:25:41: Current user API route called
2026-08-06T22:25:41: Auth header present: true
2026-08-06T22:25:41: Making request to backend: https://system.gecogames.com/api/v1/testusers/me/
2026-08-06T22:25:41: Backend response status: 404
2026-08-06T22:25:41: Backend response ok: false
2026-08-06T22:25:41: Backend error response: <!DOCTYPE html>
2026-08-06T22:25:41: <html lang="en">
2026-08-06T22:25:41: <head>
2026-08-06T22:25:41:   <meta http-equiv="content-type" content="text/html; charset=utf-8">
2026-08-06T22:25:41:   <title>Page not found at /api/v1/testusers/me/</title>
2026-08-06T22:25:41:   <meta name="robots" content="NONE,NOARCHIVE">
2026-08-06T22:25:41:   <style>
2026-08-06T22:25:41:     html * { padding:0; margin:0; }
2026-08-06T22:25:41:     body * { padding:10px 20px; }
2026-08-06T22:25:41:     body * * { padding:0; }
2026-08-06T22:25:41:     body { font-family: sans-serif; background:#eee; color:#000; }
2026-08-06T22:25:41:     body > :where(header, main, footer) { border-bottom:1px solid #ddd; }
2026-08-06T22:25:41:     h1 { font-weight:normal; margin-bottom:.4em; }
2026-08-06T22:25:41:     h1 small { font-size:60%; color:#666; font-weight:normal; }
2026-08-06T22:25:41:     table { border:none; border-collapse: collapse; width:100%; }
2026-08-06T22:25:41:     td, th { vertical-align:top; padding:2px 3px; }
2026-08-06T22:25:41:     th { width:12em; text-align:right; color:#666; padding-right:.5em; }
2026-08-06T22:25:41:     #info { background:#f6f6f6; }
2026-08-06T22:25:41:     #info ol { margin: 0.5em 4em; }
2026-08-06T22:25:41:     #info ol li { font-family: monospace; }
2026-08-06T22:25:41:     #summary { background: #ffc; }
2026-08-06T22:25:41:     #explanation { background:#eee; border-bottom: 0px none; }
2026-08-06T22:25:41:     pre.exception_value { font-family: sans-serif; color: #575757; font-size: 1.5em; margin: 10px 0 10px 0; }
2026-08-06T22:25:41:   </style>
2026-08-06T22:25:41: </head>
2026-08-06T22:25:41: <body>
2026-08-06T22:25:41:   <header id="summary">
2026-08-06T22:25:41:     <h1>Page not found <small>(404)</small></h1>
2026-08-06T22:25:41:     
2026-08-06T22:25:41:     <table class="meta">
2026-08-06T22:25:41:       <tr>
2026-08-06T22:25:41:         <th scope="row">Request Method:</th>
2026-08-06T22:25:41:         <td>GET</td>
2026-08-06T22:25:41:       </tr>
2026-08-06T22:25:41:       <tr>
2026-08-06T22:25:41:         <th scope="row">Request URL:</th>
2026-08-06T22:25:41:         <td>https://system.gecogames.com/api/v1/testusers/me/</td>
2026-08-06T22:25:41:       </tr>
2026-08-06T22:25:41:       
2026-08-06T22:25:41:     </table>
2026-08-06T22:25:41:   </header>
2026-08-06T22:25:41: 
2026-08-06T22:25:41:   <main id="info">
2026-08-06T22:25:41:     
2026-08-06T22:25:41:       <p>
2026-08-06T22:25:41:       Using the URLconf defined in <code>system.urls</code>,
2026-08-06T22:25:41:       Django tried these URL patterns, in this order:
2026-08-06T22:25:41:       </p>
2026-08-06T22:25:41:       <ol>
2026-08-06T22:25:41:         
2026-08-06T22:25:41:           <li>
2026-08-06T22:25:41:             
2026-08-06T22:25:41:               <code>
2026-08-06T22:25:41:                 admin/
2026-08-06T22:25:41:                 
2026-08-06T22:25:41:               </code>
2026-08-06T22:25:41:             
2026-08-06T22:25:41:           </li>
2026-08-06T22:25:41:         
2026-08-06T22:25:41:           <li>
2026-08-06T22:25:41:             
2026-08-06T22:25:41:               <code>
2026-08-06T22:25:41:                 api/v1/test/
2026-08-06T22:25:41:                 
2026-08-06T22:25:41:               </code>
2026-08-06T22:25:41:             
2026-08-06T22:25:41:           </li>
2026-08-06T22:25:41:         
2026-08-06T22:25:41:           <li>
2026-08-06T22:25:41:             
2026-08-06T22:25:41:               <code>
2026-08-06T22:25:41:                 ^media/(?P&lt;path&gt;.*)$
2026-08-06T22:25:41:                 
2026-08-06T22:25:41:               </code>
2026-08-06T22:25:41:             
2026-08-06T22:25:41:           </li>
2026-08-06T22:25:41:         
2026-08-06T22:25:41:       </ol>
2026-08-06T22:25:41:       <p>
2026-08-06T22:25:41:         
2026-08-06T22:25:41:           The current path, <code>api/v1/testusers/me/</code>,
2026-08-06T22:25:41:         
2026-08-06T22:25:41:         didn’t match any of these.
2026-08-06T22:25:41:       </p>
2026-08-06T22:25:41:     
2026-08-06T22:25:41:   </main>
2026-08-06T22:25:41: 
2026-08-06T22:25:41:   <footer id="explanation">
2026-08-06T22:25:41:     <p>
2026-08-06T22:25:41:       You’re seeing this error because you have <code>DEBUG = True</code> in
2026-08-06T22:25:41:       your Django settings file. Change that to <code>False</code>, and Django
2026-08-06T22:25:41:       will display a standard 404 page.
2026-08-06T22:25:41:     </p>
2026-08-06T22:25:41:   </footer>
2026-08-06T22:25:41: </body>
2026-08-06T22:25:41: </html>
2026-08-06T22:25:41: 
2026-08-06T22:25:41: Current user API route called
2026-08-06T22:25:41: Auth header present: true
2026-08-06T22:25:41: Making request to backend: https://system.gecogames.com/api/v1/testusers/me/
2026-08-06T22:25:41: Backend response status: 404
2026-08-06T22:25:41: Backend response ok: false
2026-08-06T22:25:41: Backend error response: <!DOCTYPE html>
2026-08-06T22:25:41: <html lang="en">
2026-08-06T22:25:41: <head>
2026-08-06T22:25:41:   <meta http-equiv="content-type" content="text/html; charset=utf-8">
2026-08-06T22:25:41:   <title>Page not found at /api/v1/testusers/me/</title>
2026-08-06T22:25:41:   <meta name="robots" content="NONE,NOARCHIVE">
2026-08-06T22:25:41:   <style>
2026-08-06T22:25:41:     html * { padding:0; margin:0; }
2026-08-06T22:25:41:     body * { padding:10px 20px; }
2026-08-06T22:25:41:     body * * { padding:0; }
2026-08-06T22:25:41:     body { font-family: sans-serif; background:#eee; color:#000; }
2026-08-06T22:25:41:     body > :where(header, main, footer) { border-bottom:1px solid #ddd; }
2026-08-06T22:25:41:     h1 { font-weight:normal; margin-bottom:.4em; }
2026-08-06T22:25:41:     h1 small { font-size:60%; color:#666; font-weight:normal; }
2026-08-06T22:25:41:     table { border:none; border-collapse: collapse; width:100%; }
2026-08-06T22:25:41:     td, th { vertical-align:top; padding:2px 3px; }
2026-08-06T22:25:41:     th { width:12em; text-align:right; color:#666; padding-right:.5em; }
2026-08-06T22:25:41:     #info { background:#f6f6f6; }
2026-08-06T22:25:41:     #info ol { margin: 0.5em 4em; }
2026-08-06T22:25:41:     #info ol li { font-family: monospace; }
2026-08-06T22:25:41:     #summary { background: #ffc; }
2026-08-06T22:25:41:     #explanation { background:#eee; border-bottom: 0px none; }
2026-08-06T22:25:41:     pre.exception_value { font-family: sans-serif; color: #575757; font-size: 1.5em; margin: 10px 0 10px 0; }
2026-08-06T22:25:41:   </style>
2026-08-06T22:25:41: </head>
2026-08-06T22:25:41: <body>
2026-08-06T22:25:41:   <header id="summary">
2026-08-06T22:25:41:     <h1>Page not found <small>(404)</small></h1>
2026-08-06T22:25:41:     
2026-08-06T22:25:41:     <table class="meta">
2026-08-06T22:25:41:       <tr>
2026-08-06T22:25:41:         <th scope="row">Request Method:</th>
2026-08-06T22:25:41:         <td>GET</td>
2026-08-06T22:25:41:       </tr>
2026-08-06T22:25:41:       <tr>
2026-08-06T22:25:41:         <th scope="row">Request URL:</th>
2026-08-06T22:25:41:         <td>https://system.gecogames.com/api/v1/testusers/me/</td>
2026-08-06T22:25:41:       </tr>
2026-08-06T22:25:41:       
2026-08-06T22:25:41:     </table>
2026-08-06T22:25:41:   </header>
2026-08-06T22:25:41: 
2026-08-06T22:25:41:   <main id="info">
2026-08-06T22:25:41:     
2026-08-06T22:25:41:       <p>
2026-08-06T22:25:41:       Using the URLconf defined in <code>system.urls</code>,
2026-08-06T22:25:41:       Django tried these URL patterns, in this order:
2026-08-06T22:25:41:       </p>
2026-08-06T22:25:41:       <ol>
2026-08-06T22:25:41:         
2026-08-06T22:25:41:           <li>
2026-08-06T22:25:41:             
2026-08-06T22:25:41:               <code>
2026-08-06T22:25:41:                 admin/
2026-08-06T22:25:41:                 
2026-08-06T22:25:41:               </code>
2026-08-06T22:25:41:             
2026-08-06T22:25:41:           </li>
2026-08-06T22:25:41:         
2026-08-06T22:25:41:           <li>
2026-08-06T22:25:41:             
2026-08-06T22:25:41:               <code>
2026-08-06T22:25:41:                 api/v1/test/
2026-08-06T22:25:41:                 
2026-08-06T22:25:41:               </code>
2026-08-06T22:25:41:             
2026-08-06T22:25:41:           </li>
2026-08-06T22:25:41:         
2026-08-06T22:25:41:           <li>
2026-08-06T22:25:41:             
2026-08-06T22:25:41:               <code>
2026-08-06T22:25:41:                 ^media/(?P&lt;path&gt;.*)$
2026-08-06T22:25:41:                 
2026-08-06T22:25:41:               </code>
2026-08-06T22:25:41:             
2026-08-06T22:25:41:           </li>
2026-08-06T22:25:41:         
2026-08-06T22:25:41:       </ol>
2026-08-06T22:25:41:       <p>
2026-08-06T22:25:41:         
2026-08-06T22:25:41:           The current path, <code>api/v1/testusers/me/</code>,
2026-08-06T22:25:41:         
2026-08-06T22:25:41:         didn’t match any of these.
2026-08-06T22:25:41:       </p>
2026-08-06T22:25:41:     
2026-08-06T22:25:41:   </main>
2026-08-06T22:25:41: 
2026-08-06T22:25:41:   <footer id="explanation">
2026-08-06T22:25:41:     <p>
2026-08-06T22:25:41:       You’re seeing this error because you have <code>DEBUG = True</code> in
2026-08-06T22:25:41:       your Django settings file. Change that to <code>False</code>, and Django
2026-08-06T22:25:41:       will display a standard 404 page.
2026-08-06T22:25:41:     </p>
2026-08-06T22:25:41:   </footer>
2026-08-06T22:25:41: </body>
2026-08-06T22:25:41: </html>
2026-08-06T22:25:41: 
2026-08-06T22:25:42: Current user API route called
2026-08-06T22:25:42: Auth header present: true
2026-08-06T22:25:42: Making request to backend: https://system.gecogames.com/api/v1/testusers/me/
2026-08-06T22:25:42: Backend response status: 404
2026-08-06T22:25:42: Backend response ok: false
2026-08-06T22:25:42: Backend error response: <!DOCTYPE html>
2026-08-06T22:25:42: <html lang="en">
2026-08-06T22:25:42: <head>
2026-08-06T22:25:42:   <meta http-equiv="content-type" content="text/html; charset=utf-8">
2026-08-06T22:25:42:   <title>Page not found at /api/v1/testusers/me/</title>
2026-08-06T22:25:42:   <meta name="robots" content="NONE,NOARCHIVE">
2026-08-06T22:25:42:   <style>
2026-08-06T22:25:42:     html * { padding:0; margin:0; }
2026-08-06T22:25:42:     body * { padding:10px 20px; }
2026-08-06T22:25:42:     body * * { padding:0; }
2026-08-06T22:25:42:     body { font-family: sans-serif; background:#eee; color:#000; }
2026-08-06T22:25:42:     body > :where(header, main, footer) { border-bottom:1px solid #ddd; }
2026-08-06T22:25:42:     h1 { font-weight:normal; margin-bottom:.4em; }
2026-08-06T22:25:42:     h1 small { font-size:60%; color:#666; font-weight:normal; }
2026-08-06T22:25:42:     table { border:none; border-collapse: collapse; width:100%; }
2026-08-06T22:25:42:     td, th { vertical-align:top; padding:2px 3px; }
2026-08-06T22:25:42:     th { width:12em; text-align:right; color:#666; padding-right:.5em; }
2026-08-06T22:25:42:     #info { background:#f6f6f6; }
2026-08-06T22:25:42:     #info ol { margin: 0.5em 4em; }
2026-08-06T22:25:42:     #info ol li { font-family: monospace; }
2026-08-06T22:25:42:     #summary { background: #ffc; }
2026-08-06T22:25:42:     #explanation { background:#eee; border-bottom: 0px none; }
2026-08-06T22:25:42:     pre.exception_value { font-family: sans-serif; color: #575757; font-size: 1.5em; margin: 10px 0 10px 0; }
2026-08-06T22:25:42:   </style>
2026-08-06T22:25:42: </head>
2026-08-06T22:25:42: <body>
2026-08-06T22:25:42:   <header id="summary">
2026-08-06T22:25:42:     <h1>Page not found <small>(404)</small></h1>
2026-08-06T22:25:42:     
2026-08-06T22:25:42:     <table class="meta">
2026-08-06T22:25:42:       <tr>
2026-08-06T22:25:42:         <th scope="row">Request Method:</th>
2026-08-06T22:25:42:         <td>GET</td>
2026-08-06T22:25:42:       </tr>
2026-08-06T22:25:42:       <tr>
2026-08-06T22:25:42:         <th scope="row">Request URL:</th>
2026-08-06T22:25:42:         <td>https://system.gecogames.com/api/v1/testusers/me/</td>
2026-08-06T22:25:42:       </tr>
2026-08-06T22:25:42:       
2026-08-06T22:25:42:     </table>
2026-08-06T22:25:42:   </header>
2026-08-06T22:25:42: 
2026-08-06T22:25:42:   <main id="info">
2026-08-06T22:25:42:     
2026-08-06T22:25:42:       <p>
2026-08-06T22:25:42:       Using the URLconf defined in <code>system.urls</code>,
2026-08-06T22:25:42:       Django tried these URL patterns, in this order:
2026-08-06T22:25:42:       </p>
2026-08-06T22:25:42:       <ol>
2026-08-06T22:25:42:         
2026-08-06T22:25:42:           <li>
2026-08-06T22:25:42:             
2026-08-06T22:25:42:               <code>
2026-08-06T22:25:42:                 admin/
2026-08-06T22:25:42:                 
2026-08-06T22:25:42:               </code>
2026-08-06T22:25:42:             
2026-08-06T22:25:42:           </li>
2026-08-06T22:25:42:         
2026-08-06T22:25:42:           <li>
2026-08-06T22:25:42:             
2026-08-06T22:25:42:               <code>
2026-08-06T22:25:42:                 api/v1/test/
2026-08-06T22:25:42:                 
2026-08-06T22:25:42:               </code>
2026-08-06T22:25:42:             
2026-08-06T22:25:42:           </li>
2026-08-06T22:25:42:         
2026-08-06T22:25:42:           <li>
2026-08-06T22:25:42:             
2026-08-06T22:25:42:               <code>
2026-08-06T22:25:42:                 ^media/(?P&lt;path&gt;.*)$
2026-08-06T22:25:42:                 
2026-08-06T22:25:42:               </code>
2026-08-06T22:25:42:             
2026-08-06T22:25:42:           </li>
2026-08-06T22:25:42:         
2026-08-06T22:25:42:       </ol>
2026-08-06T22:25:42:       <p>
2026-08-06T22:25:42:         
2026-08-06T22:25:42:           The current path, <code>api/v1/testusers/me/</code>,
2026-08-06T22:25:42:         
2026-08-06T22:25:42:         didn’t match any of these.
2026-08-06T22:25:42:       </p>
2026-08-06T22:25:42:     
2026-08-06T22:25:42:   </main>
2026-08-06T22:25:42: 
2026-08-06T22:25:42:   <footer id="explanation">
2026-08-06T22:25:42:     <p>
2026-08-06T22:25:42:       You’re seeing this error because you have <code>DEBUG = True</code> in
2026-08-06T22:25:42:       your Django settings file. Change that to <code>False</code>, and Django
2026-08-06T22:25:42:       will display a standard 404 page.
2026-08-06T22:25:42:     </p>
2026-08-06T22:25:42:   </footer>
2026-08-06T22:25:42: </body>
2026-08-06T22:25:42: </html>
2026-08-06T22:25:42: 
2026-08-06T22:25:42: Current user API route called
2026-08-06T22:25:42: Auth header present: true
2026-08-06T22:25:42: Making request to backend: https://system.gecogames.com/api/v1/testusers/me/
2026-08-06T22:25:42: Backend response status: 404
2026-08-06T22:25:42: Backend response ok: false
2026-08-06T22:25:42: Backend error response: <!DOCTYPE html>
2026-08-06T22:25:42: <html lang="en">
2026-08-06T22:25:42: <head>
2026-08-06T22:25:42:   <meta http-equiv="content-type" content="text/html; charset=utf-8">
2026-08-06T22:25:42:   <title>Page not found at /api/v1/testusers/me/</title>
2026-08-06T22:25:42:   <meta name="robots" content="NONE,NOARCHIVE">
2026-08-06T22:25:42:   <style>
2026-08-06T22:25:42:     html * { padding:0; margin:0; }
2026-08-06T22:25:42:     body * { padding:10px 20px; }
2026-08-06T22:25:42:     body * * { padding:0; }
2026-08-06T22:25:42:     body { font-family: sans-serif; background:#eee; color:#000; }
2026-08-06T22:25:42:     body > :where(header, main, footer) { border-bottom:1px solid #ddd; }
2026-08-06T22:25:42:     h1 { font-weight:normal; margin-bottom:.4em; }
2026-08-06T22:25:42:     h1 small { font-size:60%; color:#666; font-weight:normal; }
2026-08-06T22:25:42:     table { border:none; border-collapse: collapse; width:100%; }
2026-08-06T22:25:42:     td, th { vertical-align:top; padding:2px 3px; }
2026-08-06T22:25:42:     th { width:12em; text-align:right; color:#666; padding-right:.5em; }
2026-08-06T22:25:42:     #info { background:#f6f6f6; }
2026-08-06T22:25:42:     #info ol { margin: 0.5em 4em; }
2026-08-06T22:25:42:     #info ol li { font-family: monospace; }
2026-08-06T22:25:42:     #summary { background: #ffc; }
2026-08-06T22:25:42:     #explanation { background:#eee; border-bottom: 0px none; }
2026-08-06T22:25:42:     pre.exception_value { font-family: sans-serif; color: #575757; font-size: 1.5em; margin: 10px 0 10px 0; }
2026-08-06T22:25:42:   </style>
2026-08-06T22:25:42: </head>
2026-08-06T22:25:42: <body>
2026-08-06T22:25:42:   <header id="summary">
2026-08-06T22:25:42:     <h1>Page not found <small>(404)</small></h1>
2026-08-06T22:25:42:     
2026-08-06T22:25:42:     <table class="meta">
2026-08-06T22:25:42:       <tr>
2026-08-06T22:25:42:         <th scope="row">Request Method:</th>
2026-08-06T22:25:42:         <td>GET</td>
2026-08-06T22:25:42:       </tr>
2026-08-06T22:25:42:       <tr>
2026-08-06T22:25:42:         <th scope="row">Request URL:</th>
2026-08-06T22:25:42:         <td>https://system.gecogames.com/api/v1/testusers/me/</td>
2026-08-06T22:25:42:       </tr>
2026-08-06T22:25:42:       
2026-08-06T22:25:42:     </table>
2026-08-06T22:25:42:   </header>
2026-08-06T22:25:42: 
2026-08-06T22:25:42:   <main id="info">
2026-08-06T22:25:42:     
2026-08-06T22:25:42:       <p>
2026-08-06T22:25:42:       Using the URLconf defined in <code>system.urls</code>,
2026-08-06T22:25:42:       Django tried these URL patterns, in this order:
2026-08-06T22:25:42:       </p>
2026-08-06T22:25:42:       <ol>
2026-08-06T22:25:42:         
2026-08-06T22:25:42:           <li>
2026-08-06T22:25:42:             
2026-08-06T22:25:42:               <code>
2026-08-06T22:25:42:                 admin/
2026-08-06T22:25:42:                 
2026-08-06T22:25:42:               </code>
2026-08-06T22:25:42:             
2026-08-06T22:25:42:           </li>
2026-08-06T22:25:42:         
2026-08-06T22:25:42:           <li>
2026-08-06T22:25:42:             
2026-08-06T22:25:42:               <code>
2026-08-06T22:25:42:                 api/v1/test/
2026-08-06T22:25:42:                 
2026-08-06T22:25:42:               </code>
2026-08-06T22:25:42:             
2026-08-06T22:25:42:           </li>
2026-08-06T22:25:42:         
2026-08-06T22:25:42:           <li>
2026-08-06T22:25:42:             
2026-08-06T22:25:42:               <code>
2026-08-06T22:25:42:                 ^media/(?P&lt;path&gt;.*)$
2026-08-06T22:25:42:                 
2026-08-06T22:25:42:               </code>
2026-08-06T22:25:42:             
2026-08-06T22:25:42:           </li>
2026-08-06T22:25:42:         
2026-08-06T22:25:42:       </ol>
2026-08-06T22:25:42:       <p>
2026-08-06T22:25:42:         
2026-08-06T22:25:42:           The current path, <code>api/v1/testusers/me/</code>,
2026-08-06T22:25:42:         
2026-08-06T22:25:42:         didn’t match any of these.
2026-08-06T22:25:42:       </p>
2026-08-06T22:25:42:     
2026-08-06T22:25:42:   </main>
2026-08-06T22:25:42: 
2026-08-06T22:25:42:   <footer id="explanation">
2026-08-06T22:25:42:     <p>
2026-08-06T22:25:42:       You’re seeing this error because you have <code>DEBUG = True</code> in
2026-08-06T22:25:42:       your Django settings file. Change that to <code>False</code>, and Django
2026-08-06T22:25:42:       will display a standard 404 page.
2026-08-06T22:25:42:     </p>
2026-08-06T22:25:42:   </footer>
2026-08-06T22:25:42: </body>
2026-08-06T22:25:42: </html>
2026-08-06T22:25:42: 
2026-08-06T22:25:42: Current user API route called
2026-08-06T22:25:42: Auth header present: true
2026-08-06T22:25:42: Making request to backend: https://system.gecogames.com/api/v1/testusers/me/
2026-08-06T22:25:42: Backend response status: 404
2026-08-06T22:25:42: Backend response ok: false
2026-08-06T22:25:42: Backend error response: <!DOCTYPE html>
2026-08-06T22:25:42: <html lang="en">
2026-08-06T22:25:42: <head>
2026-08-06T22:25:42:   <meta http-equiv="content-type" content="text/html; charset=utf-8">
2026-08-06T22:25:42:   <title>Page not found at /api/v1/testusers/me/</title>
2026-08-06T22:25:42:   <meta name="robots" content="NONE,NOARCHIVE">
2026-08-06T22:25:42:   <style>
2026-08-06T22:25:42:     html * { padding:0; margin:0; }
2026-08-06T22:25:42:     body * { padding:10px 20px; }
2026-08-06T22:25:42:     body * * { padding:0; }
2026-08-06T22:25:42:     body { font-family: sans-serif; background:#eee; color:#000; }
2026-08-06T22:25:42:     body > :where(header, main, footer) { border-bottom:1px solid #ddd; }
2026-08-06T22:25:42:     h1 { font-weight:normal; margin-bottom:.4em; }
2026-08-06T22:25:42:     h1 small { font-size:60%; color:#666; font-weight:normal; }
2026-08-06T22:25:42:     table { border:none; border-collapse: collapse; width:100%; }
2026-08-06T22:25:42:     td, th { vertical-align:top; padding:2px 3px; }
2026-08-06T22:25:42:     th { width:12em; text-align:right; color:#666; padding-right:.5em; }
2026-08-06T22:25:42:     #info { background:#f6f6f6; }
2026-08-06T22:25:42:     #info ol { margin: 0.5em 4em; }
2026-08-06T22:25:42:     #info ol li { font-family: monospace; }
2026-08-06T22:25:42:     #summary { background: #ffc; }
2026-08-06T22:25:42:     #explanation { background:#eee; border-bottom: 0px none; }
2026-08-06T22:25:42:     pre.exception_value { font-family: sans-serif; color: #575757; font-size: 1.5em; margin: 10px 0 10px 0; }
2026-08-06T22:25:42:   </style>
2026-08-06T22:25:42: </head>
2026-08-06T22:25:42: <body>
2026-08-06T22:25:42:   <header id="summary">
2026-08-06T22:25:42:     <h1>Page not found <small>(404)</small></h1>
2026-08-06T22:25:42:     
2026-08-06T22:25:42:     <table class="meta">
2026-08-06T22:25:42:       <tr>
2026-08-06T22:25:42:         <th scope="row">Request Method:</th>
2026-08-06T22:25:42:         <td>GET</td>
2026-08-06T22:25:42:       </tr>
2026-08-06T22:25:42:       <tr>
2026-08-06T22:25:42:         <th scope="row">Request URL:</th>
2026-08-06T22:25:42:         <td>https://system.gecogames.com/api/v1/testusers/me/</td>
2026-08-06T22:25:42:       </tr>
2026-08-06T22:25:42:       
2026-08-06T22:25:42:     </table>
2026-08-06T22:25:42:   </header>
2026-08-06T22:25:42: 
2026-08-06T22:25:42:   <main id="info">
2026-08-06T22:25:42:     
2026-08-06T22:25:42:       <p>
2026-08-06T22:25:42:       Using the URLconf defined in <code>system.urls</code>,
2026-08-06T22:25:42:       Django tried these URL patterns, in this order:
2026-08-06T22:25:42:       </p>
2026-08-06T22:25:42:       <ol>
2026-08-06T22:25:42:         
2026-08-06T22:25:42:           <li>
2026-08-06T22:25:42:             
2026-08-06T22:25:42:               <code>
2026-08-06T22:25:42:                 admin/
2026-08-06T22:25:42:                 
2026-08-06T22:25:42:               </code>
2026-08-06T22:25:42:             
2026-08-06T22:25:42:           </li>
2026-08-06T22:25:42:         
2026-08-06T22:25:42:           <li>
2026-08-06T22:25:42:             
2026-08-06T22:25:42:               <code>
2026-08-06T22:25:42:                 api/v1/test/
2026-08-06T22:25:42:                 
2026-08-06T22:25:42:               </code>
2026-08-06T22:25:42:             
2026-08-06T22:25:42:           </li>
2026-08-06T22:25:42:         
2026-08-06T22:25:42:           <li>
2026-08-06T22:25:42:             
2026-08-06T22:25:42:               <code>
2026-08-06T22:25:42:                 ^media/(?P&lt;path&gt;.*)$
2026-08-06T22:25:42:                 
2026-08-06T22:25:42:               </code>
2026-08-06T22:25:42:             
2026-08-06T22:25:42:           </li>
2026-08-06T22:25:42:         
2026-08-06T22:25:42:       </ol>
2026-08-06T22:25:42:       <p>
2026-08-06T22:25:42:         
2026-08-06T22:25:42:           The current path, <code>api/v1/testusers/me/</code>,
2026-08-06T22:25:42:         
2026-08-06T22:25:42:         didn’t match any of these.
2026-08-06T22:25:42:       </p>
2026-08-06T22:25:42:     
2026-08-06T22:25:42:   </main>
2026-08-06T22:25:42: 
2026-08-06T22:25:42:   <footer id="explanation">
2026-08-06T22:25:42:     <p>
2026-08-06T22:25:42:       You’re seeing this error because you have <code>DEBUG = True</code> in
2026-08-06T22:25:42:       your Django settings file. Change that to <code>False</code>, and Django
2026-08-06T22:25:42:       will display a standard 404 page.
2026-08-06T22:25:42:     </p>
2026-08-06T22:25:42:   </footer>
2026-08-06T22:25:42: </body>
2026-08-06T22:25:42: </html>
2026-08-06T22:25:42: 
2026-08-06T22:25:42: Current user API route called
2026-08-06T22:25:42: Auth header present: true
2026-08-06T22:25:42: Making request to backend: https://system.gecogames.com/api/v1/testusers/me/
2026-08-06T22:25:42: Backend response status: 404
2026-08-06T22:25:42: Backend response ok: false
2026-08-06T22:25:42: Backend error response: <!DOCTYPE html>
2026-08-06T22:25:42: <html lang="en">
2026-08-06T22:25:42: <head>
2026-08-06T22:25:42:   <meta http-equiv="content-type" content="text/html; charset=utf-8">
2026-08-06T22:25:42:   <title>Page not found at /api/v1/testusers/me/</title>
2026-08-06T22:25:42:   <meta name="robots" content="NONE,NOARCHIVE">
2026-08-06T22:25:42:   <style>
2026-08-06T22:25:42:     html * { padding:0; margin:0; }
2026-08-06T22:25:42:     body * { padding:10px 20px; }
2026-08-06T22:25:42:     body * * { padding:0; }
2026-08-06T22:25:42:     body { font-family: sans-serif; background:#eee; color:#000; }
2026-08-06T22:25:42:     body > :where(header, main, footer) { border-bottom:1px solid #ddd; }
2026-08-06T22:25:42:     h1 { font-weight:normal; margin-bottom:.4em; }
2026-08-06T22:25:42:     h1 small { font-size:60%; color:#666; font-weight:normal; }
2026-08-06T22:25:42:     table { border:none; border-collapse: collapse; width:100%; }
2026-08-06T22:25:42:     td, th { vertical-align:top; padding:2px 3px; }
2026-08-06T22:25:42:     th { width:12em; text-align:right; color:#666; padding-right:.5em; }
2026-08-06T22:25:42:     #info { background:#f6f6f6; }
2026-08-06T22:25:42:     #info ol { margin: 0.5em 4em; }
2026-08-06T22:25:42:     #info ol li { font-family: monospace; }
2026-08-06T22:25:42:     #summary { background: #ffc; }
2026-08-06T22:25:42:     #explanation { background:#eee; border-bottom: 0px none; }
2026-08-06T22:25:42:     pre.exception_value { font-family: sans-serif; color: #575757; font-size: 1.5em; margin: 10px 0 10px 0; }
2026-08-06T22:25:42:   </style>
2026-08-06T22:25:42: </head>
2026-08-06T22:25:42: <body>
2026-08-06T22:25:42:   <header id="summary">
2026-08-06T22:25:42:     <h1>Page not found <small>(404)</small></h1>
2026-08-06T22:25:42:     
2026-08-06T22:25:42:     <table class="meta">
2026-08-06T22:25:42:       <tr>
2026-08-06T22:25:42:         <th scope="row">Request Method:</th>
2026-08-06T22:25:42:         <td>GET</td>
2026-08-06T22:25:42:       </tr>
2026-08-06T22:25:42:       <tr>
2026-08-06T22:25:42:         <th scope="row">Request URL:</th>
2026-08-06T22:25:42:         <td>https://system.gecogames.com/api/v1/testusers/me/</td>
2026-08-06T22:25:42:       </tr>
2026-08-06T22:25:42:       
2026-08-06T22:25:42:     </table>
2026-08-06T22:25:42:   </header>
2026-08-06T22:25:42: 
2026-08-06T22:25:42:   <main id="info">
2026-08-06T22:25:42:     
2026-08-06T22:25:42:       <p>
2026-08-06T22:25:42:       Using the URLconf defined in <code>system.urls</code>,
2026-08-06T22:25:42:       Django tried these URL patterns, in this order:
2026-08-06T22:25:42:       </p>
2026-08-06T22:25:42:       <ol>
2026-08-06T22:25:42:         
2026-08-06T22:25:42:           <li>
2026-08-06T22:25:42:             
2026-08-06T22:25:42:               <code>
2026-08-06T22:25:42:                 admin/
2026-08-06T22:25:42:                 
2026-08-06T22:25:42:               </code>
2026-08-06T22:25:42:             
2026-08-06T22:25:42:           </li>
2026-08-06T22:25:42:         
2026-08-06T22:25:42:           <li>
2026-08-06T22:25:42:             
2026-08-06T22:25:42:               <code>
2026-08-06T22:25:42:                 api/v1/test/
2026-08-06T22:25:42:                 
2026-08-06T22:25:42:               </code>
2026-08-06T22:25:42:             
2026-08-06T22:25:42:           </li>
2026-08-06T22:25:42:         
2026-08-06T22:25:42:           <li>
2026-08-06T22:25:42:             
2026-08-06T22:25:42:               <code>
2026-08-06T22:25:42:                 ^media/(?P&lt;path&gt;.*)$
2026-08-06T22:25:42:                 
2026-08-06T22:25:42:               </code>
2026-08-06T22:25:42:             
2026-08-06T22:25:42:           </li>
2026-08-06T22:25:42:         
2026-08-06T22:25:42:       </ol>
2026-08-06T22:25:42:       <p>
2026-08-06T22:25:42:         
2026-08-06T22:25:42:           The current path, <code>api/v1/testusers/me/</code>,
2026-08-06T22:25:42:         
2026-08-06T22:25:42:         didn’t match any of these.
2026-08-06T22:25:42:       </p>
2026-08-06T22:25:42:     
2026-08-06T22:25:42:   </main>
2026-08-06T22:25:42: 
2026-08-06T22:25:42:   <footer id="explanation">
2026-08-06T22:25:42:     <p>
2026-08-06T22:25:42:       You’re seeing this error because you have <code>DEBUG = True</code> in
2026-08-06T22:25:42:       your Django settings file. Change that to <code>False</code>, and Django
2026-08-06T22:25:42:       will display a standard 404 page.
2026-08-06T22:25:42:     </p>
2026-08-06T22:25:42:   </footer>
2026-08-06T22:25:42: </body>
2026-08-06T22:25:42: </html>
2026-08-06T22:25:42: 
2026-08-06T22:25:42: Current user API route called
2026-08-06T22:25:42: Auth header present: true
2026-08-06T22:25:42: Making request to backend: https://system.gecogames.com/api/v1/testusers/me/
2026-08-06T22:25:42: Backend response status: 404
2026-08-06T22:25:42: Backend response ok: false
2026-08-06T22:25:42: Backend error response: <!DOCTYPE html>
2026-08-06T22:25:42: <html lang="en">
2026-08-06T22:25:42: <head>
2026-08-06T22:25:42:   <meta http-equiv="content-type" content="text/html; charset=utf-8">
2026-08-06T22:25:42:   <title>Page not found at /api/v1/testusers/me/</title>
2026-08-06T22:25:42:   <meta name="robots" content="NONE,NOARCHIVE">
2026-08-06T22:25:42:   <style>
2026-08-06T22:25:42:     html * { padding:0; margin:0; }
2026-08-06T22:25:42:     body * { padding:10px 20px; }
2026-08-06T22:25:42:     body * * { padding:0; }
2026-08-06T22:25:42:     body { font-family: sans-serif; background:#eee; color:#000; }
2026-08-06T22:25:42:     body > :where(header, main, footer) { border-bottom:1px solid #ddd; }
2026-08-06T22:25:42:     h1 { font-weight:normal; margin-bottom:.4em; }
2026-08-06T22:25:42:     h1 small { font-size:60%; color:#666; font-weight:normal; }
2026-08-06T22:25:42:     table { border:none; border-collapse: collapse; width:100%; }
2026-08-06T22:25:42:     td, th { vertical-align:top; padding:2px 3px; }
2026-08-06T22:25:42:     th { width:12em; text-align:right; color:#666; padding-right:.5em; }
2026-08-06T22:25:42:     #info { background:#f6f6f6; }
2026-08-06T22:25:42:     #info ol { margin: 0.5em 4em; }
2026-08-06T22:25:42:     #info ol li { font-family: monospace; }
2026-08-06T22:25:42:     #summary { background: #ffc; }
2026-08-06T22:25:42:     #explanation { background:#eee; border-bottom: 0px none; }
2026-08-06T22:25:42:     pre.exception_value { font-family: sans-serif; color: #575757; font-size: 1.5em; margin: 10px 0 10px 0; }
2026-08-06T22:25:42:   </style>
2026-08-06T22:25:42: </head>
2026-08-06T22:25:42: <body>
2026-08-06T22:25:42:   <header id="summary">
2026-08-06T22:25:42:     <h1>Page not found <small>(404)</small></h1>
2026-08-06T22:25:42:     
2026-08-06T22:25:42:     <table class="meta">
2026-08-06T22:25:42:       <tr>
2026-08-06T22:25:42:         <th scope="row">Request Method:</th>
2026-08-06T22:25:42:         <td>GET</td>
2026-08-06T22:25:42:       </tr>
2026-08-06T22:25:42:       <tr>
2026-08-06T22:25:42:         <th scope="row">Request URL:</th>
2026-08-06T22:25:42:         <td>https://system.gecogames.com/api/v1/testusers/me/</td>
2026-08-06T22:25:42:       </tr>
2026-08-06T22:25:42:       
2026-08-06T22:25:42:     </table>
2026-08-06T22:25:42:   </header>
2026-08-06T22:25:42: 
2026-08-06T22:25:42:   <main id="info">
2026-08-06T22:25:42:     
2026-08-06T22:25:42:       <p>
2026-08-06T22:25:42:       Using the URLconf defined in <code>system.urls</code>,
2026-08-06T22:25:42:       Django tried these URL patterns, in this order:
2026-08-06T22:25:42:       </p>
2026-08-06T22:25:42:       <ol>
2026-08-06T22:25:42:         
2026-08-06T22:25:42:           <li>
2026-08-06T22:25:42:             
2026-08-06T22:25:42:               <code>
2026-08-06T22:25:42:                 admin/
2026-08-06T22:25:42:                 
2026-08-06T22:25:42:               </code>
2026-08-06T22:25:42:             
2026-08-06T22:25:42:           </li>
2026-08-06T22:25:42:         
2026-08-06T22:25:42:           <li>
2026-08-06T22:25:42:             
2026-08-06T22:25:42:               <code>
2026-08-06T22:25:42:                 api/v1/test/
2026-08-06T22:25:42:                 
2026-08-06T22:25:42:               </code>
2026-08-06T22:25:42:             
2026-08-06T22:25:42:           </li>
2026-08-06T22:25:42:         
2026-08-06T22:25:42:           <li>
2026-08-06T22:25:42:             
2026-08-06T22:25:42:               <code>
2026-08-06T22:25:42:                 ^media/(?P&lt;path&gt;.*)$
2026-08-06T22:25:42:                 
2026-08-06T22:25:42:               </code>
2026-08-06T22:25:42:             
2026-08-06T22:25:42:           </li>
2026-08-06T22:25:42:         
2026-08-06T22:25:42:       </ol>
2026-08-06T22:25:42:       <p>
2026-08-06T22:25:42:         
2026-08-06T22:25:42:           The current path, <code>api/v1/testusers/me/</code>,
2026-08-06T22:25:42:         
2026-08-06T22:25:42:         didn’t match any of these.
2026-08-06T22:25:42:       </p>
2026-08-06T22:25:42:     
2026-08-06T22:25:42:   </main>
2026-08-06T22:25:42: 
2026-08-06T22:25:42:   <footer id="explanation">
2026-08-06T22:25:42:     <p>
2026-08-06T22:25:42:       You’re seeing this error because you have <code>DEBUG = True</code> in
2026-08-06T22:25:42:       your Django settings file. Change that to <code>False</code>, and Django
2026-08-06T22:25:42:       will display a standard 404 page.
2026-08-06T22:25:42:     </p>
2026-08-06T22:25:42:   </footer>
2026-08-06T22:25:42: </body>
2026-08-06T22:25:42: </html>
2026-08-06T22:25:42: 
2026-08-06T22:25:42: Current user API route called
2026-08-06T22:25:42: Auth header present: true
2026-08-06T22:25:42: Making request to backend: https://system.gecogames.com/api/v1/testusers/me/
2026-08-06T22:25:42: Backend response status: 404
2026-08-06T22:25:42: Backend response ok: false
2026-08-06T22:25:42: Backend error response: <!DOCTYPE html>
2026-08-06T22:25:42: <html lang="en">
2026-08-06T22:25:42: <head>
2026-08-06T22:25:42:   <meta http-equiv="content-type" content="text/html; charset=utf-8">
2026-08-06T22:25:42:   <title>Page not found at /api/v1/testusers/me/</title>
2026-08-06T22:25:42:   <meta name="robots" content="NONE,NOARCHIVE">
2026-08-06T22:25:42:   <style>
2026-08-06T22:25:42:     html * { padding:0; margin:0; }
2026-08-06T22:25:42:     body * { padding:10px 20px; }
2026-08-06T22:25:42:     body * * { padding:0; }
2026-08-06T22:25:42:     body { font-family: sans-serif; background:#eee; color:#000; }
2026-08-06T22:25:42:     body > :where(header, main, footer) { border-bottom:1px solid #ddd; }
2026-08-06T22:25:42:     h1 { font-weight:normal; margin-bottom:.4em; }
2026-08-06T22:25:42:     h1 small { font-size:60%; color:#666; font-weight:normal; }
2026-08-06T22:25:42:     table { border:none; border-collapse: collapse; width:100%; }
2026-08-06T22:25:42:     td, th { vertical-align:top; padding:2px 3px; }
2026-08-06T22:25:42:     th { width:12em; text-align:right; color:#666; padding-right:.5em; }
2026-08-06T22:25:42:     #info { background:#f6f6f6; }
2026-08-06T22:25:42:     #info ol { margin: 0.5em 4em; }
2026-08-06T22:25:42:     #info ol li { font-family: monospace; }
2026-08-06T22:25:42:     #summary { background: #ffc; }
2026-08-06T22:25:42:     #explanation { background:#eee; border-bottom: 0px none; }
2026-08-06T22:25:42:     pre.exception_value { font-family: sans-serif; color: #575757; font-size: 1.5em; margin: 10px 0 10px 0; }
2026-08-06T22:25:42:   </style>
2026-08-06T22:25:42: </head>
2026-08-06T22:25:42: <body>
2026-08-06T22:25:42:   <header id="summary">
2026-08-06T22:25:42:     <h1>Page not found <small>(404)</small></h1>
2026-08-06T22:25:42:     
2026-08-06T22:25:42:     <table class="meta">
2026-08-06T22:25:42:       <tr>
2026-08-06T22:25:42:         <th scope="row">Request Method:</th>
2026-08-06T22:25:42:         <td>GET</td>
2026-08-06T22:25:42:       </tr>
2026-08-06T22:25:42:       <tr>
2026-08-06T22:25:42:         <th scope="row">Request URL:</th>
2026-08-06T22:25:42:         <td>https://system.gecogames.com/api/v1/testusers/me/</td>
2026-08-06T22:25:42:       </tr>
2026-08-06T22:25:42:       
2026-08-06T22:25:42:     </table>
2026-08-06T22:25:42:   </header>
2026-08-06T22:25:42: 
2026-08-06T22:25:42:   <main id="info">
2026-08-06T22:25:42:     
2026-08-06T22:25:42:       <p>
2026-08-06T22:25:42:       Using the URLconf defined in <code>system.urls</code>,
2026-08-06T22:25:42:       Django tried these URL patterns, in this order:
2026-08-06T22:25:42:       </p>
2026-08-06T22:25:42:       <ol>
2026-08-06T22:25:42:         
2026-08-06T22:25:42:           <li>
2026-08-06T22:25:42:             
2026-08-06T22:25:42:               <code>
2026-08-06T22:25:42:                 admin/
2026-08-06T22:25:42:                 
2026-08-06T22:25:42:               </code>
2026-08-06T22:25:42:             
2026-08-06T22:25:42:           </li>
2026-08-06T22:25:42:         
2026-08-06T22:25:42:           <li>
2026-08-06T22:25:42:             
2026-08-06T22:25:42:               <code>
2026-08-06T22:25:42:                 api/v1/test/
2026-08-06T22:25:42:                 
2026-08-06T22:25:42:               </code>
2026-08-06T22:25:42:             
2026-08-06T22:25:42:           </li>
2026-08-06T22:25:42:         
2026-08-06T22:25:42:           <li>
2026-08-06T22:25:42:             
2026-08-06T22:25:42:               <code>
2026-08-06T22:25:42:                 ^media/(?P&lt;path&gt;.*)$
2026-08-06T22:25:42:                 
2026-08-06T22:25:42:               </code>
2026-08-06T22:25:42:             
2026-08-06T22:25:42:           </li>
2026-08-06T22:25:42:         
2026-08-06T22:25:42:       </ol>
2026-08-06T22:25:42:       <p>
2026-08-06T22:25:42:         
2026-08-06T22:25:42:           The current path, <code>api/v1/testusers/me/</code>,
2026-08-06T22:25:42:         
2026-08-06T22:25:42:         didn’t match any of these.
2026-08-06T22:25:42:       </p>
2026-08-06T22:25:42:     
2026-08-06T22:25:42:   </main>
2026-08-06T22:25:42: 
2026-08-06T22:25:42:   <footer id="explanation">
2026-08-06T22:25:42:     <p>
2026-08-06T22:25:42:       You’re seeing this error because you have <code>DEBUG = True</code> in
2026-08-06T22:25:42:       your Django settings file. Change that to <code>False</code>, and Django
2026-08-06T22:25:42:       will display a standard 404 page.
2026-08-06T22:25:42:     </p>
2026-08-06T22:25:42:   </footer>
2026-08-06T22:25:42: </body>
2026-08-06T22:25:42: </html>
2026-08-06T22:25:42: 
2026-08-06T22:25:42: Current user API route called
2026-08-06T22:25:42: Auth header present: true
2026-08-06T22:25:42: Making request to backend: https://system.gecogames.com/api/v1/testusers/me/
2026-08-06T22:25:42: Backend response status: 404
2026-08-06T22:25:42: Backend response ok: false
2026-08-06T22:25:42: Backend error response: <!DOCTYPE html>
2026-08-06T22:25:42: <html lang="en">
2026-08-06T22:25:42: <head>
2026-08-06T22:25:42:   <meta http-equiv="content-type" content="text/html; charset=utf-8">
2026-08-06T22:25:42:   <title>Page not found at /api/v1/testusers/me/</title>
2026-08-06T22:25:42:   <meta name="robots" content="NONE,NOARCHIVE">
2026-08-06T22:25:42:   <style>
2026-08-06T22:25:42:     html * { padding:0; margin:0; }
2026-08-06T22:25:42:     body * { padding:10px 20px; }
2026-08-06T22:25:42:     body * * { padding:0; }
2026-08-06T22:25:42:     body { font-family: sans-serif; background:#eee; color:#000; }
2026-08-06T22:25:42:     body > :where(header, main, footer) { border-bottom:1px solid #ddd; }
2026-08-06T22:25:42:     h1 { font-weight:normal; margin-bottom:.4em; }
2026-08-06T22:25:42:     h1 small { font-size:60%; color:#666; font-weight:normal; }
2026-08-06T22:25:42:     table { border:none; border-collapse: collapse; width:100%; }
2026-08-06T22:25:42:     td, th { vertical-align:top; padding:2px 3px; }
2026-08-06T22:25:42:     th { width:12em; text-align:right; color:#666; padding-right:.5em; }
2026-08-06T22:25:42:     #info { background:#f6f6f6; }
2026-08-06T22:25:42:     #info ol { margin: 0.5em 4em; }
2026-08-06T22:25:42:     #info ol li { font-family: monospace; }
2026-08-06T22:25:42:     #summary { background: #ffc; }
2026-08-06T22:25:42:     #explanation { background:#eee; border-bottom: 0px none; }
2026-08-06T22:25:42:     pre.exception_value { font-family: sans-serif; color: #575757; font-size: 1.5em; margin: 10px 0 10px 0; }
2026-08-06T22:25:42:   </style>
2026-08-06T22:25:42: </head>
2026-08-06T22:25:42: <body>
2026-08-06T22:25:42:   <header id="summary">
2026-08-06T22:25:42:     <h1>Page not found <small>(404)</small></h1>
2026-08-06T22:25:42:     
2026-08-06T22:25:42:     <table class="meta">
2026-08-06T22:25:42:       <tr>
2026-08-06T22:25:42:         <th scope="row">Request Method:</th>
2026-08-06T22:25:42:         <td>GET</td>
2026-08-06T22:25:42:       </tr>
2026-08-06T22:25:42:       <tr>
2026-08-06T22:25:42:         <th scope="row">Request URL:</th>
2026-08-06T22:25:42:         <td>https://system.gecogames.com/api/v1/testusers/me/</td>
2026-08-06T22:25:42:       </tr>
2026-08-06T22:25:42:       
2026-08-06T22:25:42:     </table>
2026-08-06T22:25:42:   </header>
2026-08-06T22:25:42: 
2026-08-06T22:25:42:   <main id="info">
2026-08-06T22:25:42:     
2026-08-06T22:25:42:       <p>
2026-08-06T22:25:42:       Using the URLconf defined in <code>system.urls</code>,
2026-08-06T22:25:42:       Django tried these URL patterns, in this order:
2026-08-06T22:25:42:       </p>
2026-08-06T22:25:42:       <ol>
2026-08-06T22:25:42:         
2026-08-06T22:25:42:           <li>
2026-08-06T22:25:42:             
2026-08-06T22:25:42:               <code>
2026-08-06T22:25:42:                 admin/
2026-08-06T22:25:42:                 
2026-08-06T22:25:42:               </code>
2026-08-06T22:25:42:             
2026-08-06T22:25:42:           </li>
2026-08-06T22:25:42:         
2026-08-06T22:25:42:           <li>
2026-08-06T22:25:42:             
2026-08-06T22:25:42:               <code>
2026-08-06T22:25:42:                 api/v1/test/
2026-08-06T22:25:42:                 
2026-08-06T22:25:42:               </code>
2026-08-06T22:25:42:             
2026-08-06T22:25:42:           </li>
2026-08-06T22:25:42:         
2026-08-06T22:25:42:           <li>
2026-08-06T22:25:42:             
2026-08-06T22:25:42:               <code>
2026-08-06T22:25:42:                 ^media/(?P&lt;path&gt;.*)$
2026-08-06T22:25:42:                 
2026-08-06T22:25:42:               </code>
2026-08-06T22:25:42:             
2026-08-06T22:25:42:           </li>
2026-08-06T22:25:42:         
2026-08-06T22:25:42:       </ol>
2026-08-06T22:25:42:       <p>
2026-08-06T22:25:42:         
2026-08-06T22:25:42:           The current path, <code>api/v1/testusers/me/</code>,
2026-08-06T22:25:42:         
2026-08-06T22:25:42:         didn’t match any of these.
2026-08-06T22:25:42:       </p>
2026-08-06T22:25:42:     
2026-08-06T22:25:42:   </main>
2026-08-06T22:25:42: 
2026-08-06T22:25:42:   <footer id="explanation">
2026-08-06T22:25:42:     <p>
2026-08-06T22:25:42:       You’re seeing this error because you have <code>DEBUG = True</code> in
2026-08-06T22:25:42:       your Django settings file. Change that to <code>False</code>, and Django
2026-08-06T22:25:42:       will display a standard 404 page.
2026-08-06T22:25:42:     </p>
2026-08-06T22:25:42:   </footer>
2026-08-06T22:25:42: </body>
2026-08-06T22:25:42: </html>
2026-08-06T22:25:42: 
2026-08-06T22:25:42: Current user API route called
2026-08-06T22:25:42: Auth header present: true
2026-08-06T22:25:42: Making request to backend: https://system.gecogames.com/api/v1/testusers/me/
2026-08-06T22:25:42: Backend response status: 404
2026-08-06T22:25:42: Backend response ok: false
2026-08-06T22:25:42: Backend error response: <!DOCTYPE html>
2026-08-06T22:25:42: <html lang="en">
2026-08-06T22:25:42: <head>
2026-08-06T22:25:42:   <meta http-equiv="content-type" content="text/html; charset=utf-8">
2026-08-06T22:25:42:   <title>Page not found at /api/v1/testusers/me/</title>
2026-08-06T22:25:42:   <meta name="robots" content="NONE,NOARCHIVE">
2026-08-06T22:25:42:   <style>
2026-08-06T22:25:42:     html * { padding:0; margin:0; }
2026-08-06T22:25:42:     body * { padding:10px 20px; }
2026-08-06T22:25:42:     body * * { padding:0; }
2026-08-06T22:25:42:     body { font-family: sans-serif; background:#eee; color:#000; }
2026-08-06T22:25:42:     body > :where(header, main, footer) { border-bottom:1px solid #ddd; }
2026-08-06T22:25:42:     h1 { font-weight:normal; margin-bottom:.4em; }
2026-08-06T22:25:42:     h1 small { font-size:60%; color:#666; font-weight:normal; }
2026-08-06T22:25:42:     table { border:none; border-collapse: collapse; width:100%; }
2026-08-06T22:25:42:     td, th { vertical-align:top; padding:2px 3px; }
2026-08-06T22:25:42:     th { width:12em; text-align:right; color:#666; padding-right:.5em; }
2026-08-06T22:25:42:     #info { background:#f6f6f6; }
2026-08-06T22:25:42:     #info ol { margin: 0.5em 4em; }
2026-08-06T22:25:42:     #info ol li { font-family: monospace; }
2026-08-06T22:25:42:     #summary { background: #ffc; }
2026-08-06T22:25:42:     #explanation { background:#eee; border-bottom: 0px none; }
2026-08-06T22:25:42:     pre.exception_value { font-family: sans-serif; color: #575757; font-size: 1.5em; margin: 10px 0 10px 0; }
2026-08-06T22:25:42:   </style>
2026-08-06T22:25:42: </head>
2026-08-06T22:25:42: <body>
2026-08-06T22:25:42:   <header id="summary">
2026-08-06T22:25:42:     <h1>Page not found <small>(404)</small></h1>
2026-08-06T22:25:42:     
2026-08-06T22:25:42:     <table class="meta">
2026-08-06T22:25:42:       <tr>
2026-08-06T22:25:42:         <th scope="row">Request Method:</th>
2026-08-06T22:25:42:         <td>GET</td>
2026-08-06T22:25:42:       </tr>
2026-08-06T22:25:42:       <tr>
2026-08-06T22:25:42:         <th scope="row">Request URL:</th>
2026-08-06T22:25:42:         <td>https://system.gecogames.com/api/v1/testusers/me/</td>
2026-08-06T22:25:42:       </tr>
2026-08-06T22:25:42:       
2026-08-06T22:25:42:     </table>
2026-08-06T22:25:42:   </header>
2026-08-06T22:25:42: 
2026-08-06T22:25:42:   <main id="info">
2026-08-06T22:25:42:     
2026-08-06T22:25:42:       <p>
2026-08-06T22:25:42:       Using the URLconf defined in <code>system.urls</code>,
2026-08-06T22:25:42:       Django tried these URL patterns, in this order:
2026-08-06T22:25:42:       </p>
2026-08-06T22:25:42:       <ol>
2026-08-06T22:25:42:         
2026-08-06T22:25:42:           <li>
2026-08-06T22:25:42:             
2026-08-06T22:25:42:               <code>
2026-08-06T22:25:42:                 admin/
2026-08-06T22:25:42:                 
2026-08-06T22:25:42:               </code>
2026-08-06T22:25:42:             
2026-08-06T22:25:42:           </li>
2026-08-06T22:25:42:         
2026-08-06T22:25:42:           <li>
2026-08-06T22:25:42:             
2026-08-06T22:25:42:               <code>
2026-08-06T22:25:42:                 api/v1/test/
2026-08-06T22:25:42:                 
2026-08-06T22:25:42:               </code>
2026-08-06T22:25:42:             
2026-08-06T22:25:42:           </li>
2026-08-06T22:25:42:         
2026-08-06T22:25:42:           <li>
2026-08-06T22:25:42:             
2026-08-06T22:25:42:               <code>
2026-08-06T22:25:42:                 ^media/(?P&lt;path&gt;.*)$
2026-08-06T22:25:42:                 
2026-08-06T22:25:42:               </code>
2026-08-06T22:25:42:             
2026-08-06T22:25:42:           </li>
2026-08-06T22:25:42:         
2026-08-06T22:25:42:       </ol>
2026-08-06T22:25:42:       <p>
2026-08-06T22:25:42:         
2026-08-06T22:25:42:           The current path, <code>api/v1/testusers/me/</code>,
2026-08-06T22:25:42:         
2026-08-06T22:25:42:         didn’t match any of these.
2026-08-06T22:25:42:       </p>
2026-08-06T22:25:42:     
2026-08-06T22:25:42:   </main>
2026-08-06T22:25:42: 
2026-08-06T22:25:42:   <footer id="explanation">
2026-08-06T22:25:42:     <p>
2026-08-06T22:25:42:       You’re seeing this error because you have <code>DEBUG = True</code> in
2026-08-06T22:25:42:       your Django settings file. Change that to <code>False</code>, and Django
2026-08-06T22:25:42:       will display a standard 404 page.
2026-08-06T22:25:42:     </p>
2026-08-06T22:25:42:   </footer>
2026-08-06T22:25:42: </body>
2026-08-06T22:25:42: </html>
2026-08-06T22:25:42: 
2026-08-06T22:25:43: Current user API route called
2026-08-06T22:25:43: Auth header present: true
2026-08-06T22:25:43: Making request to backend: https://system.gecogames.com/api/v1/testusers/me/
2026-08-06T22:25:43: Backend response status: 404
2026-08-06T22:25:43: Backend response ok: false
2026-08-06T22:25:43: Backend error response: <!DOCTYPE html>
2026-08-06T22:25:43: <html lang="en">
2026-08-06T22:25:43: <head>
2026-08-06T22:25:43:   <meta http-equiv="content-type" content="text/html; charset=utf-8">
2026-08-06T22:25:43:   <title>Page not found at /api/v1/testusers/me/</title>
2026-08-06T22:25:43:   <meta name="robots" content="NONE,NOARCHIVE">
2026-08-06T22:25:43:   <style>
2026-08-06T22:25:43:     html * { padding:0; margin:0; }
2026-08-06T22:25:43:     body * { padding:10px 20px; }
2026-08-06T22:25:43:     body * * { padding:0; }
2026-08-06T22:25:43:     body { font-family: sans-serif; background:#eee; color:#000; }
2026-08-06T22:25:43:     body > :where(header, main, footer) { border-bottom:1px solid #ddd; }
2026-08-06T22:25:43:     h1 { font-weight:normal; margin-bottom:.4em; }
2026-08-06T22:25:43:     h1 small { font-size:60%; color:#666; font-weight:normal; }
2026-08-06T22:25:43:     table { border:none; border-collapse: collapse; width:100%; }
2026-08-06T22:25:43:     td, th { vertical-align:top; padding:2px 3px; }
2026-08-06T22:25:43:     th { width:12em; text-align:right; color:#666; padding-right:.5em; }
2026-08-06T22:25:43:     #info { background:#f6f6f6; }
2026-08-06T22:25:43:     #info ol { margin: 0.5em 4em; }
2026-08-06T22:25:43:     #info ol li { font-family: monospace; }
2026-08-06T22:25:43:     #summary { background: #ffc; }
2026-08-06T22:25:43:     #explanation { background:#eee; border-bottom: 0px none; }
2026-08-06T22:25:43:     pre.exception_value { font-family: sans-serif; color: #575757; font-size: 1.5em; margin: 10px 0 10px 0; }
2026-08-06T22:25:43:   </style>
2026-08-06T22:25:43: </head>
2026-08-06T22:25:43: <body>
2026-08-06T22:25:43:   <header id="summary">
2026-08-06T22:25:43:     <h1>Page not found <small>(404)</small></h1>
2026-08-06T22:25:43:     
2026-08-06T22:25:43:     <table class="meta">
2026-08-06T22:25:43:       <tr>
2026-08-06T22:25:43:         <th scope="row">Request Method:</th>
2026-08-06T22:25:43:         <td>GET</td>
2026-08-06T22:25:43:       </tr>
2026-08-06T22:25:43:       <tr>
2026-08-06T22:25:43:         <th scope="row">Request URL:</th>
2026-08-06T22:25:43:         <td>https://system.gecogames.com/api/v1/testusers/me/</td>
2026-08-06T22:25:43:       </tr>
2026-08-06T22:25:43:       
2026-08-06T22:25:43:     </table>
2026-08-06T22:25:43:   </header>
2026-08-06T22:25:43: 
2026-08-06T22:25:43:   <main id="info">
2026-08-06T22:25:43:     
2026-08-06T22:25:43:       <p>
2026-08-06T22:25:43:       Using the URLconf defined in <code>system.urls</code>,
2026-08-06T22:25:43:       Django tried these URL patterns, in this order:
2026-08-06T22:25:43:       </p>
2026-08-06T22:25:43:       <ol>
2026-08-06T22:25:43:         
2026-08-06T22:25:43:           <li>
2026-08-06T22:25:43:             
2026-08-06T22:25:43:               <code>
2026-08-06T22:25:43:                 admin/
2026-08-06T22:25:43:                 
2026-08-06T22:25:43:               </code>
2026-08-06T22:25:43:             
2026-08-06T22:25:43:           </li>
2026-08-06T22:25:43:         
2026-08-06T22:25:43:           <li>
2026-08-06T22:25:43:             
2026-08-06T22:25:43:               <code>
2026-08-06T22:25:43:                 api/v1/test/
2026-08-06T22:25:43:                 
2026-08-06T22:25:43:               </code>
2026-08-06T22:25:43:             
2026-08-06T22:25:43:           </li>
2026-08-06T22:25:43:         
2026-08-06T22:25:43:           <li>
2026-08-06T22:25:43:             
2026-08-06T22:25:43:               <code>
2026-08-06T22:25:43:                 ^media/(?P&lt;path&gt;.*)$
2026-08-06T22:25:43:                 
2026-08-06T22:25:43:               </code>
2026-08-06T22:25:43:             
2026-08-06T22:25:43:           </li>
2026-08-06T22:25:43:         
2026-08-06T22:25:43:       </ol>
2026-08-06T22:25:43:       <p>
2026-08-06T22:25:43:         
2026-08-06T22:25:43:           The current path, <code>api/v1/testusers/me/</code>,
2026-08-06T22:25:43:         
2026-08-06T22:25:43:         didn’t match any of these.
2026-08-06T22:25:43:       </p>
2026-08-06T22:25:43:     
2026-08-06T22:25:43:   </main>
2026-08-06T22:25:43: 
2026-08-06T22:25:43:   <footer id="explanation">
2026-08-06T22:25:43:     <p>
2026-08-06T22:25:43:       You’re seeing this error because you have <code>DEBUG = True</code> in
2026-08-06T22:25:43:       your Django settings file. Change that to <code>False</code>, and Django
2026-08-06T22:25:43:       will display a standard 404 page.
2026-08-06T22:25:43:     </p>
2026-08-06T22:25:43:   </footer>
2026-08-06T22:25:43: </body>
2026-08-06T22:25:43: </html>
2026-08-06T22:25:43: 
2026-08-06T22:25:43: Current user API route called
2026-08-06T22:25:43: Auth header present: true
2026-08-06T22:25:43: Making request to backend: https://system.gecogames.com/api/v1/testusers/me/
2026-08-06T22:25:43: Backend response status: 404
2026-08-06T22:25:43: Backend response ok: false
2026-08-06T22:25:43: Backend error response: <!DOCTYPE html>
2026-08-06T22:25:43: <html lang="en">
2026-08-06T22:25:43: <head>
2026-08-06T22:25:43:   <meta http-equiv="content-type" content="text/html; charset=utf-8">
2026-08-06T22:25:43:   <title>Page not found at /api/v1/testusers/me/</title>
2026-08-06T22:25:43:   <meta name="robots" content="NONE,NOARCHIVE">
2026-08-06T22:25:43:   <style>
2026-08-06T22:25:43:     html * { padding:0; margin:0; }
2026-08-06T22:25:43:     body * { padding:10px 20px; }
2026-08-06T22:25:43:     body * * { padding:0; }
2026-08-06T22:25:43:     body { font-family: sans-serif; background:#eee; color:#000; }
2026-08-06T22:25:43:     body > :where(header, main, footer) { border-bottom:1px solid #ddd; }
2026-08-06T22:25:43:     h1 { font-weight:normal; margin-bottom:.4em; }
2026-08-06T22:25:43:     h1 small { font-size:60%; color:#666; font-weight:normal; }
2026-08-06T22:25:43:     table { border:none; border-collapse: collapse; width:100%; }
2026-08-06T22:25:43:     td, th { vertical-align:top; padding:2px 3px; }
2026-08-06T22:25:43:     th { width:12em; text-align:right; color:#666; padding-right:.5em; }
2026-08-06T22:25:43:     #info { background:#f6f6f6; }
2026-08-06T22:25:43:     #info ol { margin: 0.5em 4em; }
2026-08-06T22:25:43:     #info ol li { font-family: monospace; }
2026-08-06T22:25:43:     #summary { background: #ffc; }
2026-08-06T22:25:43:     #explanation { background:#eee; border-bottom: 0px none; }
2026-08-06T22:25:43:     pre.exception_value { font-family: sans-serif; color: #575757; font-size: 1.5em; margin: 10px 0 10px 0; }
2026-08-06T22:25:43:   </style>
2026-08-06T22:25:43: </head>
2026-08-06T22:25:43: <body>
2026-08-06T22:25:43:   <header id="summary">
2026-08-06T22:25:43:     <h1>Page not found <small>(404)</small></h1>
2026-08-06T22:25:43:     
2026-08-06T22:25:43:     <table class="meta">
2026-08-06T22:25:43:       <tr>
2026-08-06T22:25:43:         <th scope="row">Request Method:</th>
2026-08-06T22:25:43:         <td>GET</td>
2026-08-06T22:25:43:       </tr>
2026-08-06T22:25:43:       <tr>
2026-08-06T22:25:43:         <th scope="row">Request URL:</th>
2026-08-06T22:25:43:         <td>https://system.gecogames.com/api/v1/testusers/me/</td>
2026-08-06T22:25:43:       </tr>
2026-08-06T22:25:43:       
2026-08-06T22:25:43:     </table>
2026-08-06T22:25:43:   </header>
2026-08-06T22:25:43: 
2026-08-06T22:25:43:   <main id="info">
2026-08-06T22:25:43:     
2026-08-06T22:25:43:       <p>
2026-08-06T22:25:43:       Using the URLconf defined in <code>system.urls</code>,
2026-08-06T22:25:43:       Django tried these URL patterns, in this order:
2026-08-06T22:25:43:       </p>
2026-08-06T22:25:43:       <ol>
2026-08-06T22:25:43:         
2026-08-06T22:25:43:           <li>
2026-08-06T22:25:43:             
2026-08-06T22:25:43:               <code>
2026-08-06T22:25:43:                 admin/
2026-08-06T22:25:43:                 
2026-08-06T22:25:43:               </code>
2026-08-06T22:25:43:             
2026-08-06T22:25:43:           </li>
2026-08-06T22:25:43:         
2026-08-06T22:25:43:           <li>
2026-08-06T22:25:43:             
2026-08-06T22:25:43:               <code>
2026-08-06T22:25:43:                 api/v1/test/
2026-08-06T22:25:43:                 
2026-08-06T22:25:43:               </code>
2026-08-06T22:25:43:             
2026-08-06T22:25:43:           </li>
2026-08-06T22:25:43:         
2026-08-06T22:25:43:           <li>
2026-08-06T22:25:43:             
2026-08-06T22:25:43:               <code>
2026-08-06T22:25:43:                 ^media/(?P&lt;path&gt;.*)$
2026-08-06T22:25:43:                 
2026-08-06T22:25:43:               </code>
2026-08-06T22:25:43:             
2026-08-06T22:25:43:           </li>
2026-08-06T22:25:43:         
2026-08-06T22:25:43:       </ol>
2026-08-06T22:25:43:       <p>
2026-08-06T22:25:43:         
2026-08-06T22:25:43:           The current path, <code>api/v1/testusers/me/</code>,
2026-08-06T22:25:43:         
2026-08-06T22:25:43:         didn’t match any of these.
2026-08-06T22:25:43:       </p>
2026-08-06T22:25:43:     
2026-08-06T22:25:43:   </main>
2026-08-06T22:25:43: 
2026-08-06T22:25:43:   <footer id="explanation">
2026-08-06T22:25:43:     <p>
2026-08-06T22:25:43:       You’re seeing this error because you have <code>DEBUG = True</code> in
2026-08-06T22:25:43:       your Django settings file. Change that to <code>False</code>, and Django
2026-08-06T22:25:43:       will display a standard 404 page.
2026-08-06T22:25:43:     </p>
2026-08-06T22:25:43:   </footer>
2026-08-06T22:25:43: </body>
2026-08-06T22:25:43: </html>
2026-08-06T22:25:43: 
2026-08-06T22:25:43: Current user API route called
2026-08-06T22:25:43: Auth header present: true
2026-08-06T22:25:43: Making request to backend: https://system.gecogames.com/api/v1/testusers/me/
2026-08-06T22:25:43: Backend response status: 404
2026-08-06T22:25:43: Backend response ok: false
2026-08-06T22:25:43: Backend error response: <!DOCTYPE html>
2026-08-06T22:25:43: <html lang="en">
2026-08-06T22:25:43: <head>
2026-08-06T22:25:43:   <meta http-equiv="content-type" content="text/html; charset=utf-8">
2026-08-06T22:25:43:   <title>Page not found at /api/v1/testusers/me/</title>
2026-08-06T22:25:43:   <meta name="robots" content="NONE,NOARCHIVE">
2026-08-06T22:25:43:   <style>
2026-08-06T22:25:43:     html * { padding:0; margin:0; }
2026-08-06T22:25:43:     body * { padding:10px 20px; }
2026-08-06T22:25:43:     body * * { padding:0; }
2026-08-06T22:25:43:     body { font-family: sans-serif; background:#eee; color:#000; }
2026-08-06T22:25:43:     body > :where(header, main, footer) { border-bottom:1px solid #ddd; }
2026-08-06T22:25:43:     h1 { font-weight:normal; margin-bottom:.4em; }
2026-08-06T22:25:43:     h1 small { font-size:60%; color:#666; font-weight:normal; }
2026-08-06T22:25:43:     table { border:none; border-collapse: collapse; width:100%; }
2026-08-06T22:25:43:     td, th { vertical-align:top; padding:2px 3px; }
2026-08-06T22:25:43:     th { width:12em; text-align:right; color:#666; padding-right:.5em; }
2026-08-06T22:25:43:     #info { background:#f6f6f6; }
2026-08-06T22:25:43:     #info ol { margin: 0.5em 4em; }
2026-08-06T22:25:43:     #info ol li { font-family: monospace; }
2026-08-06T22:25:43:     #summary { background: #ffc; }
2026-08-06T22:25:43:     #explanation { background:#eee; border-bottom: 0px none; }
2026-08-06T22:25:43:     pre.exception_value { font-family: sans-serif; color: #575757; font-size: 1.5em; margin: 10px 0 10px 0; }
2026-08-06T22:25:43:   </style>
2026-08-06T22:25:43: </head>
2026-08-06T22:25:43: <body>
2026-08-06T22:25:43:   <header id="summary">
2026-08-06T22:25:43:     <h1>Page not found <small>(404)</small></h1>
2026-08-06T22:25:43:     
2026-08-06T22:25:43:     <table class="meta">
2026-08-06T22:25:43:       <tr>
2026-08-06T22:25:43:         <th scope="row">Request Method:</th>
2026-08-06T22:25:43:         <td>GET</td>
2026-08-06T22:25:43:       </tr>
2026-08-06T22:25:43:       <tr>
2026-08-06T22:25:43:         <th scope="row">Request URL:</th>
2026-08-06T22:25:43:         <td>https://system.gecogames.com/api/v1/testusers/me/</td>
2026-08-06T22:25:43:       </tr>
2026-08-06T22:25:43:       
2026-08-06T22:25:43:     </table>
2026-08-06T22:25:43:   </header>
2026-08-06T22:25:43: 
2026-08-06T22:25:43:   <main id="info">
2026-08-06T22:25:43:     
2026-08-06T22:25:43:       <p>
2026-08-06T22:25:43:       Using the URLconf defined in <code>system.urls</code>,
2026-08-06T22:25:43:       Django tried these URL patterns, in this order:
2026-08-06T22:25:43:       </p>
2026-08-06T22:25:43:       <ol>
2026-08-06T22:25:43:         
2026-08-06T22:25:43:           <li>
2026-08-06T22:25:43:             
2026-08-06T22:25:43:               <code>
2026-08-06T22:25:43:                 admin/
2026-08-06T22:25:43:                 
2026-08-06T22:25:43:               </code>
2026-08-06T22:25:43:             
2026-08-06T22:25:43:           </li>
2026-08-06T22:25:43:         
2026-08-06T22:25:43:           <li>
2026-08-06T22:25:43:             
2026-08-06T22:25:43:               <code>
2026-08-06T22:25:43:                 api/v1/test/
2026-08-06T22:25:43:                 
2026-08-06T22:25:43:               </code>
2026-08-06T22:25:43:             
2026-08-06T22:25:43:           </li>
2026-08-06T22:25:43:         
2026-08-06T22:25:43:           <li>
2026-08-06T22:25:43:             
2026-08-06T22:25:43:               <code>
2026-08-06T22:25:43:                 ^media/(?P&lt;path&gt;.*)$
2026-08-06T22:25:43:                 
2026-08-06T22:25:43:               </code>
2026-08-06T22:25:43:             
2026-08-06T22:25:43:           </li>
2026-08-06T22:25:43:         
2026-08-06T22:25:43:       </ol>
2026-08-06T22:25:43:       <p>
2026-08-06T22:25:43:         
2026-08-06T22:25:43:           The current path, <code>api/v1/testusers/me/</code>,
2026-08-06T22:25:43:         
2026-08-06T22:25:43:         didn’t match any of these.
2026-08-06T22:25:43:       </p>
2026-08-06T22:25:43:     
2026-08-06T22:25:43:   </main>
2026-08-06T22:25:43: 
2026-08-06T22:25:43:   <footer id="explanation">
2026-08-06T22:25:43:     <p>
2026-08-06T22:25:43:       You’re seeing this error because you have <code>DEBUG = True</code> in
2026-08-06T22:25:43:       your Django settings file. Change that to <code>False</code>, and Django
2026-08-06T22:25:43:       will display a standard 404 page.
2026-08-06T22:25:43:     </p>
2026-08-06T22:25:43:   </footer>
2026-08-06T22:25:43: </body>
2026-08-06T22:25:43: </html>
2026-08-06T22:25:43: 
2026-08-06T22:25:43: Current user API route called
2026-08-06T22:25:43: Auth header present: true
2026-08-06T22:25:43: Making request to backend: https://system.gecogames.com/api/v1/testusers/me/
2026-08-06T22:25:43: Backend response status: 404
2026-08-06T22:25:43: Backend response ok: false
2026-08-06T22:25:43: Backend error response: <!DOCTYPE html>
2026-08-06T22:25:43: <html lang="en">
2026-08-06T22:25:43: <head>
2026-08-06T22:25:43:   <meta http-equiv="content-type" content="text/html; charset=utf-8">
2026-08-06T22:25:43:   <title>Page not found at /api/v1/testusers/me/</title>
2026-08-06T22:25:43:   <meta name="robots" content="NONE,NOARCHIVE">
2026-08-06T22:25:43:   <style>
2026-08-06T22:25:43:     html * { padding:0; margin:0; }
2026-08-06T22:25:43:     body * { padding:10px 20px; }
2026-08-06T22:25:43:     body * * { padding:0; }
2026-08-06T22:25:43:     body { font-family: sans-serif; background:#eee; color:#000; }
2026-08-06T22:25:43:     body > :where(header, main, footer) { border-bottom:1px solid #ddd; }
2026-08-06T22:25:43:     h1 { font-weight:normal; margin-bottom:.4em; }
2026-08-06T22:25:43:     h1 small { font-size:60%; color:#666; font-weight:normal; }
2026-08-06T22:25:43:     table { border:none; border-collapse: collapse; width:100%; }
2026-08-06T22:25:43:     td, th { vertical-align:top; padding:2px 3px; }
2026-08-06T22:25:43:     th { width:12em; text-align:right; color:#666; padding-right:.5em; }
2026-08-06T22:25:43:     #info { background:#f6f6f6; }
2026-08-06T22:25:43:     #info ol { margin: 0.5em 4em; }
2026-08-06T22:25:43:     #info ol li { font-family: monospace; }
2026-08-06T22:25:43:     #summary { background: #ffc; }
2026-08-06T22:25:43:     #explanation { background:#eee; border-bottom: 0px none; }
2026-08-06T22:25:43:     pre.exception_value { font-family: sans-serif; color: #575757; font-size: 1.5em; margin: 10px 0 10px 0; }
2026-08-06T22:25:43:   </style>
2026-08-06T22:25:43: </head>
2026-08-06T22:25:43: <body>
2026-08-06T22:25:43:   <header id="summary">
2026-08-06T22:25:43:     <h1>Page not found <small>(404)</small></h1>
2026-08-06T22:25:43:     
2026-08-06T22:25:43:     <table class="meta">
2026-08-06T22:25:43:       <tr>
2026-08-06T22:25:43:         <th scope="row">Request Method:</th>
2026-08-06T22:25:43:         <td>GET</td>
2026-08-06T22:25:43:       </tr>
2026-08-06T22:25:43:       <tr>
2026-08-06T22:25:43:         <th scope="row">Request URL:</th>
2026-08-06T22:25:43:         <td>https://system.gecogames.com/api/v1/testusers/me/</td>
2026-08-06T22:25:43:       </tr>
2026-08-06T22:25:43:       
2026-08-06T22:25:43:     </table>
2026-08-06T22:25:43:   </header>
2026-08-06T22:25:43: 
2026-08-06T22:25:43:   <main id="info">
2026-08-06T22:25:43:     
2026-08-06T22:25:43:       <p>
2026-08-06T22:25:43:       Using the URLconf defined in <code>system.urls</code>,
2026-08-06T22:25:43:       Django tried these URL patterns, in this order:
2026-08-06T22:25:43:       </p>
2026-08-06T22:25:43:       <ol>
2026-08-06T22:25:43:         
2026-08-06T22:25:43:           <li>
2026-08-06T22:25:43:             
2026-08-06T22:25:43:               <code>
2026-08-06T22:25:43:                 admin/
2026-08-06T22:25:43:                 
2026-08-06T22:25:43:               </code>
2026-08-06T22:25:43:             
2026-08-06T22:25:43:           </li>
2026-08-06T22:25:43:         
2026-08-06T22:25:43:           <li>
2026-08-06T22:25:43:             
2026-08-06T22:25:43:               <code>
2026-08-06T22:25:43:                 api/v1/test/
2026-08-06T22:25:43:                 
2026-08-06T22:25:43:               </code>
2026-08-06T22:25:43:             
2026-08-06T22:25:43:           </li>
2026-08-06T22:25:43:         
2026-08-06T22:25:43:           <li>
2026-08-06T22:25:43:             
2026-08-06T22:25:43:               <code>
2026-08-06T22:25:43:                 ^media/(?P&lt;path&gt;.*)$
2026-08-06T22:25:43:                 
2026-08-06T22:25:43:               </code>
2026-08-06T22:25:43:             
2026-08-06T22:25:43:           </li>
2026-08-06T22:25:43:         
2026-08-06T22:25:43:       </ol>
2026-08-06T22:25:43:       <p>
2026-08-06T22:25:43:         
2026-08-06T22:25:43:           The current path, <code>api/v1/testusers/me/</code>,
2026-08-06T22:25:43:         
2026-08-06T22:25:43:         didn’t match any of these.
2026-08-06T22:25:43:       </p>
2026-08-06T22:25:43:     
2026-08-06T22:25:43:   </main>
2026-08-06T22:25:43: 
2026-08-06T22:25:43:   <footer id="explanation">
2026-08-06T22:25:43:     <p>
2026-08-06T22:25:43:       You’re seeing this error because you have <code>DEBUG = True</code> in
2026-08-06T22:25:43:       your Django settings file. Change that to <code>False</code>, and Django
2026-08-06T22:25:43:       will display a standard 404 page.
2026-08-06T22:25:43:     </p>
2026-08-06T22:25:43:   </footer>
2026-08-06T22:25:43: </body>
2026-08-06T22:25:43: </html>
2026-08-06T22:25:43: 
2026-08-06T22:25:43: Current user API route called
2026-08-06T22:25:43: Auth header present: true
2026-08-06T22:25:43: Making request to backend: https://system.gecogames.com/api/v1/testusers/me/
2026-08-06T22:25:43: Backend response status: 404
2026-08-06T22:25:43: Backend response ok: false
2026-08-06T22:25:43: Backend error response: <!DOCTYPE html>
2026-08-06T22:25:43: <html lang="en">
2026-08-06T22:25:43: <head>
2026-08-06T22:25:43:   <meta http-equiv="content-type" content="text/html; charset=utf-8">
2026-08-06T22:25:43:   <title>Page not found at /api/v1/testusers/me/</title>
2026-08-06T22:25:43:   <meta name="robots" content="NONE,NOARCHIVE">
2026-08-06T22:25:43:   <style>
2026-08-06T22:25:43:     html * { padding:0; margin:0; }
2026-08-06T22:25:43:     body * { padding:10px 20px; }
2026-08-06T22:25:43:     body * * { padding:0; }
2026-08-06T22:25:43:     body { font-family: sans-serif; background:#eee; color:#000; }
2026-08-06T22:25:43:     body > :where(header, main, footer) { border-bottom:1px solid #ddd; }
2026-08-06T22:25:43:     h1 { font-weight:normal; margin-bottom:.4em; }
2026-08-06T22:25:43:     h1 small { font-size:60%; color:#666; font-weight:normal; }
2026-08-06T22:25:43:     table { border:none; border-collapse: collapse; width:100%; }
2026-08-06T22:25:43:     td, th { vertical-align:top; padding:2px 3px; }
2026-08-06T22:25:43:     th { width:12em; text-align:right; color:#666; padding-right:.5em; }
2026-08-06T22:25:43:     #info { background:#f6f6f6; }
2026-08-06T22:25:43:     #info ol { margin: 0.5em 4em; }
2026-08-06T22:25:43:     #info ol li { font-family: monospace; }
2026-08-06T22:25:43:     #summary { background: #ffc; }
2026-08-06T22:25:43:     #explanation { background:#eee; border-bottom: 0px none; }
2026-08-06T22:25:43:     pre.exception_value { font-family: sans-serif; color: #575757; font-size: 1.5em; margin: 10px 0 10px 0; }
2026-08-06T22:25:43:   </style>
2026-08-06T22:25:43: </head>
2026-08-06T22:25:43: <body>
2026-08-06T22:25:43:   <header id="summary">
2026-08-06T22:25:43:     <h1>Page not found <small>(404)</small></h1>
2026-08-06T22:25:43:     
2026-08-06T22:25:43:     <table class="meta">
2026-08-06T22:25:43:       <tr>
2026-08-06T22:25:43:         <th scope="row">Request Method:</th>
2026-08-06T22:25:43:         <td>GET</td>
2026-08-06T22:25:43:       </tr>
2026-08-06T22:25:43:       <tr>
2026-08-06T22:25:43:         <th scope="row">Request URL:</th>
2026-08-06T22:25:43:         <td>https://system.gecogames.com/api/v1/testusers/me/</td>
2026-08-06T22:25:43:       </tr>
2026-08-06T22:25:43:       
2026-08-06T22:25:43:     </table>
2026-08-06T22:25:43:   </header>
2026-08-06T22:25:43: 
2026-08-06T22:25:43:   <main id="info">
2026-08-06T22:25:43:     
2026-08-06T22:25:43:       <p>
2026-08-06T22:25:43:       Using the URLconf defined in <code>system.urls</code>,
2026-08-06T22:25:43:       Django tried these URL patterns, in this order:
2026-08-06T22:25:43:       </p>
2026-08-06T22:25:43:       <ol>
2026-08-06T22:25:43:         
2026-08-06T22:25:43:           <li>
2026-08-06T22:25:43:             
2026-08-06T22:25:43:               <code>
2026-08-06T22:25:43:                 admin/
2026-08-06T22:25:43:                 
2026-08-06T22:25:43:               </code>
2026-08-06T22:25:43:             
2026-08-06T22:25:43:           </li>
2026-08-06T22:25:43:         
2026-08-06T22:25:43:           <li>
2026-08-06T22:25:43:             
2026-08-06T22:25:43:               <code>
2026-08-06T22:25:43:                 api/v1/test/
2026-08-06T22:25:43:                 
2026-08-06T22:25:43:               </code>
2026-08-06T22:25:43:             
2026-08-06T22:25:43:           </li>
2026-08-06T22:25:43:         
2026-08-06T22:25:43:           <li>
2026-08-06T22:25:43:             
2026-08-06T22:25:43:               <code>
2026-08-06T22:25:43:                 ^media/(?P&lt;path&gt;.*)$
2026-08-06T22:25:43:                 
2026-08-06T22:25:43:               </code>
2026-08-06T22:25:43:             
2026-08-06T22:25:43:           </li>
2026-08-06T22:25:43:         
2026-08-06T22:25:43:       </ol>
2026-08-06T22:25:43:       <p>
2026-08-06T22:25:43:         
2026-08-06T22:25:43:           The current path, <code>api/v1/testusers/me/</code>,
2026-08-06T22:25:43:         
2026-08-06T22:25:43:         didn’t match any of these.
2026-08-06T22:25:43:       </p>
2026-08-06T22:25:43:     
2026-08-06T22:25:43:   </main>
2026-08-06T22:25:43: 
2026-08-06T22:25:43:   <footer id="explanation">
2026-08-06T22:25:43:     <p>
2026-08-06T22:25:43:       You’re seeing this error because you have <code>DEBUG = True</code> in
2026-08-06T22:25:43:       your Django settings file. Change that to <code>False</code>, and Django
2026-08-06T22:25:43:       will display a standard 404 page.
2026-08-06T22:25:43:     </p>
2026-08-06T22:25:43:   </footer>
2026-08-06T22:25:43: </body>
2026-08-06T22:25:43: </html>
2026-08-06T22:25:43: 
2026-08-06T22:25:43: Current user API route called
2026-08-06T22:25:43: Auth header present: true
2026-08-06T22:25:43: Making request to backend: https://system.gecogames.com/api/v1/testusers/me/
2026-08-06T22:25:43: Backend response status: 404
2026-08-06T22:25:43: Backend response ok: false
2026-08-06T22:25:43: Backend error response: <!DOCTYPE html>
2026-08-06T22:25:43: <html lang="en">
2026-08-06T22:25:43: <head>
2026-08-06T22:25:43:   <meta http-equiv="content-type" content="text/html; charset=utf-8">
2026-08-06T22:25:43:   <title>Page not found at /api/v1/testusers/me/</title>
2026-08-06T22:25:43:   <meta name="robots" content="NONE,NOARCHIVE">
2026-08-06T22:25:43:   <style>
2026-08-06T22:25:43:     html * { padding:0; margin:0; }
2026-08-06T22:25:43:     body * { padding:10px 20px; }
2026-08-06T22:25:43:     body * * { padding:0; }
2026-08-06T22:25:43:     body { font-family: sans-serif; background:#eee; color:#000; }
2026-08-06T22:25:43:     body > :where(header, main, footer) { border-bottom:1px solid #ddd; }
2026-08-06T22:25:43:     h1 { font-weight:normal; margin-bottom:.4em; }
2026-08-06T22:25:43:     h1 small { font-size:60%; color:#666; font-weight:normal; }
2026-08-06T22:25:43:     table { border:none; border-collapse: collapse; width:100%; }
2026-08-06T22:25:43:     td, th { vertical-align:top; padding:2px 3px; }
2026-08-06T22:25:43:     th { width:12em; text-align:right; color:#666; padding-right:.5em; }
2026-08-06T22:25:43:     #info { background:#f6f6f6; }
2026-08-06T22:25:43:     #info ol { margin: 0.5em 4em; }
2026-08-06T22:25:43:     #info ol li { font-family: monospace; }
2026-08-06T22:25:43:     #summary { background: #ffc; }
2026-08-06T22:25:43:     #explanation { background:#eee; border-bottom: 0px none; }
2026-08-06T22:25:43:     pre.exception_value { font-family: sans-serif; color: #575757; font-size: 1.5em; margin: 10px 0 10px 0; }
2026-08-06T22:25:43:   </style>
2026-08-06T22:25:43: </head>
2026-08-06T22:25:43: <body>
2026-08-06T22:25:43:   <header id="summary">
2026-08-06T22:25:43:     <h1>Page not found <small>(404)</small></h1>
2026-08-06T22:25:43:     
2026-08-06T22:25:43:     <table class="meta">
2026-08-06T22:25:43:       <tr>
2026-08-06T22:25:43:         <th scope="row">Request Method:</th>
2026-08-06T22:25:43:         <td>GET</td>
2026-08-06T22:25:43:       </tr>
2026-08-06T22:25:43:       <tr>
2026-08-06T22:25:43:         <th scope="row">Request URL:</th>
2026-08-06T22:25:43:         <td>https://system.gecogames.com/api/v1/testusers/me/</td>
2026-08-06T22:25:43:       </tr>
2026-08-06T22:25:43:       
2026-08-06T22:25:43:     </table>
2026-08-06T22:25:43:   </header>
2026-08-06T22:25:43: 
2026-08-06T22:25:43:   <main id="info">
2026-08-06T22:25:43:     
2026-08-06T22:25:43:       <p>
2026-08-06T22:25:43:       Using the URLconf defined in <code>system.urls</code>,
2026-08-06T22:25:43:       Django tried these URL patterns, in this order:
2026-08-06T22:25:43:       </p>
2026-08-06T22:25:43:       <ol>
2026-08-06T22:25:43:         
2026-08-06T22:25:43:           <li>
2026-08-06T22:25:43:             
2026-08-06T22:25:43:               <code>
2026-08-06T22:25:43:                 admin/
2026-08-06T22:25:43:                 
2026-08-06T22:25:43:               </code>
2026-08-06T22:25:43:             
2026-08-06T22:25:43:           </li>
2026-08-06T22:25:43:         
2026-08-06T22:25:43:           <li>
2026-08-06T22:25:43:             
2026-08-06T22:25:43:               <code>
2026-08-06T22:25:43:                 api/v1/test/
2026-08-06T22:25:43:                 
2026-08-06T22:25:43:               </code>
2026-08-06T22:25:43:             
2026-08-06T22:25:43:           </li>
2026-08-06T22:25:43:         
2026-08-06T22:25:43:           <li>
2026-08-06T22:25:43:             
2026-08-06T22:25:43:               <code>
2026-08-06T22:25:43:                 ^media/(?P&lt;path&gt;.*)$
2026-08-06T22:25:43:                 
2026-08-06T22:25:43:               </code>
2026-08-06T22:25:43:             
2026-08-06T22:25:43:           </li>
2026-08-06T22:25:43:         
2026-08-06T22:25:43:       </ol>
2026-08-06T22:25:43:       <p>
2026-08-06T22:25:43:         
2026-08-06T22:25:43:           The current path, <code>api/v1/testusers/me/</code>,
2026-08-06T22:25:43:         
2026-08-06T22:25:43:         didn’t match any of these.
2026-08-06T22:25:43:       </p>
2026-08-06T22:25:43:     
2026-08-06T22:25:43:   </main>
2026-08-06T22:25:43: 
2026-08-06T22:25:43:   <footer id="explanation">
2026-08-06T22:25:43:     <p>
2026-08-06T22:25:43:       You’re seeing this error because you have <code>DEBUG = True</code> in
2026-08-06T22:25:43:       your Django settings file. Change that to <code>False</code>, and Django
2026-08-06T22:25:43:       will display a standard 404 page.
2026-08-06T22:25:43:     </p>
2026-08-06T22:25:43:   </footer>
2026-08-06T22:25:43: </body>
2026-08-06T22:25:43: </html>
2026-08-06T22:25:43: 
2026-08-06T22:25:44: Current user API route called
2026-08-06T22:25:44: Auth header present: true
2026-08-06T22:25:44: Making request to backend: https://system.gecogames.com/api/v1/testusers/me/
2026-08-06T22:25:44: Backend response status: 404
2026-08-06T22:25:44: Backend response ok: false
2026-08-06T22:25:44: Backend error response: <!DOCTYPE html>
2026-08-06T22:25:44: <html lang="en">
2026-08-06T22:25:44: <head>
2026-08-06T22:25:44:   <meta http-equiv="content-type" content="text/html; charset=utf-8">
2026-08-06T22:25:44:   <title>Page not found at /api/v1/testusers/me/</title>
2026-08-06T22:25:44:   <meta name="robots" content="NONE,NOARCHIVE">
2026-08-06T22:25:44:   <style>
2026-08-06T22:25:44:     html * { padding:0; margin:0; }
2026-08-06T22:25:44:     body * { padding:10px 20px; }
2026-08-06T22:25:44:     body * * { padding:0; }
2026-08-06T22:25:44:     body { font-family: sans-serif; background:#eee; color:#000; }
2026-08-06T22:25:44:     body > :where(header, main, footer) { border-bottom:1px solid #ddd; }
2026-08-06T22:25:44:     h1 { font-weight:normal; margin-bottom:.4em; }
2026-08-06T22:25:44:     h1 small { font-size:60%; color:#666; font-weight:normal; }
2026-08-06T22:25:44:     table { border:none; border-collapse: collapse; width:100%; }
2026-08-06T22:25:44:     td, th { vertical-align:top; padding:2px 3px; }
2026-08-06T22:25:44:     th { width:12em; text-align:right; color:#666; padding-right:.5em; }
2026-08-06T22:25:44:     #info { background:#f6f6f6; }
2026-08-06T22:25:44:     #info ol { margin: 0.5em 4em; }
2026-08-06T22:25:44:     #info ol li { font-family: monospace; }
2026-08-06T22:25:44:     #summary { background: #ffc; }
2026-08-06T22:25:44:     #explanation { background:#eee; border-bottom: 0px none; }
2026-08-06T22:25:44:     pre.exception_value { font-family: sans-serif; color: #575757; font-size: 1.5em; margin: 10px 0 10px 0; }
2026-08-06T22:25:44:   </style>
2026-08-06T22:25:44: </head>
2026-08-06T22:25:44: <body>
2026-08-06T22:25:44:   <header id="summary">
2026-08-06T22:25:44:     <h1>Page not found <small>(404)</small></h1>
2026-08-06T22:25:44:     
2026-08-06T22:25:44:     <table class="meta">
2026-08-06T22:25:44:       <tr>
2026-08-06T22:25:44:         <th scope="row">Request Method:</th>
2026-08-06T22:25:44:         <td>GET</td>
2026-08-06T22:25:44:       </tr>
2026-08-06T22:25:44:       <tr>
2026-08-06T22:25:44:         <th scope="row">Request URL:</th>
2026-08-06T22:25:44:         <td>https://system.gecogames.com/api/v1/testusers/me/</td>
2026-08-06T22:25:44:       </tr>
2026-08-06T22:25:44:       
2026-08-06T22:25:44:     </table>
2026-08-06T22:25:44:   </header>
2026-08-06T22:25:44: 
2026-08-06T22:25:44:   <main id="info">
2026-08-06T22:25:44:     
2026-08-06T22:25:44:       <p>
2026-08-06T22:25:44:       Using the URLconf defined in <code>system.urls</code>,
2026-08-06T22:25:44:       Django tried these URL patterns, in this order:
2026-08-06T22:25:44:       </p>
2026-08-06T22:25:44:       <ol>
2026-08-06T22:25:44:         
2026-08-06T22:25:44:           <li>
2026-08-06T22:25:44:             
2026-08-06T22:25:44:               <code>
2026-08-06T22:25:44:                 admin/
2026-08-06T22:25:44:                 
2026-08-06T22:25:44:               </code>
2026-08-06T22:25:44:             
2026-08-06T22:25:44:           </li>
2026-08-06T22:25:44:         
2026-08-06T22:25:44:           <li>
2026-08-06T22:25:44:             
2026-08-06T22:25:44:               <code>
2026-08-06T22:25:44:                 api/v1/test/
2026-08-06T22:25:44:                 
2026-08-06T22:25:44:               </code>
2026-08-06T22:25:44:             
2026-08-06T22:25:44:           </li>
2026-08-06T22:25:44:         
2026-08-06T22:25:44:           <li>
2026-08-06T22:25:44:             
2026-08-06T22:25:44:               <code>
2026-08-06T22:25:44:                 ^media/(?P&lt;path&gt;.*)$
2026-08-06T22:25:44:                 
2026-08-06T22:25:44:               </code>
2026-08-06T22:25:44:             
2026-08-06T22:25:44:           </li>
2026-08-06T22:25:44:         
2026-08-06T22:25:44:       </ol>
2026-08-06T22:25:44:       <p>
2026-08-06T22:25:44:         
2026-08-06T22:25:44:           The current path, <code>api/v1/testusers/me/</code>,
2026-08-06T22:25:44:         
2026-08-06T22:25:44:         didn’t match any of these.
2026-08-06T22:25:44:       </p>
2026-08-06T22:25:44:     
2026-08-06T22:25:44:   </main>
2026-08-06T22:25:44: 
2026-08-06T22:25:44:   <footer id="explanation">
2026-08-06T22:25:44:     <p>
2026-08-06T22:25:44:       You’re seeing this error because you have <code>DEBUG = True</code> in
2026-08-06T22:25:44:       your Django settings file. Change that to <code>False</code>, and Django
2026-08-06T22:25:44:       will display a standard 404 page.
2026-08-06T22:25:44:     </p>
2026-08-06T22:25:44:   </footer>
2026-08-06T22:25:44: </body>
2026-08-06T22:25:44: </html>
2026-08-06T22:25:44: 
2026-08-06T22:25:44: Current user API route called
2026-08-06T22:25:44: Auth header present: true
2026-08-06T22:25:44: Making request to backend: https://system.gecogames.com/api/v1/testusers/me/
2026-08-06T22:25:44: Backend response status: 404
2026-08-06T22:25:44: Backend response ok: false
2026-08-06T22:25:44: Backend error response: <!DOCTYPE html>
2026-08-06T22:25:44: <html lang="en">
2026-08-06T22:25:44: <head>
2026-08-06T22:25:44:   <meta http-equiv="content-type" content="text/html; charset=utf-8">
2026-08-06T22:25:44:   <title>Page not found at /api/v1/testusers/me/</title>
2026-08-06T22:25:44:   <meta name="robots" content="NONE,NOARCHIVE">
2026-08-06T22:25:44:   <style>
2026-08-06T22:25:44:     html * { padding:0; margin:0; }
2026-08-06T22:25:44:     body * { padding:10px 20px; }
2026-08-06T22:25:44:     body * * { padding:0; }
2026-08-06T22:25:44:     body { font-family: sans-serif; background:#eee; color:#000; }
2026-08-06T22:25:44:     body > :where(header, main, footer) { border-bottom:1px solid #ddd; }
2026-08-06T22:25:44:     h1 { font-weight:normal; margin-bottom:.4em; }
2026-08-06T22:25:44:     h1 small { font-size:60%; color:#666; font-weight:normal; }
2026-08-06T22:25:44:     table { border:none; border-collapse: collapse; width:100%; }
2026-08-06T22:25:44:     td, th { vertical-align:top; padding:2px 3px; }
2026-08-06T22:25:44:     th { width:12em; text-align:right; color:#666; padding-right:.5em; }
2026-08-06T22:25:44:     #info { background:#f6f6f6; }
2026-08-06T22:25:44:     #info ol { margin: 0.5em 4em; }
2026-08-06T22:25:44:     #info ol li { font-family: monospace; }
2026-08-06T22:25:44:     #summary { background: #ffc; }
2026-08-06T22:25:44:     #explanation { background:#eee; border-bottom: 0px none; }
2026-08-06T22:25:44:     pre.exception_value { font-family: sans-serif; color: #575757; font-size: 1.5em; margin: 10px 0 10px 0; }
2026-08-06T22:25:44:   </style>
2026-08-06T22:25:44: </head>
2026-08-06T22:25:44: <body>
2026-08-06T22:25:44:   <header id="summary">
2026-08-06T22:25:44:     <h1>Page not found <small>(404)</small></h1>
2026-08-06T22:25:44:     
2026-08-06T22:25:44:     <table class="meta">
2026-08-06T22:25:44:       <tr>
2026-08-06T22:25:44:         <th scope="row">Request Method:</th>
2026-08-06T22:25:44:         <td>GET</td>
2026-08-06T22:25:44:       </tr>
2026-08-06T22:25:44:       <tr>
2026-08-06T22:25:44:         <th scope="row">Request URL:</th>
2026-08-06T22:25:44:         <td>https://system.gecogames.com/api/v1/testusers/me/</td>
2026-08-06T22:25:44:       </tr>
2026-08-06T22:25:44:       
2026-08-06T22:25:44:     </table>
2026-08-06T22:25:44:   </header>
2026-08-06T22:25:44: 
2026-08-06T22:25:44:   <main id="info">
2026-08-06T22:25:44:     
2026-08-06T22:25:44:       <p>
2026-08-06T22:25:44:       Using the URLconf defined in <code>system.urls</code>,
2026-08-06T22:25:44:       Django tried these URL patterns, in this order:
2026-08-06T22:25:44:       </p>
2026-08-06T22:25:44:       <ol>
2026-08-06T22:25:44:         
2026-08-06T22:25:44:           <li>
2026-08-06T22:25:44:             
2026-08-06T22:25:44:               <code>
2026-08-06T22:25:44:                 admin/
2026-08-06T22:25:44:                 
2026-08-06T22:25:44:               </code>
2026-08-06T22:25:44:             
2026-08-06T22:25:44:           </li>
2026-08-06T22:25:44:         
2026-08-06T22:25:44:           <li>
2026-08-06T22:25:44:             
2026-08-06T22:25:44:               <code>
2026-08-06T22:25:44:                 api/v1/test/
2026-08-06T22:25:44:                 
2026-08-06T22:25:44:               </code>
2026-08-06T22:25:44:             
2026-08-06T22:25:44:           </li>
2026-08-06T22:25:44:         
2026-08-06T22:25:44:           <li>
2026-08-06T22:25:44:             
2026-08-06T22:25:44:               <code>
2026-08-06T22:25:44:                 ^media/(?P&lt;path&gt;.*)$
2026-08-06T22:25:44:                 
2026-08-06T22:25:44:               </code>
2026-08-06T22:25:44:             
2026-08-06T22:25:44:           </li>
2026-08-06T22:25:44:         
2026-08-06T22:25:44:       </ol>
2026-08-06T22:25:44:       <p>
2026-08-06T22:25:44:         
2026-08-06T22:25:44:           The current path, <code>api/v1/testusers/me/</code>,
2026-08-06T22:25:44:         
2026-08-06T22:25:44:         didn’t match any of these.
2026-08-06T22:25:44:       </p>
2026-08-06T22:25:44:     
2026-08-06T22:25:44:   </main>
2026-08-06T22:25:44: 
2026-08-06T22:25:44:   <footer id="explanation">
2026-08-06T22:25:44:     <p>
2026-08-06T22:25:44:       You’re seeing this error because you have <code>DEBUG = True</code> in
2026-08-06T22:25:44:       your Django settings file. Change that to <code>False</code>, and Django
2026-08-06T22:25:44:       will display a standard 404 page.
2026-08-06T22:25:44:     </p>
2026-08-06T22:25:44:   </footer>
2026-08-06T22:25:44: </body>
2026-08-06T22:25:44: </html>
2026-08-06T22:25:44: 
2026-08-06T22:25:44: Current user API route called
2026-08-06T22:25:44: Auth header present: true
2026-08-06T22:25:44: Making request to backend: https://system.gecogames.com/api/v1/testusers/me/
2026-08-06T22:25:44: Backend response status: 404
2026-08-06T22:25:44: Backend response ok: false
2026-08-06T22:25:44: Backend error response: <!DOCTYPE html>
2026-08-06T22:25:44: <html lang="en">
2026-08-06T22:25:44: <head>
2026-08-06T22:25:44:   <meta http-equiv="content-type" content="text/html; charset=utf-8">
2026-08-06T22:25:44:   <title>Page not found at /api/v1/testusers/me/</title>
2026-08-06T22:25:44:   <meta name="robots" content="NONE,NOARCHIVE">
2026-08-06T22:25:44:   <style>
2026-08-06T22:25:44:     html * { padding:0; margin:0; }
2026-08-06T22:25:44:     body * { padding:10px 20px; }
2026-08-06T22:25:44:     body * * { padding:0; }
2026-08-06T22:25:44:     body { font-family: sans-serif; background:#eee; color:#000; }
2026-08-06T22:25:44:     body > :where(header, main, footer) { border-bottom:1px solid #ddd; }
2026-08-06T22:25:44:     h1 { font-weight:normal; margin-bottom:.4em; }
2026-08-06T22:25:44:     h1 small { font-size:60%; color:#666; font-weight:normal; }
2026-08-06T22:25:44:     table { border:none; border-collapse: collapse; width:100%; }
2026-08-06T22:25:44:     td, th { vertical-align:top; padding:2px 3px; }
2026-08-06T22:25:44:     th { width:12em; text-align:right; color:#666; padding-right:.5em; }
2026-08-06T22:25:44:     #info { background:#f6f6f6; }
2026-08-06T22:25:44:     #info ol { margin: 0.5em 4em; }
2026-08-06T22:25:44:     #info ol li { font-family: monospace; }
2026-08-06T22:25:44:     #summary { background: #ffc; }
2026-08-06T22:25:44:     #explanation { background:#eee; border-bottom: 0px none; }
2026-08-06T22:25:44:     pre.exception_value { font-family: sans-serif; color: #575757; font-size: 1.5em; margin: 10px 0 10px 0; }
2026-08-06T22:25:44:   </style>
2026-08-06T22:25:44: </head>
2026-08-06T22:25:44: <body>
2026-08-06T22:25:44:   <header id="summary">
2026-08-06T22:25:44:     <h1>Page not found <small>(404)</small></h1>
2026-08-06T22:25:44:     
2026-08-06T22:25:44:     <table class="meta">
2026-08-06T22:25:44:       <tr>
2026-08-06T22:25:44:         <th scope="row">Request Method:</th>
2026-08-06T22:25:44:         <td>GET</td>
2026-08-06T22:25:44:       </tr>
2026-08-06T22:25:44:       <tr>
2026-08-06T22:25:44:         <th scope="row">Request URL:</th>
2026-08-06T22:25:44:         <td>https://system.gecogames.com/api/v1/testusers/me/</td>
2026-08-06T22:25:44:       </tr>
2026-08-06T22:25:44:       
2026-08-06T22:25:44:     </table>
2026-08-06T22:25:44:   </header>
2026-08-06T22:25:44: 
2026-08-06T22:25:44:   <main id="info">
2026-08-06T22:25:44:     
2026-08-06T22:25:44:       <p>
2026-08-06T22:25:44:       Using the URLconf defined in <code>system.urls</code>,
2026-08-06T22:25:44:       Django tried these URL patterns, in this order:
2026-08-06T22:25:44:       </p>
2026-08-06T22:25:44:       <ol>
2026-08-06T22:25:44:         
2026-08-06T22:25:44:           <li>
2026-08-06T22:25:44:             
2026-08-06T22:25:44:               <code>
2026-08-06T22:25:44:                 admin/
2026-08-06T22:25:44:                 
2026-08-06T22:25:44:               </code>
2026-08-06T22:25:44:             
2026-08-06T22:25:44:           </li>
2026-08-06T22:25:44:         
2026-08-06T22:25:44:           <li>
2026-08-06T22:25:44:             
2026-08-06T22:25:44:               <code>
2026-08-06T22:25:44:                 api/v1/test/
2026-08-06T22:25:44:                 
2026-08-06T22:25:44:               </code>
2026-08-06T22:25:44:             
2026-08-06T22:25:44:           </li>
2026-08-06T22:25:44:         
2026-08-06T22:25:44:           <li>
2026-08-06T22:25:44:             
2026-08-06T22:25:44:               <code>
2026-08-06T22:25:44:                 ^media/(?P&lt;path&gt;.*)$
2026-08-06T22:25:44:                 
2026-08-06T22:25:44:               </code>
2026-08-06T22:25:44:             
2026-08-06T22:25:44:           </li>
2026-08-06T22:25:44:         
2026-08-06T22:25:44:       </ol>
2026-08-06T22:25:44:       <p>
2026-08-06T22:25:44:         
2026-08-06T22:25:44:           The current path, <code>api/v1/testusers/me/</code>,
2026-08-06T22:25:44:         
2026-08-06T22:25:44:         didn’t match any of these.
2026-08-06T22:25:44:       </p>
2026-08-06T22:25:44:     
2026-08-06T22:25:44:   </main>
2026-08-06T22:25:44: 
2026-08-06T22:25:44:   <footer id="explanation">
2026-08-06T22:25:44:     <p>
2026-08-06T22:25:44:       You’re seeing this error because you have <code>DEBUG = True</code> in
2026-08-06T22:25:44:       your Django settings file. Change that to <code>False</code>, and Django
2026-08-06T22:25:44:       will display a standard 404 page.
2026-08-06T22:25:44:     </p>
2026-08-06T22:25:44:   </footer>
2026-08-06T22:25:44: </body>
2026-08-06T22:25:44: </html>
2026-08-06T22:25:44: 
2026-08-06T22:25:44: Current user API route called
2026-08-06T22:25:44: Auth header present: true
2026-08-06T22:25:44: Making request to backend: https://system.gecogames.com/api/v1/testusers/me/
2026-08-06T22:25:44: Backend response status: 404
2026-08-06T22:25:44: Backend response ok: false
2026-08-06T22:25:44: Backend error response: <!DOCTYPE html>
2026-08-06T22:25:44: <html lang="en">
2026-08-06T22:25:44: <head>
2026-08-06T22:25:44:   <meta http-equiv="content-type" content="text/html; charset=utf-8">
2026-08-06T22:25:44:   <title>Page not found at /api/v1/testusers/me/</title>
2026-08-06T22:25:44:   <meta name="robots" content="NONE,NOARCHIVE">
2026-08-06T22:25:44:   <style>
2026-08-06T22:25:44:     html * { padding:0; margin:0; }
2026-08-06T22:25:44:     body * { padding:10px 20px; }
2026-08-06T22:25:44:     body * * { padding:0; }
2026-08-06T22:25:44:     body { font-family: sans-serif; background:#eee; color:#000; }
2026-08-06T22:25:44:     body > :where(header, main, footer) { border-bottom:1px solid #ddd; }
2026-08-06T22:25:44:     h1 { font-weight:normal; margin-bottom:.4em; }
2026-08-06T22:25:44:     h1 small { font-size:60%; color:#666; font-weight:normal; }
2026-08-06T22:25:44:     table { border:none; border-collapse: collapse; width:100%; }
2026-08-06T22:25:44:     td, th { vertical-align:top; padding:2px 3px; }
2026-08-06T22:25:44:     th { width:12em; text-align:right; color:#666; padding-right:.5em; }
2026-08-06T22:25:44:     #info { background:#f6f6f6; }
2026-08-06T22:25:44:     #info ol { margin: 0.5em 4em; }
2026-08-06T22:25:44:     #info ol li { font-family: monospace; }
2026-08-06T22:25:44:     #summary { background: #ffc; }
2026-08-06T22:25:44:     #explanation { background:#eee; border-bottom: 0px none; }
2026-08-06T22:25:44:     pre.exception_value { font-family: sans-serif; color: #575757; font-size: 1.5em; margin: 10px 0 10px 0; }
2026-08-06T22:25:44:   </style>
2026-08-06T22:25:44: </head>
2026-08-06T22:25:44: <body>
2026-08-06T22:25:44:   <header id="summary">
2026-08-06T22:25:44:     <h1>Page not found <small>(404)</small></h1>
2026-08-06T22:25:44:     
2026-08-06T22:25:44:     <table class="meta">
2026-08-06T22:25:44:       <tr>
2026-08-06T22:25:44:         <th scope="row">Request Method:</th>
2026-08-06T22:25:44:         <td>GET</td>
2026-08-06T22:25:44:       </tr>
2026-08-06T22:25:44:       <tr>
2026-08-06T22:25:44:         <th scope="row">Request URL:</th>
2026-08-06T22:25:44:         <td>https://system.gecogames.com/api/v1/testusers/me/</td>
2026-08-06T22:25:44:       </tr>
2026-08-06T22:25:44:       
2026-08-06T22:25:44:     </table>
2026-08-06T22:25:44:   </header>
2026-08-06T22:25:44: 
2026-08-06T22:25:44:   <main id="info">
2026-08-06T22:25:44:     
2026-08-06T22:25:44:       <p>
2026-08-06T22:25:44:       Using the URLconf defined in <code>system.urls</code>,
2026-08-06T22:25:44:       Django tried these URL patterns, in this order:
2026-08-06T22:25:44:       </p>
2026-08-06T22:25:44:       <ol>
2026-08-06T22:25:44:         
2026-08-06T22:25:44:           <li>
2026-08-06T22:25:44:             
2026-08-06T22:25:44:               <code>
2026-08-06T22:25:44:                 admin/
2026-08-06T22:25:44:                 
2026-08-06T22:25:44:               </code>
2026-08-06T22:25:44:             
2026-08-06T22:25:44:           </li>
2026-08-06T22:25:44:         
2026-08-06T22:25:44:           <li>
2026-08-06T22:25:44:             
2026-08-06T22:25:44:               <code>
2026-08-06T22:25:44:                 api/v1/test/
2026-08-06T22:25:44:                 
2026-08-06T22:25:44:               </code>
2026-08-06T22:25:44:             
2026-08-06T22:25:44:           </li>
2026-08-06T22:25:44:         
2026-08-06T22:25:44:           <li>
2026-08-06T22:25:44:             
2026-08-06T22:25:44:               <code>
2026-08-06T22:25:44:                 ^media/(?P&lt;path&gt;.*)$
2026-08-06T22:25:44:                 
2026-08-06T22:25:44:               </code>
2026-08-06T22:25:44:             
2026-08-06T22:25:44:           </li>
2026-08-06T22:25:44:         
2026-08-06T22:25:44:       </ol>
2026-08-06T22:25:44:       <p>
2026-08-06T22:25:44:         
2026-08-06T22:25:44:           The current path, <code>api/v1/testusers/me/</code>,
2026-08-06T22:25:44:         
2026-08-06T22:25:44:         didn’t match any of these.
2026-08-06T22:25:44:       </p>
2026-08-06T22:25:44:     
2026-08-06T22:25:44:   </main>
2026-08-06T22:25:44: 
2026-08-06T22:25:44:   <footer id="explanation">
2026-08-06T22:25:44:     <p>
2026-08-06T22:25:44:       You’re seeing this error because you have <code>DEBUG = True</code> in
2026-08-06T22:25:44:       your Django settings file. Change that to <code>False</code>, and Django
2026-08-06T22:25:44:       will display a standard 404 page.
2026-08-06T22:25:44:     </p>
2026-08-06T22:25:44:   </footer>
2026-08-06T22:25:44: </body>
2026-08-06T22:25:44: </html>
2026-08-06T22:25:44: 
2026-08-06T22:25:44: Current user API route called
2026-08-06T22:25:44: Auth header present: true
2026-08-06T22:25:44: Making request to backend: https://system.gecogames.com/api/v1/testusers/me/
2026-08-06T22:25:44: Backend response status: 404
2026-08-06T22:25:44: Backend response ok: false
2026-08-06T22:25:44: Backend error response: <!DOCTYPE html>
2026-08-06T22:25:44: <html lang="en">
2026-08-06T22:25:44: <head>
2026-08-06T22:25:44:   <meta http-equiv="content-type" content="text/html; charset=utf-8">
2026-08-06T22:25:44:   <title>Page not found at /api/v1/testusers/me/</title>
2026-08-06T22:25:44:   <meta name="robots" content="NONE,NOARCHIVE">
2026-08-06T22:25:44:   <style>
2026-08-06T22:25:44:     html * { padding:0; margin:0; }
2026-08-06T22:25:44:     body * { padding:10px 20px; }
2026-08-06T22:25:44:     body * * { padding:0; }
2026-08-06T22:25:44:     body { font-family: sans-serif; background:#eee; color:#000; }
2026-08-06T22:25:44:     body > :where(header, main, footer) { border-bottom:1px solid #ddd; }
2026-08-06T22:25:44:     h1 { font-weight:normal; margin-bottom:.4em; }
2026-08-06T22:25:44:     h1 small { font-size:60%; color:#666; font-weight:normal; }
2026-08-06T22:25:44:     table { border:none; border-collapse: collapse; width:100%; }
2026-08-06T22:25:44:     td, th { vertical-align:top; padding:2px 3px; }
2026-08-06T22:25:44:     th { width:12em; text-align:right; color:#666; padding-right:.5em; }
2026-08-06T22:25:44:     #info { background:#f6f6f6; }
2026-08-06T22:25:44:     #info ol { margin: 0.5em 4em; }
2026-08-06T22:25:44:     #info ol li { font-family: monospace; }
2026-08-06T22:25:44:     #summary { background: #ffc; }
2026-08-06T22:25:44:     #explanation { background:#eee; border-bottom: 0px none; }
2026-08-06T22:25:44:     pre.exception_value { font-family: sans-serif; color: #575757; font-size: 1.5em; margin: 10px 0 10px 0; }
2026-08-06T22:25:44:   </style>
2026-08-06T22:25:44: </head>
2026-08-06T22:25:44: <body>
2026-08-06T22:25:44:   <header id="summary">
2026-08-06T22:25:44:     <h1>Page not found <small>(404)</small></h1>
2026-08-06T22:25:44:     
2026-08-06T22:25:44:     <table class="meta">
2026-08-06T22:25:44:       <tr>
2026-08-06T22:25:44:         <th scope="row">Request Method:</th>
2026-08-06T22:25:44:         <td>GET</td>
2026-08-06T22:25:44:       </tr>
2026-08-06T22:25:44:       <tr>
2026-08-06T22:25:44:         <th scope="row">Request URL:</th>
2026-08-06T22:25:44:         <td>https://system.gecogames.com/api/v1/testusers/me/</td>
2026-08-06T22:25:44:       </tr>
2026-08-06T22:25:44:       
2026-08-06T22:25:44:     </table>
2026-08-06T22:25:44:   </header>
2026-08-06T22:25:44: 
2026-08-06T22:25:44:   <main id="info">
2026-08-06T22:25:44:     
2026-08-06T22:25:44:       <p>
2026-08-06T22:25:44:       Using the URLconf defined in <code>system.urls</code>,
2026-08-06T22:25:44:       Django tried these URL patterns, in this order:
2026-08-06T22:25:44:       </p>
2026-08-06T22:25:44:       <ol>
2026-08-06T22:25:44:         
2026-08-06T22:25:44:           <li>
2026-08-06T22:25:44:             
2026-08-06T22:25:44:               <code>
2026-08-06T22:25:44:                 admin/
2026-08-06T22:25:44:                 
2026-08-06T22:25:44:               </code>
2026-08-06T22:25:44:             
2026-08-06T22:25:44:           </li>
2026-08-06T22:25:44:         
2026-08-06T22:25:44:           <li>
2026-08-06T22:25:44:             
2026-08-06T22:25:44:               <code>
2026-08-06T22:25:44:                 api/v1/test/
2026-08-06T22:25:44:                 
2026-08-06T22:25:44:               </code>
2026-08-06T22:25:44:             
2026-08-06T22:25:44:           </li>
2026-08-06T22:25:44:         
2026-08-06T22:25:44:           <li>
2026-08-06T22:25:44:             
2026-08-06T22:25:44:               <code>
2026-08-06T22:25:44:                 ^media/(?P&lt;path&gt;.*)$
2026-08-06T22:25:44:                 
2026-08-06T22:25:44:               </code>
2026-08-06T22:25:44:             
2026-08-06T22:25:44:           </li>
2026-08-06T22:25:44:         
2026-08-06T22:25:44:       </ol>
2026-08-06T22:25:44:       <p>
2026-08-06T22:25:44:         
2026-08-06T22:25:44:           The current path, <code>api/v1/testusers/me/</code>,
2026-08-06T22:25:44:         
2026-08-06T22:25:44:         didn’t match any of these.
2026-08-06T22:25:44:       </p>
2026-08-06T22:25:44:     
2026-08-06T22:25:44:   </main>
2026-08-06T22:25:44: 
2026-08-06T22:25:44:   <footer id="explanation">
2026-08-06T22:25:44:     <p>
2026-08-06T22:25:44:       You’re seeing this error because you have <code>DEBUG = True</code> in
2026-08-06T22:25:44:       your Django settings file. Change that to <code>False</code>, and Django
2026-08-06T22:25:44:       will display a standard 404 page.
2026-08-06T22:25:44:     </p>
2026-08-06T22:25:44:   </footer>
2026-08-06T22:25:44: </body>
2026-08-06T22:25:44: </html>
2026-08-06T22:25:44: 
2026-08-06T22:25:44: Current user API route called
2026-08-06T22:25:44: Auth header present: true
2026-08-06T22:25:44: Making request to backend: https://system.gecogames.com/api/v1/testusers/me/
2026-08-06T22:25:44: Backend response status: 404
2026-08-06T22:25:44: Backend response ok: false
2026-08-06T22:25:44: Backend error response: <!DOCTYPE html>
2026-08-06T22:25:44: <html lang="en">
2026-08-06T22:25:44: <head>
2026-08-06T22:25:44:   <meta http-equiv="content-type" content="text/html; charset=utf-8">
2026-08-06T22:25:44:   <title>Page not found at /api/v1/testusers/me/</title>
2026-08-06T22:25:44:   <meta name="robots" content="NONE,NOARCHIVE">
2026-08-06T22:25:44:   <style>
2026-08-06T22:25:44:     html * { padding:0; margin:0; }
2026-08-06T22:25:44:     body * { padding:10px 20px; }
2026-08-06T22:25:44:     body * * { padding:0; }
2026-08-06T22:25:44:     body { font-family: sans-serif; background:#eee; color:#000; }
2026-08-06T22:25:44:     body > :where(header, main, footer) { border-bottom:1px solid #ddd; }
2026-08-06T22:25:44:     h1 { font-weight:normal; margin-bottom:.4em; }
2026-08-06T22:25:44:     h1 small { font-size:60%; color:#666; font-weight:normal; }
2026-08-06T22:25:44:     table { border:none; border-collapse: collapse; width:100%; }
2026-08-06T22:25:44:     td, th { vertical-align:top; padding:2px 3px; }
2026-08-06T22:25:44:     th { width:12em; text-align:right; color:#666; padding-right:.5em; }
2026-08-06T22:25:44:     #info { background:#f6f6f6; }
2026-08-06T22:25:44:     #info ol { margin: 0.5em 4em; }
2026-08-06T22:25:44:     #info ol li { font-family: monospace; }
2026-08-06T22:25:44:     #summary { background: #ffc; }
2026-08-06T22:25:44:     #explanation { background:#eee; border-bottom: 0px none; }
2026-08-06T22:25:44:     pre.exception_value { font-family: sans-serif; color: #575757; font-size: 1.5em; margin: 10px 0 10px 0; }
2026-08-06T22:25:44:   </style>
2026-08-06T22:25:44: </head>
2026-08-06T22:25:44: <body>
2026-08-06T22:25:44:   <header id="summary">
2026-08-06T22:25:44:     <h1>Page not found <small>(404)</small></h1>
2026-08-06T22:25:44:     
2026-08-06T22:25:44:     <table class="meta">
2026-08-06T22:25:44:       <tr>
2026-08-06T22:25:44:         <th scope="row">Request Method:</th>
2026-08-06T22:25:44:         <td>GET</td>
2026-08-06T22:25:44:       </tr>
2026-08-06T22:25:44:       <tr>
2026-08-06T22:25:44:         <th scope="row">Request URL:</th>
2026-08-06T22:25:44:         <td>https://system.gecogames.com/api/v1/testusers/me/</td>
2026-08-06T22:25:44:       </tr>
2026-08-06T22:25:44:       
2026-08-06T22:25:44:     </table>
2026-08-06T22:25:44:   </header>
2026-08-06T22:25:44: 
2026-08-06T22:25:44:   <main id="info">
2026-08-06T22:25:44:     
2026-08-06T22:25:44:       <p>
2026-08-06T22:25:44:       Using the URLconf defined in <code>system.urls</code>,
2026-08-06T22:25:44:       Django tried these URL patterns, in this order:
2026-08-06T22:25:44:       </p>
2026-08-06T22:25:44:       <ol>
2026-08-06T22:25:44:         
2026-08-06T22:25:44:           <li>
2026-08-06T22:25:44:             
2026-08-06T22:25:44:               <code>
2026-08-06T22:25:44:                 admin/
2026-08-06T22:25:44:                 
2026-08-06T22:25:44:               </code>
2026-08-06T22:25:44:             
2026-08-06T22:25:44:           </li>
2026-08-06T22:25:44:         
2026-08-06T22:25:44:           <li>
2026-08-06T22:25:44:             
2026-08-06T22:25:44:               <code>
2026-08-06T22:25:44:                 api/v1/test/
2026-08-06T22:25:44:                 
2026-08-06T22:25:44:               </code>
2026-08-06T22:25:44:             
2026-08-06T22:25:44:           </li>
2026-08-06T22:25:44:         
2026-08-06T22:25:44:           <li>
2026-08-06T22:25:44:             
2026-08-06T22:25:44:               <code>
2026-08-06T22:25:44:                 ^media/(?P&lt;path&gt;.*)$
2026-08-06T22:25:44:                 
2026-08-06T22:25:44:               </code>
2026-08-06T22:25:44:             
2026-08-06T22:25:44:           </li>
2026-08-06T22:25:44:         
2026-08-06T22:25:44:       </ol>
2026-08-06T22:25:44:       <p>
2026-08-06T22:25:44:         
2026-08-06T22:25:44:           The current path, <code>api/v1/testusers/me/</code>,
2026-08-06T22:25:44:         
2026-08-06T22:25:44:         didn’t match any of these.
2026-08-06T22:25:44:       </p>
2026-08-06T22:25:44:     
2026-08-06T22:25:44:   </main>
2026-08-06T22:25:44: 
2026-08-06T22:25:44:   <footer id="explanation">
2026-08-06T22:25:44:     <p>
2026-08-06T22:25:44:       You’re seeing this error because you have <code>DEBUG = True</code> in
2026-08-06T22:25:44:       your Django settings file. Change that to <code>False</code>, and Django
2026-08-06T22:25:44:       will display a standard 404 page.
2026-08-06T22:25:44:     </p>
2026-08-06T22:25:44:   </footer>
2026-08-06T22:25:44: </body>
2026-08-06T22:25:44: </html>
2026-08-06T22:25:44: 
2026-08-06T22:25:44: Current user API route called
2026-08-06T22:25:44: Auth header present: true
2026-08-06T22:25:44: Making request to backend: https://system.gecogames.com/api/v1/testusers/me/
2026-08-06T22:25:44: Backend response status: 404
2026-08-06T22:25:44: Backend response ok: false
2026-08-06T22:25:44: Backend error response: <!DOCTYPE html>
2026-08-06T22:25:44: <html lang="en">
2026-08-06T22:25:44: <head>
2026-08-06T22:25:44:   <meta http-equiv="content-type" content="text/html; charset=utf-8">
2026-08-06T22:25:44:   <title>Page not found at /api/v1/testusers/me/</title>
2026-08-06T22:25:44:   <meta name="robots" content="NONE,NOARCHIVE">
2026-08-06T22:25:44:   <style>
2026-08-06T22:25:44:     html * { padding:0; margin:0; }
2026-08-06T22:25:44:     body * { padding:10px 20px; }
2026-08-06T22:25:44:     body * * { padding:0; }
2026-08-06T22:25:44:     body { font-family: sans-serif; background:#eee; color:#000; }
2026-08-06T22:25:44:     body > :where(header, main, footer) { border-bottom:1px solid #ddd; }
2026-08-06T22:25:44:     h1 { font-weight:normal; margin-bottom:.4em; }
2026-08-06T22:25:44:     h1 small { font-size:60%; color:#666; font-weight:normal; }
2026-08-06T22:25:44:     table { border:none; border-collapse: collapse; width:100%; }
2026-08-06T22:25:44:     td, th { vertical-align:top; padding:2px 3px; }
2026-08-06T22:25:44:     th { width:12em; text-align:right; color:#666; padding-right:.5em; }
2026-08-06T22:25:44:     #info { background:#f6f6f6; }
2026-08-06T22:25:44:     #info ol { margin: 0.5em 4em; }
2026-08-06T22:25:44:     #info ol li { font-family: monospace; }
2026-08-06T22:25:44:     #summary { background: #ffc; }
2026-08-06T22:25:44:     #explanation { background:#eee; border-bottom: 0px none; }
2026-08-06T22:25:44:     pre.exception_value { font-family: sans-serif; color: #575757; font-size: 1.5em; margin: 10px 0 10px 0; }
2026-08-06T22:25:44:   </style>
2026-08-06T22:25:44: </head>
2026-08-06T22:25:44: <body>
2026-08-06T22:25:44:   <header id="summary">
2026-08-06T22:25:44:     <h1>Page not found <small>(404)</small></h1>
2026-08-06T22:25:44:     
2026-08-06T22:25:44:     <table class="meta">
2026-08-06T22:25:44:       <tr>
2026-08-06T22:25:44:         <th scope="row">Request Method:</th>
2026-08-06T22:25:44:         <td>GET</td>
2026-08-06T22:25:44:       </tr>
2026-08-06T22:25:44:       <tr>
2026-08-06T22:25:44:         <th scope="row">Request URL:</th>
2026-08-06T22:25:44:         <td>https://system.gecogames.com/api/v1/testusers/me/</td>
2026-08-06T22:25:44:       </tr>
2026-08-06T22:25:44:       
2026-08-06T22:25:44:     </table>
2026-08-06T22:25:44:   </header>
2026-08-06T22:25:44: 
2026-08-06T22:25:44:   <main id="info">
2026-08-06T22:25:44:     
2026-08-06T22:25:44:       <p>
2026-08-06T22:25:44:       Using the URLconf defined in <code>system.urls</code>,
2026-08-06T22:25:44:       Django tried these URL patterns, in this order:
2026-08-06T22:25:44:       </p>
2026-08-06T22:25:44:       <ol>
2026-08-06T22:25:44:         
2026-08-06T22:25:44:           <li>
2026-08-06T22:25:44:             
2026-08-06T22:25:44:               <code>
2026-08-06T22:25:44:                 admin/
2026-08-06T22:25:44:                 
2026-08-06T22:25:44:               </code>
2026-08-06T22:25:44:             
2026-08-06T22:25:44:           </li>
2026-08-06T22:25:44:         
2026-08-06T22:25:44:           <li>
2026-08-06T22:25:44:             
2026-08-06T22:25:44:               <code>
2026-08-06T22:25:44:                 api/v1/test/
2026-08-06T22:25:44:                 
2026-08-06T22:25:44:               </code>
2026-08-06T22:25:44:             
2026-08-06T22:25:44:           </li>
2026-08-06T22:25:44:         
2026-08-06T22:25:44:           <li>
2026-08-06T22:25:44:             
2026-08-06T22:25:44:               <code>
2026-08-06T22:25:44:                 ^media/(?P&lt;path&gt;.*)$
2026-08-06T22:25:44:                 
2026-08-06T22:25:44:               </code>
2026-08-06T22:25:44:             
2026-08-06T22:25:44:           </li>
2026-08-06T22:25:44:         
2026-08-06T22:25:44:       </ol>
2026-08-06T22:25:44:       <p>
2026-08-06T22:25:44:         
2026-08-06T22:25:44:           The current path, <code>api/v1/testusers/me/</code>,
2026-08-06T22:25:44:         
2026-08-06T22:25:44:         didn’t match any of these.
2026-08-06T22:25:44:       </p>
2026-08-06T22:25:44:     
2026-08-06T22:25:44:   </main>
2026-08-06T22:25:44: 
2026-08-06T22:25:44:   <footer id="explanation">
2026-08-06T22:25:44:     <p>
2026-08-06T22:25:44:       You’re seeing this error because you have <code>DEBUG = True</code> in
2026-08-06T22:25:44:       your Django settings file. Change that to <code>False</code>, and Django
2026-08-06T22:25:44:       will display a standard 404 page.
2026-08-06T22:25:44:     </p>
2026-08-06T22:25:44:   </footer>
2026-08-06T22:25:44: </body>
2026-08-06T22:25:44: </html>
2026-08-06T22:25:44: 
2026-08-06T22:25:44: Current user API route called
2026-08-06T22:25:44: Auth header present: true
2026-08-06T22:25:44: Making request to backend: https://system.gecogames.com/api/v1/testusers/me/
2026-08-06T22:25:44: Backend response status: 404
2026-08-06T22:25:44: Backend response ok: false
2026-08-06T22:25:44: Backend error response: <!DOCTYPE html>
2026-08-06T22:25:44: <html lang="en">
2026-08-06T22:25:44: <head>
2026-08-06T22:25:44:   <meta http-equiv="content-type" content="text/html; charset=utf-8">
2026-08-06T22:25:44:   <title>Page not found at /api/v1/testusers/me/</title>
2026-08-06T22:25:44:   <meta name="robots" content="NONE,NOARCHIVE">
2026-08-06T22:25:44:   <style>
2026-08-06T22:25:44:     html * { padding:0; margin:0; }
2026-08-06T22:25:44:     body * { padding:10px 20px; }
2026-08-06T22:25:44:     body * * { padding:0; }
2026-08-06T22:25:44:     body { font-family: sans-serif; background:#eee; color:#000; }
2026-08-06T22:25:44:     body > :where(header, main, footer) { border-bottom:1px solid #ddd; }
2026-08-06T22:25:44:     h1 { font-weight:normal; margin-bottom:.4em; }
2026-08-06T22:25:44:     h1 small { font-size:60%; color:#666; font-weight:normal; }
2026-08-06T22:25:44:     table { border:none; border-collapse: collapse; width:100%; }
2026-08-06T22:25:44:     td, th { vertical-align:top; padding:2px 3px; }
2026-08-06T22:25:44:     th { width:12em; text-align:right; color:#666; padding-right:.5em; }
2026-08-06T22:25:44:     #info { background:#f6f6f6; }
2026-08-06T22:25:44:     #info ol { margin: 0.5em 4em; }
2026-08-06T22:25:44:     #info ol li { font-family: monospace; }
2026-08-06T22:25:44:     #summary { background: #ffc; }
2026-08-06T22:25:44:     #explanation { background:#eee; border-bottom: 0px none; }
2026-08-06T22:25:44:     pre.exception_value { font-family: sans-serif; color: #575757; font-size: 1.5em; margin: 10px 0 10px 0; }
2026-08-06T22:25:44:   </style>
2026-08-06T22:25:44: </head>
2026-08-06T22:25:44: <body>
2026-08-06T22:25:44:   <header id="summary">
2026-08-06T22:25:44:     <h1>Page not found <small>(404)</small></h1>
2026-08-06T22:25:44:     
2026-08-06T22:25:44:     <table class="meta">
2026-08-06T22:25:44:       <tr>
2026-08-06T22:25:44:         <th scope="row">Request Method:</th>
2026-08-06T22:25:44:         <td>GET</td>
2026-08-06T22:25:44:       </tr>
2026-08-06T22:25:44:       <tr>
2026-08-06T22:25:44:         <th scope="row">Request URL:</th>
2026-08-06T22:25:44:         <td>https://system.gecogames.com/api/v1/testusers/me/</td>
2026-08-06T22:25:44:       </tr>
2026-08-06T22:25:44:       
2026-08-06T22:25:44:     </table>
2026-08-06T22:25:44:   </header>
2026-08-06T22:25:44: 
2026-08-06T22:25:44:   <main id="info">
2026-08-06T22:25:44:     
2026-08-06T22:25:44:       <p>
2026-08-06T22:25:44:       Using the URLconf defined in <code>system.urls</code>,
2026-08-06T22:25:44:       Django tried these URL patterns, in this order:
2026-08-06T22:25:44:       </p>
2026-08-06T22:25:44:       <ol>
2026-08-06T22:25:44:         
2026-08-06T22:25:44:           <li>
2026-08-06T22:25:44:             
2026-08-06T22:25:44:               <code>
2026-08-06T22:25:44:                 admin/
2026-08-06T22:25:44:                 
2026-08-06T22:25:44:               </code>
2026-08-06T22:25:44:             
2026-08-06T22:25:44:           </li>
2026-08-06T22:25:44:         
2026-08-06T22:25:44:           <li>
2026-08-06T22:25:44:             
2026-08-06T22:25:44:               <code>
2026-08-06T22:25:44:                 api/v1/test/
2026-08-06T22:25:44:                 
2026-08-06T22:25:44:               </code>
2026-08-06T22:25:44:             
2026-08-06T22:25:44:           </li>
2026-08-06T22:25:44:         
2026-08-06T22:25:44:           <li>
2026-08-06T22:25:44:             
2026-08-06T22:25:44:               <code>
2026-08-06T22:25:44:                 ^media/(?P&lt;path&gt;.*)$
2026-08-06T22:25:44:                 
2026-08-06T22:25:44:               </code>
2026-08-06T22:25:44:             
2026-08-06T22:25:44:           </li>
2026-08-06T22:25:44:         
2026-08-06T22:25:44:       </ol>
2026-08-06T22:25:44:       <p>
2026-08-06T22:25:44:         
2026-08-06T22:25:44:           The current path, <code>api/v1/testusers/me/</code>,
2026-08-06T22:25:44:         
2026-08-06T22:25:44:         didn’t match any of these.
2026-08-06T22:25:44:       </p>
2026-08-06T22:25:44:     
2026-08-06T22:25:44:   </main>
2026-08-06T22:25:44: 
2026-08-06T22:25:44:   <footer id="explanation">
2026-08-06T22:25:44:     <p>
2026-08-06T22:25:44:       You’re seeing this error because you have <code>DEBUG = True</code> in
2026-08-06T22:25:44:       your Django settings file. Change that to <code>False</code>, and Django
2026-08-06T22:25:44:       will display a standard 404 page.
2026-08-06T22:25:44:     </p>
2026-08-06T22:25:44:   </footer>
2026-08-06T22:25:44: </body>
2026-08-06T22:25:44: </html>
2026-08-06T22:25:44: 
2026-08-06T22:25:44: Current user API route called
2026-08-06T22:25:44: Auth header present: true
2026-08-06T22:25:44: Making request to backend: https://system.gecogames.com/api/v1/testusers/me/
2026-08-06T22:25:44: Backend response status: 404
2026-08-06T22:25:44: Backend response ok: false
2026-08-06T22:25:44: Backend error response: <!DOCTYPE html>
2026-08-06T22:25:44: <html lang="en">
2026-08-06T22:25:44: <head>
2026-08-06T22:25:44:   <meta http-equiv="content-type" content="text/html; charset=utf-8">
2026-08-06T22:25:44:   <title>Page not found at /api/v1/testusers/me/</title>
2026-08-06T22:25:44:   <meta name="robots" content="NONE,NOARCHIVE">
2026-08-06T22:25:44:   <style>
2026-08-06T22:25:44:     html * { padding:0; margin:0; }
2026-08-06T22:25:44:     body * { padding:10px 20px; }
2026-08-06T22:25:44:     body * * { padding:0; }
2026-08-06T22:25:44:     body { font-family: sans-serif; background:#eee; color:#000; }
2026-08-06T22:25:44:     body > :where(header, main, footer) { border-bottom:1px solid #ddd; }
2026-08-06T22:25:44:     h1 { font-weight:normal; margin-bottom:.4em; }
2026-08-06T22:25:44:     h1 small { font-size:60%; color:#666; font-weight:normal; }
2026-08-06T22:25:44:     table { border:none; border-collapse: collapse; width:100%; }
2026-08-06T22:25:44:     td, th { vertical-align:top; padding:2px 3px; }
2026-08-06T22:25:44:     th { width:12em; text-align:right; color:#666; padding-right:.5em; }
2026-08-06T22:25:44:     #info { background:#f6f6f6; }
2026-08-06T22:25:44:     #info ol { margin: 0.5em 4em; }
2026-08-06T22:25:44:     #info ol li { font-family: monospace; }
2026-08-06T22:25:44:     #summary { background: #ffc; }
2026-08-06T22:25:44:     #explanation { background:#eee; border-bottom: 0px none; }
2026-08-06T22:25:44:     pre.exception_value { font-family: sans-serif; color: #575757; font-size: 1.5em; margin: 10px 0 10px 0; }
2026-08-06T22:25:44:   </style>
2026-08-06T22:25:44: </head>
2026-08-06T22:25:44: <body>
2026-08-06T22:25:44:   <header id="summary">
2026-08-06T22:25:44:     <h1>Page not found <small>(404)</small></h1>
2026-08-06T22:25:44:     
2026-08-06T22:25:44:     <table class="meta">
2026-08-06T22:25:44:       <tr>
2026-08-06T22:25:44:         <th scope="row">Request Method:</th>
2026-08-06T22:25:44:         <td>GET</td>
2026-08-06T22:25:44:       </tr>
2026-08-06T22:25:44:       <tr>
2026-08-06T22:25:44:         <th scope="row">Request URL:</th>
2026-08-06T22:25:44:         <td>https://system.gecogames.com/api/v1/testusers/me/</td>
2026-08-06T22:25:44:       </tr>
2026-08-06T22:25:44:       
2026-08-06T22:25:44:     </table>
2026-08-06T22:25:44:   </header>
2026-08-06T22:25:44: 
2026-08-06T22:25:44:   <main id="info">
2026-08-06T22:25:44:     
2026-08-06T22:25:44:       <p>
2026-08-06T22:25:44:       Using the URLconf defined in <code>system.urls</code>,
2026-08-06T22:25:44:       Django tried these URL patterns, in this order:
2026-08-06T22:25:44:       </p>
2026-08-06T22:25:44:       <ol>
2026-08-06T22:25:44:         
2026-08-06T22:25:44:           <li>
2026-08-06T22:25:44:             
2026-08-06T22:25:44:               <code>
2026-08-06T22:25:44:                 admin/
2026-08-06T22:25:44:                 
2026-08-06T22:25:44:               </code>
2026-08-06T22:25:44:             
2026-08-06T22:25:44:           </li>
2026-08-06T22:25:44:         
2026-08-06T22:25:44:           <li>
2026-08-06T22:25:44:             
2026-08-06T22:25:44:               <code>
2026-08-06T22:25:44:                 api/v1/test/
2026-08-06T22:25:44:                 
2026-08-06T22:25:44:               </code>
2026-08-06T22:25:44:             
2026-08-06T22:25:44:           </li>
2026-08-06T22:25:44:         
2026-08-06T22:25:44:           <li>
2026-08-06T22:25:44:             
2026-08-06T22:25:44:               <code>
2026-08-06T22:25:44:                 ^media/(?P&lt;path&gt;.*)$
2026-08-06T22:25:44:                 
2026-08-06T22:25:44:               </code>
2026-08-06T22:25:44:             
2026-08-06T22:25:44:           </li>
2026-08-06T22:25:44:         
2026-08-06T22:25:44:       </ol>
2026-08-06T22:25:44:       <p>
2026-08-06T22:25:44:         
2026-08-06T22:25:44:           The current path, <code>api/v1/testusers/me/</code>,
2026-08-06T22:25:44:         
2026-08-06T22:25:44:         didn’t match any of these.
2026-08-06T22:25:44:       </p>
2026-08-06T22:25:44:     
2026-08-06T22:25:44:   </main>
2026-08-06T22:25:44: 
2026-08-06T22:25:44:   <footer id="explanation">
2026-08-06T22:25:44:     <p>
2026-08-06T22:25:44:       You’re seeing this error because you have <code>DEBUG = True</code> in
2026-08-06T22:25:44:       your Django settings file. Change that to <code>False</code>, and Django
2026-08-06T22:25:44:       will display a standard 404 page.
2026-08-06T22:25:44:     </p>
2026-08-06T22:25:44:   </footer>
2026-08-06T22:25:44: </body>
2026-08-06T22:25:44: </html>
2026-08-06T22:25:44: 
2026-08-06T22:25:44: Current user API route called
2026-08-06T22:25:44: Auth header present: true
2026-08-06T22:25:44: Making request to backend: https://system.gecogames.com/api/v1/testusers/me/
2026-08-06T22:25:44: Backend response status: 404
2026-08-06T22:25:44: Backend response ok: false
2026-08-06T22:25:44: Backend error response: <!DOCTYPE html>
2026-08-06T22:25:44: <html lang="en">
2026-08-06T22:25:44: <head>
2026-08-06T22:25:44:   <meta http-equiv="content-type" content="text/html; charset=utf-8">
2026-08-06T22:25:44:   <title>Page not found at /api/v1/testusers/me/</title>
2026-08-06T22:25:44:   <meta name="robots" content="NONE,NOARCHIVE">
2026-08-06T22:25:44:   <style>
2026-08-06T22:25:44:     html * { padding:0; margin:0; }
2026-08-06T22:25:44:     body * { padding:10px 20px; }
2026-08-06T22:25:44:     body * * { padding:0; }
2026-08-06T22:25:44:     body { font-family: sans-serif; background:#eee; color:#000; }
2026-08-06T22:25:44:     body > :where(header, main, footer) { border-bottom:1px solid #ddd; }
2026-08-06T22:25:44:     h1 { font-weight:normal; margin-bottom:.4em; }
2026-08-06T22:25:44:     h1 small { font-size:60%; color:#666; font-weight:normal; }
2026-08-06T22:25:44:     table { border:none; border-collapse: collapse; width:100%; }
2026-08-06T22:25:44:     td, th { vertical-align:top; padding:2px 3px; }
2026-08-06T22:25:44:     th { width:12em; text-align:right; color:#666; padding-right:.5em; }
2026-08-06T22:25:44:     #info { background:#f6f6f6; }
2026-08-06T22:25:44:     #info ol { margin: 0.5em 4em; }
2026-08-06T22:25:44:     #info ol li { font-family: monospace; }
2026-08-06T22:25:44:     #summary { background: #ffc; }
2026-08-06T22:25:44:     #explanation { background:#eee; border-bottom: 0px none; }
2026-08-06T22:25:44:     pre.exception_value { font-family: sans-serif; color: #575757; font-size: 1.5em; margin: 10px 0 10px 0; }
2026-08-06T22:25:44:   </style>
2026-08-06T22:25:44: </head>
2026-08-06T22:25:44: <body>
2026-08-06T22:25:44:   <header id="summary">
2026-08-06T22:25:44:     <h1>Page not found <small>(404)</small></h1>
2026-08-06T22:25:44:     
2026-08-06T22:25:44:     <table class="meta">
2026-08-06T22:25:44:       <tr>
2026-08-06T22:25:44:         <th scope="row">Request Method:</th>
2026-08-06T22:25:44:         <td>GET</td>
2026-08-06T22:25:44:       </tr>
2026-08-06T22:25:44:       <tr>
2026-08-06T22:25:44:         <th scope="row">Request URL:</th>
2026-08-06T22:25:44:         <td>https://system.gecogames.com/api/v1/testusers/me/</td>
2026-08-06T22:25:44:       </tr>
2026-08-06T22:25:44:       
2026-08-06T22:25:44:     </table>
2026-08-06T22:25:44:   </header>
2026-08-06T22:25:44: 
2026-08-06T22:25:44:   <main id="info">
2026-08-06T22:25:44:     
2026-08-06T22:25:44:       <p>
2026-08-06T22:25:44:       Using the URLconf defined in <code>system.urls</code>,
2026-08-06T22:25:44:       Django tried these URL patterns, in this order:
2026-08-06T22:25:44:       </p>
2026-08-06T22:25:44:       <ol>
2026-08-06T22:25:44:         
2026-08-06T22:25:44:           <li>
2026-08-06T22:25:44:             
2026-08-06T22:25:44:               <code>
2026-08-06T22:25:44:                 admin/
2026-08-06T22:25:44:                 
2026-08-06T22:25:44:               </code>
2026-08-06T22:25:44:             
2026-08-06T22:25:44:           </li>
2026-08-06T22:25:44:         
2026-08-06T22:25:44:           <li>
2026-08-06T22:25:44:             
2026-08-06T22:25:44:               <code>
2026-08-06T22:25:44:                 api/v1/test/
2026-08-06T22:25:44:                 
2026-08-06T22:25:44:               </code>
2026-08-06T22:25:44:             
2026-08-06T22:25:44:           </li>
2026-08-06T22:25:44:         
2026-08-06T22:25:44:           <li>
2026-08-06T22:25:44:             
2026-08-06T22:25:44:               <code>
2026-08-06T22:25:44:                 ^media/(?P&lt;path&gt;.*)$
2026-08-06T22:25:44:                 
2026-08-06T22:25:44:               </code>
2026-08-06T22:25:44:             
2026-08-06T22:25:44:           </li>
2026-08-06T22:25:44:         
2026-08-06T22:25:44:       </ol>
2026-08-06T22:25:44:       <p>
2026-08-06T22:25:44:         
2026-08-06T22:25:44:           The current path, <code>api/v1/testusers/me/</code>,
2026-08-06T22:25:44:         
2026-08-06T22:25:44:         didn’t match any of these.
2026-08-06T22:25:44:       </p>
2026-08-06T22:25:44:     
2026-08-06T22:25:44:   </main>
2026-08-06T22:25:44: 
2026-08-06T22:25:44:   <footer id="explanation">
2026-08-06T22:25:44:     <p>
2026-08-06T22:25:44:       You’re seeing this error because you have <code>DEBUG = True</code> in
2026-08-06T22:25:44:       your Django settings file. Change that to <code>False</code>, and Django
2026-08-06T22:25:44:       will display a standard 404 page.
2026-08-06T22:25:44:     </p>
2026-08-06T22:25:44:   </footer>
2026-08-06T22:25:44: </body>
2026-08-06T22:25:44: </html>
2026-08-06T22:25:44: 
2026-08-06T22:25:45: Current user API route called
2026-08-06T22:25:45: Auth header present: true
2026-08-06T22:25:45: Making request to backend: https://system.gecogames.com/api/v1/testusers/me/
2026-08-06T22:25:45: Backend response status: 404
2026-08-06T22:25:45: Backend response ok: false
2026-08-06T22:25:45: Backend error response: <!DOCTYPE html>
2026-08-06T22:25:45: <html lang="en">
2026-08-06T22:25:45: <head>
2026-08-06T22:25:45:   <meta http-equiv="content-type" content="text/html; charset=utf-8">
2026-08-06T22:25:45:   <title>Page not found at /api/v1/testusers/me/</title>
2026-08-06T22:25:45:   <meta name="robots" content="NONE,NOARCHIVE">
2026-08-06T22:25:45:   <style>
2026-08-06T22:25:45:     html * { padding:0; margin:0; }
2026-08-06T22:25:45:     body * { padding:10px 20px; }
2026-08-06T22:25:45:     body * * { padding:0; }
2026-08-06T22:25:45:     body { font-family: sans-serif; background:#eee; color:#000; }
2026-08-06T22:25:45:     body > :where(header, main, footer) { border-bottom:1px solid #ddd; }
2026-08-06T22:25:45:     h1 { font-weight:normal; margin-bottom:.4em; }
2026-08-06T22:25:45:     h1 small { font-size:60%; color:#666; font-weight:normal; }
2026-08-06T22:25:45:     table { border:none; border-collapse: collapse; width:100%; }
2026-08-06T22:25:45:     td, th { vertical-align:top; padding:2px 3px; }
2026-08-06T22:25:45:     th { width:12em; text-align:right; color:#666; padding-right:.5em; }
2026-08-06T22:25:45:     #info { background:#f6f6f6; }
2026-08-06T22:25:45:     #info ol { margin: 0.5em 4em; }
2026-08-06T22:25:45:     #info ol li { font-family: monospace; }
2026-08-06T22:25:45:     #summary { background: #ffc; }
2026-08-06T22:25:45:     #explanation { background:#eee; border-bottom: 0px none; }
2026-08-06T22:25:45:     pre.exception_value { font-family: sans-serif; color: #575757; font-size: 1.5em; margin: 10px 0 10px 0; }
2026-08-06T22:25:45:   </style>
2026-08-06T22:25:45: </head>
2026-08-06T22:25:45: <body>
2026-08-06T22:25:45:   <header id="summary">
2026-08-06T22:25:45:     <h1>Page not found <small>(404)</small></h1>
2026-08-06T22:25:45:     
2026-08-06T22:25:45:     <table class="meta">
2026-08-06T22:25:45:       <tr>
2026-08-06T22:25:45:         <th scope="row">Request Method:</th>
2026-08-06T22:25:45:         <td>GET</td>
2026-08-06T22:25:45:       </tr>
2026-08-06T22:25:45:       <tr>
2026-08-06T22:25:45:         <th scope="row">Request URL:</th>
2026-08-06T22:25:45:         <td>https://system.gecogames.com/api/v1/testusers/me/</td>
2026-08-06T22:25:45:       </tr>
2026-08-06T22:25:45:       
2026-08-06T22:25:45:     </table>
2026-08-06T22:25:45:   </header>
2026-08-06T22:25:45: 
2026-08-06T22:25:45:   <main id="info">
2026-08-06T22:25:45:     
2026-08-06T22:25:45:       <p>
2026-08-06T22:25:45:       Using the URLconf defined in <code>system.urls</code>,
2026-08-06T22:25:45:       Django tried these URL patterns, in this order:
2026-08-06T22:25:45:       </p>
2026-08-06T22:25:45:       <ol>
2026-08-06T22:25:45:         
2026-08-06T22:25:45:           <li>
2026-08-06T22:25:45:             
2026-08-06T22:25:45:               <code>
2026-08-06T22:25:45:                 admin/
2026-08-06T22:25:45:                 
2026-08-06T22:25:45:               </code>
2026-08-06T22:25:45:             
2026-08-06T22:25:45:           </li>
2026-08-06T22:25:45:         
2026-08-06T22:25:45:           <li>
2026-08-06T22:25:45:             
2026-08-06T22:25:45:               <code>
2026-08-06T22:25:45:                 api/v1/test/
2026-08-06T22:25:45:                 
2026-08-06T22:25:45:               </code>
2026-08-06T22:25:45:             
2026-08-06T22:25:45:           </li>
2026-08-06T22:25:45:         
2026-08-06T22:25:45:           <li>
2026-08-06T22:25:45:             
2026-08-06T22:25:45:               <code>
2026-08-06T22:25:45:                 ^media/(?P&lt;path&gt;.*)$
2026-08-06T22:25:45:                 
2026-08-06T22:25:45:               </code>
2026-08-06T22:25:45:             
2026-08-06T22:25:45:           </li>
2026-08-06T22:25:45:         
2026-08-06T22:25:45:       </ol>
2026-08-06T22:25:45:       <p>
2026-08-06T22:25:45:         
2026-08-06T22:25:45:           The current path, <code>api/v1/testusers/me/</code>,
2026-08-06T22:25:45:         
2026-08-06T22:25:45:         didn’t match any of these.
2026-08-06T22:25:45:       </p>
2026-08-06T22:25:45:     
2026-08-06T22:25:45:   </main>
2026-08-06T22:25:45: 
2026-08-06T22:25:45:   <footer id="explanation">
2026-08-06T22:25:45:     <p>
2026-08-06T22:25:45:       You’re seeing this error because you have <code>DEBUG = True</code> in
2026-08-06T22:25:45:       your Django settings file. Change that to <code>False</code>, and Django
2026-08-06T22:25:45:       will display a standard 404 page.
2026-08-06T22:25:45:     </p>
2026-08-06T22:25:45:   </footer>
2026-08-06T22:25:45: </body>
2026-08-06T22:25:45: </html>
2026-08-06T22:25:45: 
2026-08-06T22:25:45: Current user API route called
2026-08-06T22:25:45: Auth header present: true
2026-08-06T22:25:45: Making request to backend: https://system.gecogames.com/api/v1/testusers/me/
2026-08-06T22:25:45: Backend response status: 404
2026-08-06T22:25:45: Backend response ok: false
2026-08-06T22:25:45: Backend error response: <!DOCTYPE html>
2026-08-06T22:25:45: <html lang="en">
2026-08-06T22:25:45: <head>
2026-08-06T22:25:45:   <meta http-equiv="content-type" content="text/html; charset=utf-8">
2026-08-06T22:25:45:   <title>Page not found at /api/v1/testusers/me/</title>
2026-08-06T22:25:45:   <meta name="robots" content="NONE,NOARCHIVE">
2026-08-06T22:25:45:   <style>
2026-08-06T22:25:45:     html * { padding:0; margin:0; }
2026-08-06T22:25:45:     body * { padding:10px 20px; }
2026-08-06T22:25:45:     body * * { padding:0; }
2026-08-06T22:25:45:     body { font-family: sans-serif; background:#eee; color:#000; }
2026-08-06T22:25:45:     body > :where(header, main, footer) { border-bottom:1px solid #ddd; }
2026-08-06T22:25:45:     h1 { font-weight:normal; margin-bottom:.4em; }
2026-08-06T22:25:45:     h1 small { font-size:60%; color:#666; font-weight:normal; }
2026-08-06T22:25:45:     table { border:none; border-collapse: collapse; width:100%; }
2026-08-06T22:25:45:     td, th { vertical-align:top; padding:2px 3px; }
2026-08-06T22:25:45:     th { width:12em; text-align:right; color:#666; padding-right:.5em; }
2026-08-06T22:25:45:     #info { background:#f6f6f6; }
2026-08-06T22:25:45:     #info ol { margin: 0.5em 4em; }
2026-08-06T22:25:45:     #info ol li { font-family: monospace; }
2026-08-06T22:25:45:     #summary { background: #ffc; }
2026-08-06T22:25:45:     #explanation { background:#eee; border-bottom: 0px none; }
2026-08-06T22:25:45:     pre.exception_value { font-family: sans-serif; color: #575757; font-size: 1.5em; margin: 10px 0 10px 0; }
2026-08-06T22:25:45:   </style>
2026-08-06T22:25:45: </head>
2026-08-06T22:25:45: <body>
2026-08-06T22:25:45:   <header id="summary">
2026-08-06T22:25:45:     <h1>Page not found <small>(404)</small></h1>
2026-08-06T22:25:45:     
2026-08-06T22:25:45:     <table class="meta">
2026-08-06T22:25:45:       <tr>
2026-08-06T22:25:45:         <th scope="row">Request Method:</th>
2026-08-06T22:25:45:         <td>GET</td>
2026-08-06T22:25:45:       </tr>
2026-08-06T22:25:45:       <tr>
2026-08-06T22:25:45:         <th scope="row">Request URL:</th>
2026-08-06T22:25:45:         <td>https://system.gecogames.com/api/v1/testusers/me/</td>
2026-08-06T22:25:45:       </tr>
2026-08-06T22:25:45:       
2026-08-06T22:25:45:     </table>
2026-08-06T22:25:45:   </header>
2026-08-06T22:25:45: 
2026-08-06T22:25:45:   <main id="info">
2026-08-06T22:25:45:     
2026-08-06T22:25:45:       <p>
2026-08-06T22:25:45:       Using the URLconf defined in <code>system.urls</code>,
2026-08-06T22:25:45:       Django tried these URL patterns, in this order:
2026-08-06T22:25:45:       </p>
2026-08-06T22:25:45:       <ol>
2026-08-06T22:25:45:         
2026-08-06T22:25:45:           <li>
2026-08-06T22:25:45:             
2026-08-06T22:25:45:               <code>
2026-08-06T22:25:45:                 admin/
2026-08-06T22:25:45:                 
2026-08-06T22:25:45:               </code>
2026-08-06T22:25:45:             
2026-08-06T22:25:45:           </li>
2026-08-06T22:25:45:         
2026-08-06T22:25:45:           <li>
2026-08-06T22:25:45:             
2026-08-06T22:25:45:               <code>
2026-08-06T22:25:45:                 api/v1/test/
2026-08-06T22:25:45:                 
2026-08-06T22:25:45:               </code>
2026-08-06T22:25:45:             
2026-08-06T22:25:45:           </li>
2026-08-06T22:25:45:         
2026-08-06T22:25:45:           <li>
2026-08-06T22:25:45:             
2026-08-06T22:25:45:               <code>
2026-08-06T22:25:45:                 ^media/(?P&lt;path&gt;.*)$
2026-08-06T22:25:45:                 
2026-08-06T22:25:45:               </code>
2026-08-06T22:25:45:             
2026-08-06T22:25:45:           </li>
2026-08-06T22:25:45:         
2026-08-06T22:25:45:       </ol>
2026-08-06T22:25:45:       <p>
2026-08-06T22:25:45:         
2026-08-06T22:25:45:           The current path, <code>api/v1/testusers/me/</code>,
2026-08-06T22:25:45:         
2026-08-06T22:25:45:         didn’t match any of these.
2026-08-06T22:25:45:       </p>
2026-08-06T22:25:45:     
2026-08-06T22:25:45:   </main>
2026-08-06T22:25:45: 
2026-08-06T22:25:45:   <footer id="explanation">
2026-08-06T22:25:45:     <p>
2026-08-06T22:25:45:       You’re seeing this error because you have <code>DEBUG = True</code> in
2026-08-06T22:25:45:       your Django settings file. Change that to <code>False</code>, and Django
2026-08-06T22:25:45:       will display a standard 404 page.
2026-08-06T22:25:45:     </p>
2026-08-06T22:25:45:   </footer>
2026-08-06T22:25:45: </body>
2026-08-06T22:25:45: </html>
2026-08-06T22:25:45: 
2026-08-06T22:25:45: Current user API route called
2026-08-06T22:25:45: Auth header present: true
2026-08-06T22:25:45: Making request to backend: https://system.gecogames.com/api/v1/testusers/me/
2026-08-06T22:25:45: Backend response status: 404
2026-08-06T22:25:45: Backend response ok: false
2026-08-06T22:25:45: Backend error response: <!DOCTYPE html>
2026-08-06T22:25:45: <html lang="en">
2026-08-06T22:25:45: <head>
2026-08-06T22:25:45:   <meta http-equiv="content-type" content="text/html; charset=utf-8">
2026-08-06T22:25:45:   <title>Page not found at /api/v1/testusers/me/</title>
2026-08-06T22:25:45:   <meta name="robots" content="NONE,NOARCHIVE">
2026-08-06T22:25:45:   <style>
2026-08-06T22:25:45:     html * { padding:0; margin:0; }
2026-08-06T22:25:45:     body * { padding:10px 20px; }
2026-08-06T22:25:45:     body * * { padding:0; }
2026-08-06T22:25:45:     body { font-family: sans-serif; background:#eee; color:#000; }
2026-08-06T22:25:45:     body > :where(header, main, footer) { border-bottom:1px solid #ddd; }
2026-08-06T22:25:45:     h1 { font-weight:normal; margin-bottom:.4em; }
2026-08-06T22:25:45:     h1 small { font-size:60%; color:#666; font-weight:normal; }
2026-08-06T22:25:45:     table { border:none; border-collapse: collapse; width:100%; }
2026-08-06T22:25:45:     td, th { vertical-align:top; padding:2px 3px; }
2026-08-06T22:25:45:     th { width:12em; text-align:right; color:#666; padding-right:.5em; }
2026-08-06T22:25:45:     #info { background:#f6f6f6; }
2026-08-06T22:25:45:     #info ol { margin: 0.5em 4em; }
2026-08-06T22:25:45:     #info ol li { font-family: monospace; }
2026-08-06T22:25:45:     #summary { background: #ffc; }
2026-08-06T22:25:45:     #explanation { background:#eee; border-bottom: 0px none; }
2026-08-06T22:25:45:     pre.exception_value { font-family: sans-serif; color: #575757; font-size: 1.5em; margin: 10px 0 10px 0; }
2026-08-06T22:25:45:   </style>
2026-08-06T22:25:45: </head>
2026-08-06T22:25:45: <body>
2026-08-06T22:25:45:   <header id="summary">
2026-08-06T22:25:45:     <h1>Page not found <small>(404)</small></h1>
2026-08-06T22:25:45:     
2026-08-06T22:25:45:     <table class="meta">
2026-08-06T22:25:45:       <tr>
2026-08-06T22:25:45:         <th scope="row">Request Method:</th>
2026-08-06T22:25:45:         <td>GET</td>
2026-08-06T22:25:45:       </tr>
2026-08-06T22:25:45:       <tr>
2026-08-06T22:25:45:         <th scope="row">Request URL:</th>
2026-08-06T22:25:45:         <td>https://system.gecogames.com/api/v1/testusers/me/</td>
2026-08-06T22:25:45:       </tr>
2026-08-06T22:25:45:       
2026-08-06T22:25:45:     </table>
2026-08-06T22:25:45:   </header>
2026-08-06T22:25:45: 
2026-08-06T22:25:45:   <main id="info">
2026-08-06T22:25:45:     
2026-08-06T22:25:45:       <p>
2026-08-06T22:25:45:       Using the URLconf defined in <code>system.urls</code>,
2026-08-06T22:25:45:       Django tried these URL patterns, in this order:
2026-08-06T22:25:45:       </p>
2026-08-06T22:25:45:       <ol>
2026-08-06T22:25:45:         
2026-08-06T22:25:45:           <li>
2026-08-06T22:25:45:             
2026-08-06T22:25:45:               <code>
2026-08-06T22:25:45:                 admin/
2026-08-06T22:25:45:                 
2026-08-06T22:25:45:               </code>
2026-08-06T22:25:45:             
2026-08-06T22:25:45:           </li>
2026-08-06T22:25:45:         
2026-08-06T22:25:45:           <li>
2026-08-06T22:25:45:             
2026-08-06T22:25:45:               <code>
2026-08-06T22:25:45:                 api/v1/test/
2026-08-06T22:25:45:                 
2026-08-06T22:25:45:               </code>
2026-08-06T22:25:45:             
2026-08-06T22:25:45:           </li>
2026-08-06T22:25:45:         
2026-08-06T22:25:45:           <li>
2026-08-06T22:25:45:             
2026-08-06T22:25:45:               <code>
2026-08-06T22:25:45:                 ^media/(?P&lt;path&gt;.*)$
2026-08-06T22:25:45:                 
2026-08-06T22:25:45:               </code>
2026-08-06T22:25:45:             
2026-08-06T22:25:45:           </li>
2026-08-06T22:25:45:         
2026-08-06T22:25:45:       </ol>
2026-08-06T22:25:45:       <p>
2026-08-06T22:25:45:         
2026-08-06T22:25:45:           The current path, <code>api/v1/testusers/me/</code>,
2026-08-06T22:25:45:         
2026-08-06T22:25:45:         didn’t match any of these.
2026-08-06T22:25:45:       </p>
2026-08-06T22:25:45:     
2026-08-06T22:25:45:   </main>
2026-08-06T22:25:45: 
2026-08-06T22:25:45:   <footer id="explanation">
2026-08-06T22:25:45:     <p>
2026-08-06T22:25:45:       You’re seeing this error because you have <code>DEBUG = True</code> in
2026-08-06T22:25:45:       your Django settings file. Change that to <code>False</code>, and Django
2026-08-06T22:25:45:       will display a standard 404 page.
2026-08-06T22:25:45:     </p>
2026-08-06T22:25:45:   </footer>
2026-08-06T22:25:45: </body>
2026-08-06T22:25:45: </html>
2026-08-06T22:25:45: 
2026-08-06T22:25:45: Current user API route called
2026-08-06T22:25:45: Auth header present: true
2026-08-06T22:25:45: Making request to backend: https://system.gecogames.com/api/v1/testusers/me/
2026-08-06T22:25:45: Backend response status: 404
2026-08-06T22:25:45: Backend response ok: false
2026-08-06T22:25:45: Backend error response: <!DOCTYPE html>
2026-08-06T22:25:45: <html lang="en">
2026-08-06T22:25:45: <head>
2026-08-06T22:25:45:   <meta http-equiv="content-type" content="text/html; charset=utf-8">
2026-08-06T22:25:45:   <title>Page not found at /api/v1/testusers/me/</title>
2026-08-06T22:25:45:   <meta name="robots" content="NONE,NOARCHIVE">
2026-08-06T22:25:45:   <style>
2026-08-06T22:25:45:     html * { padding:0; margin:0; }
2026-08-06T22:25:45:     body * { padding:10px 20px; }
2026-08-06T22:25:45:     body * * { padding:0; }
2026-08-06T22:25:45:     body { font-family: sans-serif; background:#eee; color:#000; }
2026-08-06T22:25:45:     body > :where(header, main, footer) { border-bottom:1px solid #ddd; }
2026-08-06T22:25:45:     h1 { font-weight:normal; margin-bottom:.4em; }
2026-08-06T22:25:45:     h1 small { font-size:60%; color:#666; font-weight:normal; }
2026-08-06T22:25:45:     table { border:none; border-collapse: collapse; width:100%; }
2026-08-06T22:25:45:     td, th { vertical-align:top; padding:2px 3px; }
2026-08-06T22:25:45:     th { width:12em; text-align:right; color:#666; padding-right:.5em; }
2026-08-06T22:25:45:     #info { background:#f6f6f6; }
2026-08-06T22:25:45:     #info ol { margin: 0.5em 4em; }
2026-08-06T22:25:45:     #info ol li { font-family: monospace; }
2026-08-06T22:25:45:     #summary { background: #ffc; }
2026-08-06T22:25:45:     #explanation { background:#eee; border-bottom: 0px none; }
2026-08-06T22:25:45:     pre.exception_value { font-family: sans-serif; color: #575757; font-size: 1.5em; margin: 10px 0 10px 0; }
2026-08-06T22:25:45:   </style>
2026-08-06T22:25:45: </head>
2026-08-06T22:25:45: <body>
2026-08-06T22:25:45:   <header id="summary">
2026-08-06T22:25:45:     <h1>Page not found <small>(404)</small></h1>
2026-08-06T22:25:45:     
2026-08-06T22:25:45:     <table class="meta">
2026-08-06T22:25:45:       <tr>
2026-08-06T22:25:45:         <th scope="row">Request Method:</th>
2026-08-06T22:25:45:         <td>GET</td>
2026-08-06T22:25:45:       </tr>
2026-08-06T22:25:45:       <tr>
2026-08-06T22:25:45:         <th scope="row">Request URL:</th>
2026-08-06T22:25:45:         <td>https://system.gecogames.com/api/v1/testusers/me/</td>
2026-08-06T22:25:45:       </tr>
2026-08-06T22:25:45:       
2026-08-06T22:25:45:     </table>
2026-08-06T22:25:45:   </header>
2026-08-06T22:25:45: 
2026-08-06T22:25:45:   <main id="info">
2026-08-06T22:25:45:     
2026-08-06T22:25:45:       <p>
2026-08-06T22:25:45:       Using the URLconf defined in <code>system.urls</code>,
2026-08-06T22:25:45:       Django tried these URL patterns, in this order:
2026-08-06T22:25:45:       </p>
2026-08-06T22:25:45:       <ol>
2026-08-06T22:25:45:         
2026-08-06T22:25:45:           <li>
2026-08-06T22:25:45:             
2026-08-06T22:25:45:               <code>
2026-08-06T22:25:45:                 admin/
2026-08-06T22:25:45:                 
2026-08-06T22:25:45:               </code>
2026-08-06T22:25:45:             
2026-08-06T22:25:45:           </li>
2026-08-06T22:25:45:         
2026-08-06T22:25:45:           <li>
2026-08-06T22:25:45:             
2026-08-06T22:25:45:               <code>
2026-08-06T22:25:45:                 api/v1/test/
2026-08-06T22:25:45:                 
2026-08-06T22:25:45:               </code>
2026-08-06T22:25:45:             
2026-08-06T22:25:45:           </li>
2026-08-06T22:25:45:         
2026-08-06T22:25:45:           <li>
2026-08-06T22:25:45:             
2026-08-06T22:25:45:               <code>
2026-08-06T22:25:45:                 ^media/(?P&lt;path&gt;.*)$
2026-08-06T22:25:45:                 
2026-08-06T22:25:45:               </code>
2026-08-06T22:25:45:             
2026-08-06T22:25:45:           </li>
2026-08-06T22:25:45:         
2026-08-06T22:25:45:       </ol>
2026-08-06T22:25:45:       <p>
2026-08-06T22:25:45:         
2026-08-06T22:25:45:           The current path, <code>api/v1/testusers/me/</code>,
2026-08-06T22:25:45:         
2026-08-06T22:25:45:         didn’t match any of these.
2026-08-06T22:25:45:       </p>
2026-08-06T22:25:45:     
2026-08-06T22:25:45:   </main>
2026-08-06T22:25:45: 
2026-08-06T22:25:45:   <footer id="explanation">
2026-08-06T22:25:45:     <p>
2026-08-06T22:25:45:       You’re seeing this error because you have <code>DEBUG = True</code> in
2026-08-06T22:25:45:       your Django settings file. Change that to <code>False</code>, and Django
2026-08-06T22:25:45:       will display a standard 404 page.
2026-08-06T22:25:45:     </p>
2026-08-06T22:25:45:   </footer>
2026-08-06T22:25:45: </body>
2026-08-06T22:25:45: </html>
2026-08-06T22:25:45: 
2026-08-06T22:25:46: Current user API route called
2026-08-06T22:25:46: Auth header present: true
2026-08-06T22:25:46: Making request to backend: https://system.gecogames.com/api/v1/testusers/me/
2026-08-06T22:25:46: Backend response status: 404
2026-08-06T22:25:46: Backend response ok: false
2026-08-06T22:25:46: Backend error response: <!DOCTYPE html>
2026-08-06T22:25:46: <html lang="en">
2026-08-06T22:25:46: <head>
2026-08-06T22:25:46:   <meta http-equiv="content-type" content="text/html; charset=utf-8">
2026-08-06T22:25:46:   <title>Page not found at /api/v1/testusers/me/</title>
2026-08-06T22:25:46:   <meta name="robots" content="NONE,NOARCHIVE">
2026-08-06T22:25:46:   <style>
2026-08-06T22:25:46:     html * { padding:0; margin:0; }
2026-08-06T22:25:46:     body * { padding:10px 20px; }
2026-08-06T22:25:46:     body * * { padding:0; }
2026-08-06T22:25:46:     body { font-family: sans-serif; background:#eee; color:#000; }
2026-08-06T22:25:46:     body > :where(header, main, footer) { border-bottom:1px solid #ddd; }
2026-08-06T22:25:46:     h1 { font-weight:normal; margin-bottom:.4em; }
2026-08-06T22:25:46:     h1 small { font-size:60%; color:#666; font-weight:normal; }
2026-08-06T22:25:46:     table { border:none; border-collapse: collapse; width:100%; }
2026-08-06T22:25:46:     td, th { vertical-align:top; padding:2px 3px; }
2026-08-06T22:25:46:     th { width:12em; text-align:right; color:#666; padding-right:.5em; }
2026-08-06T22:25:46:     #info { background:#f6f6f6; }
2026-08-06T22:25:46:     #info ol { margin: 0.5em 4em; }
2026-08-06T22:25:46:     #info ol li { font-family: monospace; }
2026-08-06T22:25:46:     #summary { background: #ffc; }
2026-08-06T22:25:46:     #explanation { background:#eee; border-bottom: 0px none; }
2026-08-06T22:25:46:     pre.exception_value { font-family: sans-serif; color: #575757; font-size: 1.5em; margin: 10px 0 10px 0; }
2026-08-06T22:25:46:   </style>
2026-08-06T22:25:46: </head>
2026-08-06T22:25:46: <body>
2026-08-06T22:25:46:   <header id="summary">
2026-08-06T22:25:46:     <h1>Page not found <small>(404)</small></h1>
2026-08-06T22:25:46:     
2026-08-06T22:25:46:     <table class="meta">
2026-08-06T22:25:46:       <tr>
2026-08-06T22:25:46:         <th scope="row">Request Method:</th>
2026-08-06T22:25:46:         <td>GET</td>
2026-08-06T22:25:46:       </tr>
2026-08-06T22:25:46:       <tr>
2026-08-06T22:25:46:         <th scope="row">Request URL:</th>
2026-08-06T22:25:46:         <td>https://system.gecogames.com/api/v1/testusers/me/</td>
2026-08-06T22:25:46:       </tr>
2026-08-06T22:25:46:       
2026-08-06T22:25:46:     </table>
2026-08-06T22:25:46:   </header>
2026-08-06T22:25:46: 
2026-08-06T22:25:46:   <main id="info">
2026-08-06T22:25:46:     
2026-08-06T22:25:46:       <p>
2026-08-06T22:25:46:       Using the URLconf defined in <code>system.urls</code>,
2026-08-06T22:25:46:       Django tried these URL patterns, in this order:
2026-08-06T22:25:46:       </p>
2026-08-06T22:25:46:       <ol>
2026-08-06T22:25:46:         
2026-08-06T22:25:46:           <li>
2026-08-06T22:25:46:             
2026-08-06T22:25:46:               <code>
2026-08-06T22:25:46:                 admin/
2026-08-06T22:25:46:                 
2026-08-06T22:25:46:               </code>
2026-08-06T22:25:46:             
2026-08-06T22:25:46:           </li>
2026-08-06T22:25:46:         
2026-08-06T22:25:46:           <li>
2026-08-06T22:25:46:             
2026-08-06T22:25:46:               <code>
2026-08-06T22:25:46:                 api/v1/test/
2026-08-06T22:25:46:                 
2026-08-06T22:25:46:               </code>
2026-08-06T22:25:46:             
2026-08-06T22:25:46:           </li>
2026-08-06T22:25:46:         
2026-08-06T22:25:46:           <li>
2026-08-06T22:25:46:             
2026-08-06T22:25:46:               <code>
2026-08-06T22:25:46:                 ^media/(?P&lt;path&gt;.*)$
2026-08-06T22:25:46:                 
2026-08-06T22:25:46:               </code>
2026-08-06T22:25:46:             
2026-08-06T22:25:46:           </li>
2026-08-06T22:25:46:         
2026-08-06T22:25:46:       </ol>
2026-08-06T22:25:46:       <p>
2026-08-06T22:25:46:         
2026-08-06T22:25:46:           The current path, <code>api/v1/testusers/me/</code>,
2026-08-06T22:25:46:         
2026-08-06T22:25:46:         didn’t match any of these.
2026-08-06T22:25:46:       </p>
2026-08-06T22:25:46:     
2026-08-06T22:25:46:   </main>
2026-08-06T22:25:46: 
2026-08-06T22:25:46:   <footer id="explanation">
2026-08-06T22:25:46:     <p>
2026-08-06T22:25:46:       You’re seeing this error because you have <code>DEBUG = True</code> in
2026-08-06T22:25:46:       your Django settings file. Change that to <code>False</code>, and Django
2026-08-06T22:25:46:       will display a standard 404 page.
2026-08-06T22:25:46:     </p>
2026-08-06T22:25:46:   </footer>
2026-08-06T22:25:46: </body>
2026-08-06T22:25:46: </html>
2026-08-06T22:25:46: 
2026-08-06T22:25:46: Current user API route called
2026-08-06T22:25:46: Auth header present: true
2026-08-06T22:25:46: Making request to backend: https://system.gecogames.com/api/v1/testusers/me/
2026-08-06T22:25:46: Backend response status: 404
2026-08-06T22:25:46: Backend response ok: false
2026-08-06T22:25:46: Backend error response: <!DOCTYPE html>
2026-08-06T22:25:46: <html lang="en">
2026-08-06T22:25:46: <head>
2026-08-06T22:25:46:   <meta http-equiv="content-type" content="text/html; charset=utf-8">
2026-08-06T22:25:46:   <title>Page not found at /api/v1/testusers/me/</title>
2026-08-06T22:25:46:   <meta name="robots" content="NONE,NOARCHIVE">
2026-08-06T22:25:46:   <style>
2026-08-06T22:25:46:     html * { padding:0; margin:0; }
2026-08-06T22:25:46:     body * { padding:10px 20px; }
2026-08-06T22:25:46:     body * * { padding:0; }
2026-08-06T22:25:46:     body { font-family: sans-serif; background:#eee; color:#000; }
2026-08-06T22:25:46:     body > :where(header, main, footer) { border-bottom:1px solid #ddd; }
2026-08-06T22:25:46:     h1 { font-weight:normal; margin-bottom:.4em; }
2026-08-06T22:25:46:     h1 small { font-size:60%; color:#666; font-weight:normal; }
2026-08-06T22:25:46:     table { border:none; border-collapse: collapse; width:100%; }
2026-08-06T22:25:46:     td, th { vertical-align:top; padding:2px 3px; }
2026-08-06T22:25:46:     th { width:12em; text-align:right; color:#666; padding-right:.5em; }
2026-08-06T22:25:46:     #info { background:#f6f6f6; }
2026-08-06T22:25:46:     #info ol { margin: 0.5em 4em; }
2026-08-06T22:25:46:     #info ol li { font-family: monospace; }
2026-08-06T22:25:46:     #summary { background: #ffc; }
2026-08-06T22:25:46:     #explanation { background:#eee; border-bottom: 0px none; }
2026-08-06T22:25:46:     pre.exception_value { font-family: sans-serif; color: #575757; font-size: 1.5em; margin: 10px 0 10px 0; }
2026-08-06T22:25:46:   </style>
2026-08-06T22:25:46: </head>
2026-08-06T22:25:46: <body>
2026-08-06T22:25:46:   <header id="summary">
2026-08-06T22:25:46:     <h1>Page not found <small>(404)</small></h1>
2026-08-06T22:25:46:     
2026-08-06T22:25:46:     <table class="meta">
2026-08-06T22:25:46:       <tr>
2026-08-06T22:25:46:         <th scope="row">Request Method:</th>
2026-08-06T22:25:46:         <td>GET</td>
2026-08-06T22:25:46:       </tr>
2026-08-06T22:25:46:       <tr>
2026-08-06T22:25:46:         <th scope="row">Request URL:</th>
2026-08-06T22:25:46:         <td>https://system.gecogames.com/api/v1/testusers/me/</td>
2026-08-06T22:25:46:       </tr>
2026-08-06T22:25:46:       
2026-08-06T22:25:46:     </table>
2026-08-06T22:25:46:   </header>
2026-08-06T22:25:46: 
2026-08-06T22:25:46:   <main id="info">
2026-08-06T22:25:46:     
2026-08-06T22:25:46:       <p>
2026-08-06T22:25:46:       Using the URLconf defined in <code>system.urls</code>,
2026-08-06T22:25:46:       Django tried these URL patterns, in this order:
2026-08-06T22:25:46:       </p>
2026-08-06T22:25:46:       <ol>
2026-08-06T22:25:46:         
2026-08-06T22:25:46:           <li>
2026-08-06T22:25:46:             
2026-08-06T22:25:46:               <code>
2026-08-06T22:25:46:                 admin/
2026-08-06T22:25:46:                 
2026-08-06T22:25:46:               </code>
2026-08-06T22:25:46:             
2026-08-06T22:25:46:           </li>
2026-08-06T22:25:46:         
2026-08-06T22:25:46:           <li>
2026-08-06T22:25:46:             
2026-08-06T22:25:46:               <code>
2026-08-06T22:25:46:                 api/v1/test/
2026-08-06T22:25:46:                 
2026-08-06T22:25:46:               </code>
2026-08-06T22:25:46:             
2026-08-06T22:25:46:           </li>
2026-08-06T22:25:46:         
2026-08-06T22:25:46:           <li>
2026-08-06T22:25:46:             
2026-08-06T22:25:46:               <code>
2026-08-06T22:25:46:                 ^media/(?P&lt;path&gt;.*)$
2026-08-06T22:25:46:                 
2026-08-06T22:25:46:               </code>
2026-08-06T22:25:46:             
2026-08-06T22:25:46:           </li>
2026-08-06T22:25:46:         
2026-08-06T22:25:46:       </ol>
2026-08-06T22:25:46:       <p>
2026-08-06T22:25:46:         
2026-08-06T22:25:46:           The current path, <code>api/v1/testusers/me/</code>,
2026-08-06T22:25:46:         
2026-08-06T22:25:46:         didn’t match any of these.
2026-08-06T22:25:46:       </p>
2026-08-06T22:25:46:     
2026-08-06T22:25:46:   </main>
2026-08-06T22:25:46: 
2026-08-06T22:25:46:   <footer id="explanation">
2026-08-06T22:25:46:     <p>
2026-08-06T22:25:46:       You’re seeing this error because you have <code>DEBUG = True</code> in
2026-08-06T22:25:46:       your Django settings file. Change that to <code>False</code>, and Django
2026-08-06T22:25:46:       will display a standard 404 page.
2026-08-06T22:25:46:     </p>
2026-08-06T22:25:46:   </footer>
2026-08-06T22:25:46: </body>
2026-08-06T22:25:46: </html>
2026-08-06T22:25:46: 
2026-08-06T22:25:46: Current user API route called
2026-08-06T22:25:46: Auth header present: true
2026-08-06T22:25:46: Making request to backend: https://system.gecogames.com/api/v1/testusers/me/
2026-08-06T22:25:46: Backend response status: 404
2026-08-06T22:25:46: Backend response ok: false
2026-08-06T22:25:46: Backend error response: <!DOCTYPE html>
2026-08-06T22:25:46: <html lang="en">
2026-08-06T22:25:46: <head>
2026-08-06T22:25:46:   <meta http-equiv="content-type" content="text/html; charset=utf-8">
2026-08-06T22:25:46:   <title>Page not found at /api/v1/testusers/me/</title>
2026-08-06T22:25:46:   <meta name="robots" content="NONE,NOARCHIVE">
2026-08-06T22:25:46:   <style>
2026-08-06T22:25:46:     html * { padding:0; margin:0; }
2026-08-06T22:25:46:     body * { padding:10px 20px; }
2026-08-06T22:25:46:     body * * { padding:0; }
2026-08-06T22:25:46:     body { font-family: sans-serif; background:#eee; color:#000; }
2026-08-06T22:25:46:     body > :where(header, main, footer) { border-bottom:1px solid #ddd; }
2026-08-06T22:25:46:     h1 { font-weight:normal; margin-bottom:.4em; }
2026-08-06T22:25:46:     h1 small { font-size:60%; color:#666; font-weight:normal; }
2026-08-06T22:25:46:     table { border:none; border-collapse: collapse; width:100%; }
2026-08-06T22:25:46:     td, th { vertical-align:top; padding:2px 3px; }
2026-08-06T22:25:46:     th { width:12em; text-align:right; color:#666; padding-right:.5em; }
2026-08-06T22:25:46:     #info { background:#f6f6f6; }
2026-08-06T22:25:46:     #info ol { margin: 0.5em 4em; }
2026-08-06T22:25:46:     #info ol li { font-family: monospace; }
2026-08-06T22:25:46:     #summary { background: #ffc; }
2026-08-06T22:25:46:     #explanation { background:#eee; border-bottom: 0px none; }
2026-08-06T22:25:46:     pre.exception_value { font-family: sans-serif; color: #575757; font-size: 1.5em; margin: 10px 0 10px 0; }
2026-08-06T22:25:46:   </style>
2026-08-06T22:25:46: </head>
2026-08-06T22:25:46: <body>
2026-08-06T22:25:46:   <header id="summary">
2026-08-06T22:25:46:     <h1>Page not found <small>(404)</small></h1>
2026-08-06T22:25:46:     
2026-08-06T22:25:46:     <table class="meta">
2026-08-06T22:25:46:       <tr>
2026-08-06T22:25:46:         <th scope="row">Request Method:</th>
2026-08-06T22:25:46:         <td>GET</td>
2026-08-06T22:25:46:       </tr>
2026-08-06T22:25:46:       <tr>
2026-08-06T22:25:46:         <th scope="row">Request URL:</th>
2026-08-06T22:25:46:         <td>https://system.gecogames.com/api/v1/testusers/me/</td>
2026-08-06T22:25:46:       </tr>
2026-08-06T22:25:46:       
2026-08-06T22:25:46:     </table>
2026-08-06T22:25:46:   </header>
2026-08-06T22:25:46: 
2026-08-06T22:25:46:   <main id="info">
2026-08-06T22:25:46:     
2026-08-06T22:25:46:       <p>
2026-08-06T22:25:46:       Using the URLconf defined in <code>system.urls</code>,
2026-08-06T22:25:46:       Django tried these URL patterns, in this order:
2026-08-06T22:25:46:       </p>
2026-08-06T22:25:46:       <ol>
2026-08-06T22:25:46:         
2026-08-06T22:25:46:           <li>
2026-08-06T22:25:46:             
2026-08-06T22:25:46:               <code>
2026-08-06T22:25:46:                 admin/
2026-08-06T22:25:46:                 
2026-08-06T22:25:46:               </code>
2026-08-06T22:25:46:             
2026-08-06T22:25:46:           </li>
2026-08-06T22:25:46:         
2026-08-06T22:25:46:           <li>
2026-08-06T22:25:46:             
2026-08-06T22:25:46:               <code>
2026-08-06T22:25:46:                 api/v1/test/
2026-08-06T22:25:46:                 
2026-08-06T22:25:46:               </code>
2026-08-06T22:25:46:             
2026-08-06T22:25:46:           </li>
2026-08-06T22:25:46:         
2026-08-06T22:25:46:           <li>
2026-08-06T22:25:46:             
2026-08-06T22:25:46:               <code>
2026-08-06T22:25:46:                 ^media/(?P&lt;path&gt;.*)$
2026-08-06T22:25:46:                 
2026-08-06T22:25:46:               </code>
2026-08-06T22:25:46:             
2026-08-06T22:25:46:           </li>
2026-08-06T22:25:46:         
2026-08-06T22:25:46:       </ol>
2026-08-06T22:25:46:       <p>
2026-08-06T22:25:46:         
2026-08-06T22:25:46:           The current path, <code>api/v1/testusers/me/</code>,
2026-08-06T22:25:46:         
2026-08-06T22:25:46:         didn’t match any of these.
2026-08-06T22:25:46:       </p>
2026-08-06T22:25:46:     
2026-08-06T22:25:46:   </main>
2026-08-06T22:25:46: 
2026-08-06T22:25:46:   <footer id="explanation">
2026-08-06T22:25:46:     <p>
2026-08-06T22:25:46:       You’re seeing this error because you have <code>DEBUG = True</code> in
2026-08-06T22:25:46:       your Django settings file. Change that to <code>False</code>, and Django
2026-08-06T22:25:46:       will display a standard 404 page.
2026-08-06T22:25:46:     </p>
2026-08-06T22:25:46:   </footer>
2026-08-06T22:25:46: </body>
2026-08-06T22:25:46: </html>
2026-08-06T22:25:46: 
2026-08-06T22:25:46: Current user API route called
2026-08-06T22:25:46: Auth header present: true
2026-08-06T22:25:46: Making request to backend: https://system.gecogames.com/api/v1/testusers/me/
2026-08-06T22:25:46: Backend response status: 404
2026-08-06T22:25:46: Backend response ok: false
2026-08-06T22:25:46: Backend error response: <!DOCTYPE html>
2026-08-06T22:25:46: <html lang="en">
2026-08-06T22:25:46: <head>
2026-08-06T22:25:46:   <meta http-equiv="content-type" content="text/html; charset=utf-8">
2026-08-06T22:25:46:   <title>Page not found at /api/v1/testusers/me/</title>
2026-08-06T22:25:46:   <meta name="robots" content="NONE,NOARCHIVE">
2026-08-06T22:25:46:   <style>
2026-08-06T22:25:46:     html * { padding:0; margin:0; }
2026-08-06T22:25:46:     body * { padding:10px 20px; }
2026-08-06T22:25:46:     body * * { padding:0; }
2026-08-06T22:25:46:     body { font-family: sans-serif; background:#eee; color:#000; }
2026-08-06T22:25:46:     body > :where(header, main, footer) { border-bottom:1px solid #ddd; }
2026-08-06T22:25:46:     h1 { font-weight:normal; margin-bottom:.4em; }
2026-08-06T22:25:46:     h1 small { font-size:60%; color:#666; font-weight:normal; }
2026-08-06T22:25:46:     table { border:none; border-collapse: collapse; width:100%; }
2026-08-06T22:25:46:     td, th { vertical-align:top; padding:2px 3px; }
2026-08-06T22:25:46:     th { width:12em; text-align:right; color:#666; padding-right:.5em; }
2026-08-06T22:25:46:     #info { background:#f6f6f6; }
2026-08-06T22:25:46:     #info ol { margin: 0.5em 4em; }
2026-08-06T22:25:46:     #info ol li { font-family: monospace; }
2026-08-06T22:25:46:     #summary { background: #ffc; }
2026-08-06T22:25:46:     #explanation { background:#eee; border-bottom: 0px none; }
2026-08-06T22:25:46:     pre.exception_value { font-family: sans-serif; color: #575757; font-size: 1.5em; margin: 10px 0 10px 0; }
2026-08-06T22:25:46:   </style>
2026-08-06T22:25:46: </head>
2026-08-06T22:25:46: <body>
2026-08-06T22:25:46:   <header id="summary">
2026-08-06T22:25:46:     <h1>Page not found <small>(404)</small></h1>
2026-08-06T22:25:46:     
2026-08-06T22:25:46:     <table class="meta">
2026-08-06T22:25:46:       <tr>
2026-08-06T22:25:46:         <th scope="row">Request Method:</th>
2026-08-06T22:25:46:         <td>GET</td>
2026-08-06T22:25:46:       </tr>
2026-08-06T22:25:46:       <tr>
2026-08-06T22:25:46:         <th scope="row">Request URL:</th>
2026-08-06T22:25:46:         <td>https://system.gecogames.com/api/v1/testusers/me/</td>
2026-08-06T22:25:46:       </tr>
2026-08-06T22:25:46:       
2026-08-06T22:25:46:     </table>
2026-08-06T22:25:46:   </header>
2026-08-06T22:25:46: 
2026-08-06T22:25:46:   <main id="info">
2026-08-06T22:25:46:     
2026-08-06T22:25:46:       <p>
2026-08-06T22:25:46:       Using the URLconf defined in <code>system.urls</code>,
2026-08-06T22:25:46:       Django tried these URL patterns, in this order:
2026-08-06T22:25:46:       </p>
2026-08-06T22:25:46:       <ol>
2026-08-06T22:25:46:         
2026-08-06T22:25:46:           <li>
2026-08-06T22:25:46:             
2026-08-06T22:25:46:               <code>
2026-08-06T22:25:46:                 admin/
2026-08-06T22:25:46:                 
2026-08-06T22:25:46:               </code>
2026-08-06T22:25:46:             
2026-08-06T22:25:46:           </li>
2026-08-06T22:25:46:         
2026-08-06T22:25:46:           <li>
2026-08-06T22:25:46:             
2026-08-06T22:25:46:               <code>
2026-08-06T22:25:46:                 api/v1/test/
2026-08-06T22:25:46:                 
2026-08-06T22:25:46:               </code>
2026-08-06T22:25:46:             
2026-08-06T22:25:46:           </li>
2026-08-06T22:25:46:         
2026-08-06T22:25:46:           <li>
2026-08-06T22:25:46:             
2026-08-06T22:25:46:               <code>
2026-08-06T22:25:46:                 ^media/(?P&lt;path&gt;.*)$
2026-08-06T22:25:46:                 
2026-08-06T22:25:46:               </code>
2026-08-06T22:25:46:             
2026-08-06T22:25:46:           </li>
2026-08-06T22:25:46:         
2026-08-06T22:25:46:       </ol>
2026-08-06T22:25:46:       <p>
2026-08-06T22:25:46:         
2026-08-06T22:25:46:           The current path, <code>api/v1/testusers/me/</code>,
2026-08-06T22:25:46:         
2026-08-06T22:25:46:         didn’t match any of these.
2026-08-06T22:25:46:       </p>
2026-08-06T22:25:46:     
2026-08-06T22:25:46:   </main>
2026-08-06T22:25:46: 
2026-08-06T22:25:46:   <footer id="explanation">
2026-08-06T22:25:46:     <p>
2026-08-06T22:25:46:       You’re seeing this error because you have <code>DEBUG = True</code> in
2026-08-06T22:25:46:       your Django settings file. Change that to <code>False</code>, and Django
2026-08-06T22:25:46:       will display a standard 404 page.
2026-08-06T22:25:46:     </p>
2026-08-06T22:25:46:   </footer>
2026-08-06T22:25:46: </body>
2026-08-06T22:25:46: </html>
2026-08-06T22:25:46: 
2026-08-06T22:25:46: Current user API route called
2026-08-06T22:25:46: Auth header present: true
2026-08-06T22:25:46: Making request to backend: https://system.gecogames.com/api/v1/testusers/me/
2026-08-06T22:25:46: Backend response status: 404
2026-08-06T22:25:46: Backend response ok: false
2026-08-06T22:25:46: Backend error response: <!DOCTYPE html>
2026-08-06T22:25:46: <html lang="en">
2026-08-06T22:25:46: <head>
2026-08-06T22:25:46:   <meta http-equiv="content-type" content="text/html; charset=utf-8">
2026-08-06T22:25:46:   <title>Page not found at /api/v1/testusers/me/</title>
2026-08-06T22:25:46:   <meta name="robots" content="NONE,NOARCHIVE">
2026-08-06T22:25:46:   <style>
2026-08-06T22:25:46:     html * { padding:0; margin:0; }
2026-08-06T22:25:46:     body * { padding:10px 20px; }
2026-08-06T22:25:46:     body * * { padding:0; }
2026-08-06T22:25:46:     body { font-family: sans-serif; background:#eee; color:#000; }
2026-08-06T22:25:46:     body > :where(header, main, footer) { border-bottom:1px solid #ddd; }
2026-08-06T22:25:46:     h1 { font-weight:normal; margin-bottom:.4em; }
2026-08-06T22:25:46:     h1 small { font-size:60%; color:#666; font-weight:normal; }
2026-08-06T22:25:46:     table { border:none; border-collapse: collapse; width:100%; }
2026-08-06T22:25:46:     td, th { vertical-align:top; padding:2px 3px; }
2026-08-06T22:25:46:     th { width:12em; text-align:right; color:#666; padding-right:.5em; }
2026-08-06T22:25:46:     #info { background:#f6f6f6; }
2026-08-06T22:25:46:     #info ol { margin: 0.5em 4em; }
2026-08-06T22:25:46:     #info ol li { font-family: monospace; }
2026-08-06T22:25:46:     #summary { background: #ffc; }
2026-08-06T22:25:46:     #explanation { background:#eee; border-bottom: 0px none; }
2026-08-06T22:25:46:     pre.exception_value { font-family: sans-serif; color: #575757; font-size: 1.5em; margin: 10px 0 10px 0; }
2026-08-06T22:25:46:   </style>
2026-08-06T22:25:46: </head>
2026-08-06T22:25:46: <body>
2026-08-06T22:25:46:   <header id="summary">
2026-08-06T22:25:46:     <h1>Page not found <small>(404)</small></h1>
2026-08-06T22:25:46:     
2026-08-06T22:25:46:     <table class="meta">
2026-08-06T22:25:46:       <tr>
2026-08-06T22:25:46:         <th scope="row">Request Method:</th>
2026-08-06T22:25:46:         <td>GET</td>
2026-08-06T22:25:46:       </tr>
2026-08-06T22:25:46:       <tr>
2026-08-06T22:25:46:         <th scope="row">Request URL:</th>
2026-08-06T22:25:46:         <td>https://system.gecogames.com/api/v1/testusers/me/</td>
2026-08-06T22:25:46:       </tr>
2026-08-06T22:25:46:       
2026-08-06T22:25:46:     </table>
2026-08-06T22:25:46:   </header>
2026-08-06T22:25:46: 
2026-08-06T22:25:46:   <main id="info">
2026-08-06T22:25:46:     
2026-08-06T22:25:46:       <p>
2026-08-06T22:25:46:       Using the URLconf defined in <code>system.urls</code>,
2026-08-06T22:25:46:       Django tried these URL patterns, in this order:
2026-08-06T22:25:46:       </p>
2026-08-06T22:25:46:       <ol>
2026-08-06T22:25:46:         
2026-08-06T22:25:46:           <li>
2026-08-06T22:25:46:             
2026-08-06T22:25:46:               <code>
2026-08-06T22:25:46:                 admin/
2026-08-06T22:25:46:                 
2026-08-06T22:25:46:               </code>
2026-08-06T22:25:46:             
2026-08-06T22:25:46:           </li>
2026-08-06T22:25:46:         
2026-08-06T22:25:46:           <li>
2026-08-06T22:25:46:             
2026-08-06T22:25:46:               <code>
2026-08-06T22:25:46:                 api/v1/test/
2026-08-06T22:25:46:                 
2026-08-06T22:25:46:               </code>
2026-08-06T22:25:46:             
2026-08-06T22:25:46:           </li>
2026-08-06T22:25:46:         
2026-08-06T22:25:46:           <li>
2026-08-06T22:25:46:             
2026-08-06T22:25:46:               <code>
2026-08-06T22:25:46:                 ^media/(?P&lt;path&gt;.*)$
2026-08-06T22:25:46:                 
2026-08-06T22:25:46:               </code>
2026-08-06T22:25:46:             
2026-08-06T22:25:46:           </li>
2026-08-06T22:25:46:         
2026-08-06T22:25:46:       </ol>
2026-08-06T22:25:46:       <p>
2026-08-06T22:25:46:         
2026-08-06T22:25:46:           The current path, <code>api/v1/testusers/me/</code>,
2026-08-06T22:25:46:         
2026-08-06T22:25:46:         didn’t match any of these.
2026-08-06T22:25:46:       </p>
2026-08-06T22:25:46:     
2026-08-06T22:25:46:   </main>
2026-08-06T22:25:46: 
2026-08-06T22:25:46:   <footer id="explanation">
2026-08-06T22:25:46:     <p>
2026-08-06T22:25:46:       You’re seeing this error because you have <code>DEBUG = True</code> in
2026-08-06T22:25:46:       your Django settings file. Change that to <code>False</code>, and Django
2026-08-06T22:25:46:       will display a standard 404 page.
2026-08-06T22:25:46:     </p>
2026-08-06T22:25:46:   </footer>
2026-08-06T22:25:46: </body>
2026-08-06T22:25:46: </html>
2026-08-06T22:25:46: 
2026-08-06T22:25:47: Current user API route called
2026-08-06T22:25:47: Auth header present: true
2026-08-06T22:25:47: Making request to backend: https://system.gecogames.com/api/v1/testusers/me/
2026-08-06T22:25:47: Backend response status: 404
2026-08-06T22:25:47: Backend response ok: false
2026-08-06T22:25:47: Backend error response: <!DOCTYPE html>
2026-08-06T22:25:47: <html lang="en">
2026-08-06T22:25:47: <head>
2026-08-06T22:25:47:   <meta http-equiv="content-type" content="text/html; charset=utf-8">
2026-08-06T22:25:47:   <title>Page not found at /api/v1/testusers/me/</title>
2026-08-06T22:25:47:   <meta name="robots" content="NONE,NOARCHIVE">
2026-08-06T22:25:47:   <style>
2026-08-06T22:25:47:     html * { padding:0; margin:0; }
2026-08-06T22:25:47:     body * { padding:10px 20px; }
2026-08-06T22:25:47:     body * * { padding:0; }
2026-08-06T22:25:47:     body { font-family: sans-serif; background:#eee; color:#000; }
2026-08-06T22:25:47:     body > :where(header, main, footer) { border-bottom:1px solid #ddd; }
2026-08-06T22:25:47:     h1 { font-weight:normal; margin-bottom:.4em; }
2026-08-06T22:25:47:     h1 small { font-size:60%; color:#666; font-weight:normal; }
2026-08-06T22:25:47:     table { border:none; border-collapse: collapse; width:100%; }
2026-08-06T22:25:47:     td, th { vertical-align:top; padding:2px 3px; }
2026-08-06T22:25:47:     th { width:12em; text-align:right; color:#666; padding-right:.5em; }
2026-08-06T22:25:47:     #info { background:#f6f6f6; }
2026-08-06T22:25:47:     #info ol { margin: 0.5em 4em; }
2026-08-06T22:25:47:     #info ol li { font-family: monospace; }
2026-08-06T22:25:47:     #summary { background: #ffc; }
2026-08-06T22:25:47:     #explanation { background:#eee; border-bottom: 0px none; }
2026-08-06T22:25:47:     pre.exception_value { font-family: sans-serif; color: #575757; font-size: 1.5em; margin: 10px 0 10px 0; }
2026-08-06T22:25:47:   </style>
2026-08-06T22:25:47: </head>
2026-08-06T22:25:47: <body>
2026-08-06T22:25:47:   <header id="summary">
2026-08-06T22:25:47:     <h1>Page not found <small>(404)</small></h1>
2026-08-06T22:25:47:     
2026-08-06T22:25:47:     <table class="meta">
2026-08-06T22:25:47:       <tr>
2026-08-06T22:25:47:         <th scope="row">Request Method:</th>
2026-08-06T22:25:47:         <td>GET</td>
2026-08-06T22:25:47:       </tr>
2026-08-06T22:25:47:       <tr>
2026-08-06T22:25:47:         <th scope="row">Request URL:</th>
2026-08-06T22:25:47:         <td>https://system.gecogames.com/api/v1/testusers/me/</td>
2026-08-06T22:25:47:       </tr>
2026-08-06T22:25:47:       
2026-08-06T22:25:47:     </table>
2026-08-06T22:25:47:   </header>
2026-08-06T22:25:47: 
2026-08-06T22:25:47:   <main id="info">
2026-08-06T22:25:47:     
2026-08-06T22:25:47:       <p>
2026-08-06T22:25:47:       Using the URLconf defined in <code>system.urls</code>,
2026-08-06T22:25:47:       Django tried these URL patterns, in this order:
2026-08-06T22:25:47:       </p>
2026-08-06T22:25:47:       <ol>
2026-08-06T22:25:47:         
2026-08-06T22:25:47:           <li>
2026-08-06T22:25:47:             
2026-08-06T22:25:47:               <code>
2026-08-06T22:25:47:                 admin/
2026-08-06T22:25:47:                 
2026-08-06T22:25:47:               </code>
2026-08-06T22:25:47:             
2026-08-06T22:25:47:           </li>
2026-08-06T22:25:47:         
2026-08-06T22:25:47:           <li>
2026-08-06T22:25:47:             
2026-08-06T22:25:47:               <code>
2026-08-06T22:25:47:                 api/v1/test/
2026-08-06T22:25:47:                 
2026-08-06T22:25:47:               </code>
2026-08-06T22:25:47:             
2026-08-06T22:25:47:           </li>
2026-08-06T22:25:47:         
2026-08-06T22:25:47:           <li>
2026-08-06T22:25:47:             
2026-08-06T22:25:47:               <code>
2026-08-06T22:25:47:                 ^media/(?P&lt;path&gt;.*)$
2026-08-06T22:25:47:                 
2026-08-06T22:25:47:               </code>
2026-08-06T22:25:47:             
2026-08-06T22:25:47:           </li>
2026-08-06T22:25:47:         
2026-08-06T22:25:47:       </ol>
2026-08-06T22:25:47:       <p>
2026-08-06T22:25:47:         
2026-08-06T22:25:47:           The current path, <code>api/v1/testusers/me/</code>,
2026-08-06T22:25:47:         
2026-08-06T22:25:47:         didn’t match any of these.
2026-08-06T22:25:47:       </p>
2026-08-06T22:25:47:     
2026-08-06T22:25:47:   </main>
2026-08-06T22:25:47: 
2026-08-06T22:25:47:   <footer id="explanation">
2026-08-06T22:25:47:     <p>
2026-08-06T22:25:47:       You’re seeing this error because you have <code>DEBUG = True</code> in
2026-08-06T22:25:47:       your Django settings file. Change that to <code>False</code>, and Django
2026-08-06T22:25:47:       will display a standard 404 page.
2026-08-06T22:25:47:     </p>
2026-08-06T22:25:47:   </footer>
2026-08-06T22:25:47: </body>
2026-08-06T22:25:47: </html>
2026-08-06T22:25:47: 
2026-08-06T22:25:47: Current user API route called
2026-08-06T22:25:47: Auth header present: true
2026-08-06T22:25:47: Making request to backend: https://system.gecogames.com/api/v1/testusers/me/
2026-08-06T22:25:47: Backend response status: 404
2026-08-06T22:25:47: Backend response ok: false
2026-08-06T22:25:47: Backend error response: <!DOCTYPE html>
2026-08-06T22:25:47: <html lang="en">
2026-08-06T22:25:47: <head>
2026-08-06T22:25:47:   <meta http-equiv="content-type" content="text/html; charset=utf-8">
2026-08-06T22:25:47:   <title>Page not found at /api/v1/testusers/me/</title>
2026-08-06T22:25:47:   <meta name="robots" content="NONE,NOARCHIVE">
2026-08-06T22:25:47:   <style>
2026-08-06T22:25:47:     html * { padding:0; margin:0; }
2026-08-06T22:25:47:     body * { padding:10px 20px; }
2026-08-06T22:25:47:     body * * { padding:0; }
2026-08-06T22:25:47:     body { font-family: sans-serif; background:#eee; color:#000; }
2026-08-06T22:25:47:     body > :where(header, main, footer) { border-bottom:1px solid #ddd; }
2026-08-06T22:25:47:     h1 { font-weight:normal; margin-bottom:.4em; }
2026-08-06T22:25:47:     h1 small { font-size:60%; color:#666; font-weight:normal; }
2026-08-06T22:25:47:     table { border:none; border-collapse: collapse; width:100%; }
2026-08-06T22:25:47:     td, th { vertical-align:top; padding:2px 3px; }
2026-08-06T22:25:47:     th { width:12em; text-align:right; color:#666; padding-right:.5em; }
2026-08-06T22:25:47:     #info { background:#f6f6f6; }
2026-08-06T22:25:47:     #info ol { margin: 0.5em 4em; }
2026-08-06T22:25:47:     #info ol li { font-family: monospace; }
2026-08-06T22:25:47:     #summary { background: #ffc; }
2026-08-06T22:25:47:     #explanation { background:#eee; border-bottom: 0px none; }
2026-08-06T22:25:47:     pre.exception_value { font-family: sans-serif; color: #575757; font-size: 1.5em; margin: 10px 0 10px 0; }
2026-08-06T22:25:47:   </style>
2026-08-06T22:25:47: </head>
2026-08-06T22:25:47: <body>
2026-08-06T22:25:47:   <header id="summary">
2026-08-06T22:25:47:     <h1>Page not found <small>(404)</small></h1>
2026-08-06T22:25:47:     
2026-08-06T22:25:47:     <table class="meta">
2026-08-06T22:25:47:       <tr>
2026-08-06T22:25:47:         <th scope="row">Request Method:</th>
2026-08-06T22:25:47:         <td>GET</td>
2026-08-06T22:25:47:       </tr>
2026-08-06T22:25:47:       <tr>
2026-08-06T22:25:47:         <th scope="row">Request URL:</th>
2026-08-06T22:25:47:         <td>https://system.gecogames.com/api/v1/testusers/me/</td>
2026-08-06T22:25:47:       </tr>
2026-08-06T22:25:47:       
2026-08-06T22:25:47:     </table>
2026-08-06T22:25:47:   </header>
2026-08-06T22:25:47: 
2026-08-06T22:25:47:   <main id="info">
2026-08-06T22:25:47:     
2026-08-06T22:25:47:       <p>
2026-08-06T22:25:47:       Using the URLconf defined in <code>system.urls</code>,
2026-08-06T22:25:47:       Django tried these URL patterns, in this order:
2026-08-06T22:25:47:       </p>
2026-08-06T22:25:47:       <ol>
2026-08-06T22:25:47:         
2026-08-06T22:25:47:           <li>
2026-08-06T22:25:47:             
2026-08-06T22:25:47:               <code>
2026-08-06T22:25:47:                 admin/
2026-08-06T22:25:47:                 
2026-08-06T22:25:47:               </code>
2026-08-06T22:25:47:             
2026-08-06T22:25:47:           </li>
2026-08-06T22:25:47:         
2026-08-06T22:25:47:           <li>
2026-08-06T22:25:47:             
2026-08-06T22:25:47:               <code>
2026-08-06T22:25:47:                 api/v1/test/
2026-08-06T22:25:47:                 
2026-08-06T22:25:47:               </code>
2026-08-06T22:25:47:             
2026-08-06T22:25:47:           </li>
2026-08-06T22:25:47:         
2026-08-06T22:25:47:           <li>
2026-08-06T22:25:47:             
2026-08-06T22:25:47:               <code>
2026-08-06T22:25:47:                 ^media/(?P&lt;path&gt;.*)$
2026-08-06T22:25:47:                 
2026-08-06T22:25:47:               </code>
2026-08-06T22:25:47:             
2026-08-06T22:25:47:           </li>
2026-08-06T22:25:47:         
2026-08-06T22:25:47:       </ol>
2026-08-06T22:25:47:       <p>
2026-08-06T22:25:47:         
2026-08-06T22:25:47:           The current path, <code>api/v1/testusers/me/</code>,
2026-08-06T22:25:47:         
2026-08-06T22:25:47:         didn’t match any of these.
2026-08-06T22:25:47:       </p>
2026-08-06T22:25:47:     
2026-08-06T22:25:47:   </main>
2026-08-06T22:25:47: 
2026-08-06T22:25:47:   <footer id="explanation">
2026-08-06T22:25:47:     <p>
2026-08-06T22:25:47:       You’re seeing this error because you have <code>DEBUG = True</code> in
2026-08-06T22:25:47:       your Django settings file. Change that to <code>False</code>, and Django
2026-08-06T22:25:47:       will display a standard 404 page.
2026-08-06T22:25:47:     </p>
2026-08-06T22:25:47:   </footer>
2026-08-06T22:25:47: </body>
2026-08-06T22:25:47: </html>
2026-08-06T22:25:47: 
2026-08-06T22:25:47: Current user API route called
2026-08-06T22:25:47: Auth header present: false
2026-08-06T22:25:47: No auth header found
2026-08-06T22:25:48: Current user API route called
2026-08-06T22:25:48: Auth header present: false
2026-08-06T22:25:48: No auth header found
2026-08-06T22:25:49: Current user API route called
2026-08-06T22:25:49: Auth header present: false
2026-08-06T22:25:49: No auth header found
2026-08-06T22:25:49: Current user API route called
2026-08-06T22:25:49: Auth header present: false
2026-08-06T22:25:49: No auth header found
2026-08-06T22:25:50: Current user API route called
2026-08-06T22:25:50: Auth header present: false
2026-08-06T22:25:50: No auth header found
2026-08-13T18:52:24:    ▲ Next.js 15.5.7
2026-08-13T18:52:24:    - Local:        http://localhost:3000
2026-08-13T18:52:24:    - Network:      http://46.4.218.149:3000
2026-08-13T18:52:24: 
2026-08-13T18:52:24:  ✓ Starting...
2026-08-13T18:52:24:  ✓ Ready in 344ms
2026-08-13T18:52:24: API_BASE_URL: https://system.gecogames.com/api/v1/test
2026-08-13T20:35:34:    ▲ Next.js 15.5.7
2026-08-13T20:35:34:    - Local:        http://localhost:3000
2026-08-13T20:35:34:    - Network:      http://46.4.218.149:3000
2026-08-13T20:35:34: 
2026-08-13T20:35:34:  ✓ Starting...
2026-08-13T20:35:35:  ✓ Ready in 334ms
2026-08-13T20:35:35: API_BASE_URL: https://system.gecogames.com/api/v1/test
2026-08-15T07:18:22:    ▲ Next.js 15.5.7
2026-08-15T07:18:22:    - Local:        http://localhost:3000
2026-08-15T07:18:22:    - Network:      http://46.4.218.149:3000
2026-08-15T07:18:22: 
2026-08-15T07:18:22:  ✓ Starting...
2026-08-15T07:18:22:  ✓ Ready in 211ms
2026-08-15T07:18:22: API_BASE_URL: https://system.gecogames.com/api/v1/test
2026-08-15T07:30:10:    ▲ Next.js 15.5.7
2026-08-15T07:30:10:    - Local:        http://localhost:3000
2026-08-15T07:30:10:    - Network:      http://46.4.218.149:3000
2026-08-15T07:30:10: 
2026-08-15T07:30:10:  ✓ Starting...
2026-08-15T07:30:10:  ✓ Ready in 208ms
2026-08-15T07:30:10: API_BASE_URL: https://system.gecogames.com/api/v1/test
2026-08-15T07:59:43:    ▲ Next.js 15.5.7
2026-08-15T07:59:43:    - Local:        http://localhost:3000
2026-08-15T07:59:43:    - Network:      http://46.4.218.149:3000
2026-08-15T07:59:43: 
2026-08-15T07:59:43:  ✓ Starting...
2026-08-15T07:59:43:  ✓ Ready in 198ms
2026-08-15T07:59:43: API_BASE_URL: https://system.gecogames.com/api/v1/test
2026-08-15T08:08:34:    ▲ Next.js 15.5.7
2026-08-15T08:08:34:    - Local:        http://localhost:3000
2026-08-15T08:08:34:    - Network:      http://46.4.218.149:3000
2026-08-15T08:08:34: 
2026-08-15T08:08:34:  ✓ Starting...
2026-08-15T08:08:34:  ✓ Ready in 196ms
2026-08-15T08:08:34: API_BASE_URL: https://system.gecogames.com/api/v1/test
2026-08-15T08:11:22: Proxying GET https://system.gecogames.com/api/v1/test/developer/games/
2026-08-15T08:11:22: Proxy request headers: {
2026-08-15T08:11:22:   accept: '*/*',
2026-08-15T08:11:22:   'accept-encoding': 'gzip, deflate, br, zstd',
2026-08-15T08:11:22:   'accept-language': 'en-US,en;q=0.9',
2026-08-15T08:11:22:   authorization: 'REDACTED',
2026-08-15T08:11:22:   connection: 'upgrade',
2026-08-15T08:11:22:   'content-type': 'application/json',
2026-08-15T08:11:22:   cookie: '_ga=GA1.1.1278216573.1778155820; _ga_W16XPX21V7=GS2.1.s1786778320$o106$g1$t1786781478$j46$l0$h0',
2026-08-15T08:11:22:   host: 'gecogames.com',
2026-08-15T08:11:22:   referer: 'https://gecogames.com/developer/communities',
2026-08-15T08:11:22:   'sec-ch-ua': '"Not;A=Brand";v="8", "Chromium";v="150", "Google Chrome";v="150"',
2026-08-15T08:11:22:   'sec-ch-ua-mobile': '?0',
2026-08-15T08:11:22:   'sec-ch-ua-platform': '"macOS"',
2026-08-15T08:11:22:   'sec-fetch-dest': 'empty',
2026-08-15T08:11:22:   'sec-fetch-mode': 'cors',
2026-08-15T08:11:22:   'sec-fetch-site': 'same-origin',
2026-08-15T08:11:22:   'user-agent': 'Mozilla/5.0 (Macintosh; Intel Mac OS X 10_15_7) AppleWebKit/537.36 (KHTML, like Gecko) Chrome/150.0.0.0 Safari/537.36',
2026-08-15T08:11:22:   'x-forwarded-for': '102.212.181.19',
2026-08-15T08:11:22:   'x-forwarded-host': 'gecogames.com',
2026-08-15T08:11:22:   'x-forwarded-port': '3000',
2026-08-15T08:11:22:   'x-forwarded-proto': 'https',
2026-08-15T08:11:22:   'x-real-ip': '102.212.181.19'
2026-08-15T08:11:22: }
2026-08-15T08:11:22: Proxying GET https://system.gecogames.com/api/v1/test/developer/communities/
2026-08-15T08:11:22: Proxy request headers: {
2026-08-15T08:11:22:   accept: '*/*',
2026-08-15T08:11:22:   'accept-encoding': 'gzip, deflate, br, zstd',
2026-08-15T08:11:22:   'accept-language': 'en-US,en;q=0.9',
2026-08-15T08:11:22:   authorization: 'REDACTED',
2026-08-15T08:11:22:   connection: 'upgrade',
2026-08-15T08:11:22:   'content-type': 'application/json',
2026-08-15T08:11:22:   cookie: '_ga=GA1.1.1278216573.1778155820; _ga_W16XPX21V7=GS2.1.s1786778320$o106$g1$t1786781478$j46$l0$h0',
2026-08-15T08:11:22:   host: 'gecogames.com',
2026-08-15T08:11:22:   referer: 'https://gecogames.com/developer/communities',
2026-08-15T08:11:22:   'sec-ch-ua': '"Not;A=Brand";v="8", "Chromium";v="150", "Google Chrome";v="150"',
2026-08-15T08:11:22:   'sec-ch-ua-mobile': '?0',
2026-08-15T08:11:22:   'sec-ch-ua-platform': '"macOS"',
2026-08-15T08:11:22:   'sec-fetch-dest': 'empty',
2026-08-15T08:11:22:   'sec-fetch-mode': 'cors',
2026-08-15T08:11:22:   'sec-fetch-site': 'same-origin',
2026-08-15T08:11:22:   'user-agent': 'Mozilla/5.0 (Macintosh; Intel Mac OS X 10_15_7) AppleWebKit/537.36 (KHTML, like Gecko) Chrome/150.0.0.0 Safari/537.36',
2026-08-15T08:11:22:   'x-forwarded-for': '102.212.181.19',
2026-08-15T08:11:22:   'x-forwarded-host': 'gecogames.com',
2026-08-15T08:11:22:   'x-forwarded-port': '3000',
2026-08-15T08:11:22:   'x-forwarded-proto': 'https',
2026-08-15T08:11:22:   'x-real-ip': '102.212.181.19'
2026-08-15T08:11:22: }
2026-08-15T08:11:23: Proxying GET https://system.gecogames.com/api/v1/test/developer/community-members/
2026-08-15T08:11:23: Proxy request headers: {
2026-08-15T08:11:23:   accept: '*/*',
2026-08-15T08:11:23:   'accept-encoding': 'gzip, deflate, br, zstd',
2026-08-15T08:11:23:   'accept-language': 'en-US,en;q=0.9',
2026-08-15T08:11:23:   authorization: 'REDACTED',
2026-08-15T08:11:23:   connection: 'upgrade',
2026-08-15T08:11:23:   'content-type': 'application/json',
2026-08-15T08:11:23:   cookie: '_ga=GA1.1.1278216573.1778155820; _ga_W16XPX21V7=GS2.1.s1786778320$o106$g1$t1786781478$j46$l0$h0',
2026-08-15T08:11:23:   host: 'gecogames.com',
2026-08-15T08:11:23:   referer: 'https://gecogames.com/developer/communities',
2026-08-15T08:11:23:   'sec-ch-ua': '"Not;A=Brand";v="8", "Chromium";v="150", "Google Chrome";v="150"',
2026-08-15T08:11:23:   'sec-ch-ua-mobile': '?0',
2026-08-15T08:11:23:   'sec-ch-ua-platform': '"macOS"',
2026-08-15T08:11:23:   'sec-fetch-dest': 'empty',
2026-08-15T08:11:23:   'sec-fetch-mode': 'cors',
2026-08-15T08:11:23:   'sec-fetch-site': 'same-origin',
2026-08-15T08:11:23:   'user-agent': 'Mozilla/5.0 (Macintosh; Intel Mac OS X 10_15_7) AppleWebKit/537.36 (KHTML, like Gecko) Chrome/150.0.0.0 Safari/537.36',
2026-08-15T08:11:23:   'x-forwarded-for': '102.212.181.19',
2026-08-15T08:11:23:   'x-forwarded-host': 'gecogames.com',
2026-08-15T08:11:23:   'x-forwarded-port': '3000',
2026-08-15T08:11:23:   'x-forwarded-proto': 'https',
2026-08-15T08:11:23:   'x-real-ip': '102.212.181.19'
2026-08-15T08:11:23: }
2026-08-15T08:11:23: Proxying GET https://system.gecogames.com/api/v1/test/developer/stores/
2026-08-15T08:11:23: Proxy request headers: {
2026-08-15T08:11:23:   accept: '*/*',
2026-08-15T08:11:23:   'accept-encoding': 'gzip, deflate, br, zstd',
2026-08-15T08:11:23:   'accept-language': 'en-US,en;q=0.9',
2026-08-15T08:11:23:   authorization: 'REDACTED',
2026-08-15T08:11:23:   connection: 'upgrade',
2026-08-15T08:11:23:   'content-type': 'application/json',
2026-08-15T08:11:23:   cookie: '_ga=GA1.1.1278216573.1778155820; _ga_W16XPX21V7=GS2.1.s1786778320$o106$g1$t1786781478$j46$l0$h0',
2026-08-15T08:11:23:   host: 'gecogames.com',
2026-08-15T08:11:23:   referer: 'https://gecogames.com/developer/stores',
2026-08-15T08:11:23:   'sec-ch-ua': '"Not;A=Brand";v="8", "Chromium";v="150", "Google Chrome";v="150"',
2026-08-15T08:11:23:   'sec-ch-ua-mobile': '?0',
2026-08-15T08:11:23:   'sec-ch-ua-platform': '"macOS"',
2026-08-15T08:11:23:   'sec-fetch-dest': 'empty',
2026-08-15T08:11:23:   'sec-fetch-mode': 'cors',
2026-08-15T08:11:23:   'sec-fetch-site': 'same-origin',
2026-08-15T08:11:23:   'user-agent': 'Mozilla/5.0 (Macintosh; Intel Mac OS X 10_15_7) AppleWebKit/537.36 (KHTML, like Gecko) Chrome/150.0.0.0 Safari/537.36',
2026-08-15T08:11:23:   'x-forwarded-for': '102.212.181.19',
2026-08-15T08:11:23:   'x-forwarded-host': 'gecogames.com',
2026-08-15T08:11:23:   'x-forwarded-port': '3000',
2026-08-15T08:11:23:   'x-forwarded-proto': 'https',
2026-08-15T08:11:23:   'x-real-ip': '102.212.181.19'
2026-08-15T08:11:23: }
2026-08-15T08:11:23: Proxying GET https://system.gecogames.com/api/v1/test/developer/games/
2026-08-15T08:11:23: Proxy request headers: {
2026-08-15T08:11:23:   accept: '*/*',
2026-08-15T08:11:23:   'accept-encoding': 'gzip, deflate, br, zstd',
2026-08-15T08:11:23:   'accept-language': 'en-US,en;q=0.9',
2026-08-15T08:11:23:   authorization: 'REDACTED',
2026-08-15T08:11:23:   connection: 'upgrade',
2026-08-15T08:11:23:   'content-type': 'application/json',
2026-08-15T08:11:23:   cookie: '_ga=GA1.1.1278216573.1778155820; _ga_W16XPX21V7=GS2.1.s1786778320$o106$g1$t1786781478$j46$l0$h0',
2026-08-15T08:11:23:   host: 'gecogames.com',
2026-08-15T08:11:23:   referer: 'https://gecogames.com/developer/stores',
2026-08-15T08:11:23:   'sec-ch-ua': '"Not;A=Brand";v="8", "Chromium";v="150", "Google Chrome";v="150"',
2026-08-15T08:11:23:   'sec-ch-ua-mobile': '?0',
2026-08-15T08:11:23:   'sec-ch-ua-platform': '"macOS"',
2026-08-15T08:11:23:   'sec-fetch-dest': 'empty',
2026-08-15T08:11:23:   'sec-fetch-mode': 'cors',
2026-08-15T08:11:23:   'sec-fetch-site': 'same-origin',
2026-08-15T08:11:23:   'user-agent': 'Mozilla/5.0 (Macintosh; Intel Mac OS X 10_15_7) AppleWebKit/537.36 (KHTML, like Gecko) Chrome/150.0.0.0 Safari/537.36',
2026-08-15T08:11:23:   'x-forwarded-for': '102.212.181.19',
2026-08-15T08:11:23:   'x-forwarded-host': 'gecogames.com',
2026-08-15T08:11:23:   'x-forwarded-port': '3000',
2026-08-15T08:11:23:   'x-forwarded-proto': 'https',
2026-08-15T08:11:23:   'x-real-ip': '102.212.181.19'
2026-08-15T08:11:23: }
2026-08-15T08:45:17:    ▲ Next.js 15.5.7
2026-08-15T08:45:17:    - Local:        http://localhost:3000
2026-08-15T08:45:17:    - Network:      http://46.4.218.149:3000
2026-08-15T08:45:17: 
2026-08-15T08:45:17:  ✓ Starting...
2026-08-15T08:45:17:  ✓ Ready in 198ms
2026-08-15T08:45:17: API_BASE_URL: https://system.gecogames.com/api/v1/test
2026-08-15T08:51:06: User API route called with params: Promise {
2026-08-15T08:51:06:   { id: '*' },
2026-08-15T08:51:06:   id: '*',
2026-08-15T08:51:06:   [Symbol(async_id_symbol)]: 44924,
2026-08-15T08:51:06:   [Symbol(trigger_async_id_symbol)]: 44916,
2026-08-15T08:51:06:   [Symbol(kResourceStore)]: {
2026-08-15T08:51:06:     isStaticGeneration: false,
2026-08-15T08:51:06:     page: '/api/users/[id]/route',
2026-08-15T08:51:06:     route: '/api/users/[id]',
2026-08-15T08:51:06:     incrementalCache: IncrementalCache {
2026-08-15T08:51:06:       locks: Map(0) {},
2026-08-15T08:51:06:       hasCustomCacheHandler: false,
2026-08-15T08:51:06:       dev: false,
2026-08-15T08:51:06:       disableForTestmode: false,
2026-08-15T08:51:06:       minimalMode: false,
2026-08-15T08:51:06:       requestHeaders: [Object],
2026-08-15T08:51:06:       allowedRevalidateHeaderKeys: undefined,
2026-08-15T08:51:06:       prerenderManifest: [Object],
2026-08-15T08:51:06:       cacheControls: [SharedCacheControls],
2026-08-15T08:51:06:       fetchCacheKeyPrefix: '',
2026-08-15T08:51:06:       cacheHandler: [FileSystemCache]
2026-08-15T08:51:06:     },
2026-08-15T08:51:06:     cacheLifeProfiles: {
2026-08-15T08:51:06:       default: [Object],
2026-08-15T08:51:06:       seconds: [Object],
2026-08-15T08:51:06:       minutes: [Object],
2026-08-15T08:51:06:       hours: [Object],
2026-08-15T08:51:06:       days: [Object],
2026-08-15T08:51:06:       weeks: [Object],
2026-08-15T08:51:06:       max: [Object]
2026-08-15T08:51:06:     },
2026-08-15T08:51:06:     isRevalidate: false,
2026-08-15T08:51:06:     isBuildTimePrerendering: undefined,
2026-08-15T08:51:06:     hasReadableErrorStacks: undefined,
2026-08-15T08:51:06:     fetchCache: undefined,
2026-08-15T08:51:06:     isOnDemandRevalidate: undefined,
2026-08-15T08:51:06:     isDraftMode: undefined,
2026-08-15T08:51:06:     isPrefetchRequest: undefined,
2026-08-15T08:51:06:     buildId: '89fsz1xk97F-60mRPHr-U',
2026-08-15T08:51:06:     reactLoadableManifest: {},
2026-08-15T08:51:06:     assetPrefix: '',
2026-08-15T08:51:06:     afterContext: tO {
2026-08-15T08:51:06:       workUnitStores: Set(0) {},
2026-08-15T08:51:06:       waitUntil: [Function (anonymous)],
2026-08-15T08:51:06:       onClose: [Function: onClose],
2026-08-15T08:51:06:       onTaskError: undefined,
2026-08-15T08:51:06:       callbackQueue: [o]
2026-08-15T08:51:06:     },
2026-08-15T08:51:06:     cacheComponentsEnabled: false,
2026-08-15T08:51:06:     dev: false,
2026-08-15T08:51:06:     previouslyRevalidatedTags: [],
2026-08-15T08:51:06:     refreshTagsByCacheKind: Map(2) { 'default' => [Object], 'remote' => [Object] },
2026-08-15T08:51:06:     runInCleanSnapshot: [Function: bound] { asyncResource: [Getter/Setter] },
2026-08-15T08:51:06:     shouldTrackFetchMetrics: false
2026-08-15T08:51:06:   },
2026-08-15T08:51:06:   [Symbol(kResourceStore)]: { isAppRoute: true, isAction: false },
2026-08-15T08:51:06:   [Symbol(kResourceStore)]: {
2026-08-15T08:51:06:     type: 'request',
2026-08-15T08:51:06:     phase: 'action',
2026-08-15T08:51:06:     implicitTags: { tags: [Array], expirationsByCacheKind: [Map] },
2026-08-15T08:51:06:     url: { pathname: '/api/users/*', search: '' },
2026-08-15T08:51:06:     rootParams: {},
2026-08-15T08:51:06:     headers: [Getter],
2026-08-15T08:51:06:     cookies: [Getter/Setter],
2026-08-15T08:51:06:     mutableCookies: [Getter],
2026-08-15T08:51:06:     userspaceMutableCookies: [Getter],
2026-08-15T08:51:06:     draftMode: [Getter],
2026-08-15T08:51:06:     renderResumeDataCache: null,
2026-08-15T08:51:06:     isHmrRefresh: false,
2026-08-15T08:51:06:     serverComponentsHmrCache: undefined,
2026-08-15T08:51:06:     devFallbackParams: null
2026-08-15T08:51:06:   }
2026-08-15T08:51:06: }
2026-08-15T08:51:06: Auth header present: false
2026-08-15T08:51:06: No auth header found
2026-08-15T15:36:53:    ▲ Next.js 15.5.7
2026-08-15T15:36:53:    - Local:        http://localhost:3000
2026-08-15T15:36:53:    - Network:      http://46.4.218.149:3000
2026-08-15T15:36:53: 
2026-08-15T15:36:53:  ✓ Starting...
2026-08-15T15:36:53:  ✓ Ready in 202ms
2026-08-15T15:36:53: API_BASE_URL: https://system.gecogames.com/api/v1/test
2026-08-16T03:48:26: User API route called with params: Promise {
2026-08-16T03:48:26:   { id: '*' },
2026-08-16T03:48:26:   id: '*',
2026-08-16T03:48:26:   [Symbol(async_id_symbol)]: 1372715,
2026-08-16T03:48:26:   [Symbol(trigger_async_id_symbol)]: 1372707,
2026-08-16T03:48:26:   [Symbol(kResourceStore)]: {
2026-08-16T03:48:26:     isStaticGeneration: false,
2026-08-16T03:48:26:     page: '/api/users/[id]/route',
2026-08-16T03:48:26:     route: '/api/users/[id]',
2026-08-16T03:48:26:     incrementalCache: IncrementalCache {
2026-08-16T03:48:26:       locks: Map(0) {},
2026-08-16T03:48:26:       hasCustomCacheHandler: false,
2026-08-16T03:48:26:       dev: false,
2026-08-16T03:48:26:       disableForTestmode: false,
2026-08-16T03:48:26:       minimalMode: false,
2026-08-16T03:48:26:       requestHeaders: [Object],
2026-08-16T03:48:26:       allowedRevalidateHeaderKeys: undefined,
2026-08-16T03:48:26:       prerenderManifest: [Object],
2026-08-16T03:48:26:       cacheControls: [SharedCacheControls],
2026-08-16T03:48:26:       fetchCacheKeyPrefix: '',
2026-08-16T03:48:26:       cacheHandler: [FileSystemCache]
2026-08-16T03:48:26:     },
2026-08-16T03:48:26:     cacheLifeProfiles: {
2026-08-16T03:48:26:       default: [Object],
2026-08-16T03:48:26:       seconds: [Object],
2026-08-16T03:48:26:       minutes: [Object],
2026-08-16T03:48:26:       hours: [Object],
2026-08-16T03:48:26:       days: [Object],
2026-08-16T03:48:26:       weeks: [Object],
2026-08-16T03:48:26:       max: [Object]
2026-08-16T03:48:26:     },
2026-08-16T03:48:26:     isRevalidate: false,
2026-08-16T03:48:26:     isBuildTimePrerendering: undefined,
2026-08-16T03:48:26:     hasReadableErrorStacks: undefined,
2026-08-16T03:48:26:     fetchCache: undefined,
2026-08-16T03:48:26:     isOnDemandRevalidate: undefined,
2026-08-16T03:48:26:     isDraftMode: undefined,
2026-08-16T03:48:26:     isPrefetchRequest: undefined,
2026-08-16T03:48:26:     buildId: 'Mk6rSrbiwNvShvVcvhukg',
2026-08-16T03:48:26:     reactLoadableManifest: {},
2026-08-16T03:48:26:     assetPrefix: '',
2026-08-16T03:48:26:     afterContext: tO {
2026-08-16T03:48:26:       workUnitStores: Set(0) {},
2026-08-16T03:48:26:       waitUntil: [Function (anonymous)],
2026-08-16T03:48:26:       onClose: [Function: onClose],
2026-08-16T03:48:26:       onTaskError: undefined,
2026-08-16T03:48:26:       callbackQueue: [o]
2026-08-16T03:48:26:     },
2026-08-16T03:48:26:     cacheComponentsEnabled: false,
2026-08-16T03:48:26:     dev: false,
2026-08-16T03:48:26:     previouslyRevalidatedTags: [],
2026-08-16T03:48:26:     refreshTagsByCacheKind: Map(2) { 'default' => [Object], 'remote' => [Object] },
2026-08-16T03:48:26:     runInCleanSnapshot: [Function: bound] { asyncResource: [Getter/Setter] },
2026-08-16T03:48:26:     shouldTrackFetchMetrics: false
2026-08-16T03:48:26:   },
2026-08-16T03:48:26:   [Symbol(kResourceStore)]: { isAppRoute: true, isAction: false },
2026-08-16T03:48:26:   [Symbol(kResourceStore)]: undefined,
2026-08-16T03:48:26:   [Symbol(kResourceStore)]: undefined,
2026-08-16T03:48:26:   [Symbol(kResourceStore)]: {
2026-08-16T03:48:26:     type: 'request',
2026-08-16T03:48:26:     phase: 'action',
2026-08-16T03:48:26:     implicitTags: { tags: [Array], expirationsByCacheKind: [Map] },
2026-08-16T03:48:26:     url: { pathname: '/api/users/*', search: '' },
2026-08-16T03:48:26:     rootParams: {},
2026-08-16T03:48:26:     headers: [Getter],
2026-08-16T03:48:26:     cookies: [Getter/Setter],
2026-08-16T03:48:26:     mutableCookies: [Getter],
2026-08-16T03:48:26:     userspaceMutableCookies: [Getter],
2026-08-16T03:48:26:     draftMode: [Getter],
2026-08-16T03:48:26:     renderResumeDataCache: null,
2026-08-16T03:48:26:     isHmrRefresh: false,
2026-08-16T03:48:26:     serverComponentsHmrCache: undefined,
2026-08-16T03:48:26:     devFallbackParams: null
2026-08-16T03:48:26:   }
2026-08-16T03:48:26: }
2026-08-16T03:48:26: Auth header present: false
2026-08-16T03:48:26: No auth header found
2026-08-16T21:36:26: User API route called with params: Promise {
2026-08-16T21:36:26:   { id: '*' },
2026-08-16T21:36:26:   id: '*',
2026-08-16T21:36:26:   [Symbol(async_id_symbol)]: 4416273,
2026-08-16T21:36:26:   [Symbol(trigger_async_id_symbol)]: 4416265,
2026-08-16T21:36:26:   [Symbol(kResourceStore)]: {
2026-08-16T21:36:26:     isStaticGeneration: false,
2026-08-16T21:36:26:     page: '/api/users/[id]/route',
2026-08-16T21:36:26:     route: '/api/users/[id]',
2026-08-16T21:36:26:     incrementalCache: IncrementalCache {
2026-08-16T21:36:26:       locks: Map(0) {},
2026-08-16T21:36:26:       hasCustomCacheHandler: false,
2026-08-16T21:36:26:       dev: false,
2026-08-16T21:36:26:       disableForTestmode: false,
2026-08-16T21:36:26:       minimalMode: false,
2026-08-16T21:36:26:       requestHeaders: [Object],
2026-08-16T21:36:26:       allowedRevalidateHeaderKeys: undefined,
2026-08-16T21:36:26:       prerenderManifest: [Object],
2026-08-16T21:36:26:       cacheControls: [SharedCacheControls],
2026-08-16T21:36:26:       fetchCacheKeyPrefix: '',
2026-08-16T21:36:26:       cacheHandler: [FileSystemCache]
2026-08-16T21:36:26:     },
2026-08-16T21:36:26:     cacheLifeProfiles: {
2026-08-16T21:36:26:       default: [Object],
2026-08-16T21:36:26:       seconds: [Object],
2026-08-16T21:36:26:       minutes: [Object],
2026-08-16T21:36:26:       hours: [Object],
2026-08-16T21:36:26:       days: [Object],
2026-08-16T21:36:26:       weeks: [Object],
2026-08-16T21:36:26:       max: [Object]
2026-08-16T21:36:26:     },
2026-08-16T21:36:26:     isRevalidate: false,
2026-08-16T21:36:26:     isBuildTimePrerendering: undefined,
2026-08-16T21:36:26:     hasReadableErrorStacks: undefined,
2026-08-16T21:36:26:     fetchCache: undefined,
2026-08-16T21:36:26:     isOnDemandRevalidate: undefined,
2026-08-16T21:36:26:     isDraftMode: undefined,
2026-08-16T21:36:26:     isPrefetchRequest: undefined,
2026-08-16T21:36:26:     buildId: 'Mk6rSrbiwNvShvVcvhukg',
2026-08-16T21:36:26:     reactLoadableManifest: {},
2026-08-16T21:36:26:     assetPrefix: '',
2026-08-16T21:36:26:     afterContext: tO {
2026-08-16T21:36:26:       workUnitStores: Set(0) {},
2026-08-16T21:36:26:       waitUntil: [Function (anonymous)],
2026-08-16T21:36:26:       onClose: [Function: onClose],
2026-08-16T21:36:26:       onTaskError: undefined,
2026-08-16T21:36:26:       callbackQueue: [o]
2026-08-16T21:36:26:     },
2026-08-16T21:36:26:     cacheComponentsEnabled: false,
2026-08-16T21:36:26:     dev: false,
2026-08-16T21:36:26:     previouslyRevalidatedTags: [],
2026-08-16T21:36:26:     refreshTagsByCacheKind: Map(2) { 'default' => [Object], 'remote' => [Object] },
2026-08-16T21:36:26:     runInCleanSnapshot: [Function: bound] { asyncResource: [Getter/Setter] },
2026-08-16T21:36:26:     shouldTrackFetchMetrics: false
2026-08-16T21:36:26:   },
2026-08-16T21:36:26:   [Symbol(kResourceStore)]: { isAppRoute: true, isAction: false },
2026-08-16T21:36:26:   [Symbol(kResourceStore)]: undefined,
2026-08-16T21:36:26:   [Symbol(kResourceStore)]: undefined,
2026-08-16T21:36:26:   [Symbol(kResourceStore)]: undefined,
2026-08-16T21:36:26:   [Symbol(kResourceStore)]: {
2026-08-16T21:36:26:     type: 'request',
2026-08-16T21:36:26:     phase: 'action',
2026-08-16T21:36:26:     implicitTags: { tags: [Array], expirationsByCacheKind: [Map] },
2026-08-16T21:36:26:     url: { pathname: '/api/users/*', search: '' },
2026-08-16T21:36:26:     rootParams: {},
2026-08-16T21:36:26:     headers: [Getter],
2026-08-16T21:36:26:     cookies: [Getter/Setter],
2026-08-16T21:36:26:     mutableCookies: [Getter],
2026-08-16T21:36:26:     userspaceMutableCookies: [Getter],
2026-08-16T21:36:26:     draftMode: [Getter],
2026-08-16T21:36:26:     renderResumeDataCache: null,
2026-08-16T21:36:26:     isHmrRefresh: false,
2026-08-16T21:36:26:     serverComponentsHmrCache: undefined,
2026-08-16T21:36:26:     devFallbackParams: null
2026-08-16T21:36:26:   }
2026-08-16T21:36:26: }
2026-08-16T21:36:26: Auth header present: false
2026-08-16T21:36:26: No auth header found
2026-08-16T21:36:29: User API route called with params: Promise {
2026-08-16T21:36:29:   { id: '*' },
2026-08-16T21:36:29:   id: '*',
2026-08-16T21:36:29:   [Symbol(async_id_symbol)]: 4552030,
2026-08-16T21:36:29:   [Symbol(trigger_async_id_symbol)]: 4552022,
2026-08-16T21:36:29:   [Symbol(kResourceStore)]: {
2026-08-16T21:36:29:     isStaticGeneration: false,
2026-08-16T21:36:29:     page: '/api/users/[id]/route',
2026-08-16T21:36:29:     route: '/api/users/[id]',
2026-08-16T21:36:29:     incrementalCache: IncrementalCache {
2026-08-16T21:36:29:       locks: Map(0) {},
2026-08-16T21:36:29:       hasCustomCacheHandler: false,
2026-08-16T21:36:29:       dev: false,
2026-08-16T21:36:29:       disableForTestmode: false,
2026-08-16T21:36:29:       minimalMode: false,
2026-08-16T21:36:29:       requestHeaders: [Object],
2026-08-16T21:36:29:       allowedRevalidateHeaderKeys: undefined,
2026-08-16T21:36:29:       prerenderManifest: [Object],
2026-08-16T21:36:29:       cacheControls: [SharedCacheControls],
2026-08-16T21:36:29:       fetchCacheKeyPrefix: '',
2026-08-16T21:36:29:       cacheHandler: [FileSystemCache]
2026-08-16T21:36:29:     },
2026-08-16T21:36:29:     cacheLifeProfiles: {
2026-08-16T21:36:29:       default: [Object],
2026-08-16T21:36:29:       seconds: [Object],
2026-08-16T21:36:29:       minutes: [Object],
2026-08-16T21:36:29:       hours: [Object],
2026-08-16T21:36:29:       days: [Object],
2026-08-16T21:36:29:       weeks: [Object],
2026-08-16T21:36:29:       max: [Object]
2026-08-16T21:36:29:     },
2026-08-16T21:36:29:     isRevalidate: false,
2026-08-16T21:36:29:     isBuildTimePrerendering: undefined,
2026-08-16T21:36:29:     hasReadableErrorStacks: undefined,
2026-08-16T21:36:29:     fetchCache: undefined,
2026-08-16T21:36:29:     isOnDemandRevalidate: undefined,
2026-08-16T21:36:29:     isDraftMode: undefined,
2026-08-16T21:36:29:     isPrefetchRequest: undefined,
2026-08-16T21:36:29:     buildId: 'Mk6rSrbiwNvShvVcvhukg',
2026-08-16T21:36:29:     reactLoadableManifest: {},
2026-08-16T21:36:29:     assetPrefix: '',
2026-08-16T21:36:29:     afterContext: tO {
2026-08-16T21:36:29:       workUnitStores: Set(0) {},
2026-08-16T21:36:29:       waitUntil: [Function (anonymous)],
2026-08-16T21:36:29:       onClose: [Function: onClose],
2026-08-16T21:36:29:       onTaskError: undefined,
2026-08-16T21:36:29:       callbackQueue: [o]
2026-08-16T21:36:29:     },
2026-08-16T21:36:29:     cacheComponentsEnabled: false,
2026-08-16T21:36:29:     dev: false,
2026-08-16T21:36:29:     previouslyRevalidatedTags: [],
2026-08-16T21:36:29:     refreshTagsByCacheKind: Map(2) { 'default' => [Object], 'remote' => [Object] },
2026-08-16T21:36:29:     runInCleanSnapshot: [Function: bound] { asyncResource: [Getter/Setter] },
2026-08-16T21:36:29:     shouldTrackFetchMetrics: false
2026-08-16T21:36:29:   },
2026-08-16T21:36:29:   [Symbol(kResourceStore)]: { isAppRoute: true, isAction: false },
2026-08-16T21:36:29:   [Symbol(kResourceStore)]: undefined,
2026-08-16T21:36:29:   [Symbol(kResourceStore)]: undefined,
2026-08-16T21:36:29:   [Symbol(kResourceStore)]: undefined,
2026-08-16T21:36:29:   [Symbol(kResourceStore)]: {
2026-08-16T21:36:29:     type: 'request',
2026-08-16T21:36:29:     phase: 'action',
2026-08-16T21:36:29:     implicitTags: { tags: [Array], expirationsByCacheKind: [Map] },
2026-08-16T21:36:29:     url: { pathname: '/api/users/*', search: '' },
2026-08-16T21:36:29:     rootParams: {},
2026-08-16T21:36:29:     headers: [Getter],
2026-08-16T21:36:29:     cookies: [Getter/Setter],
2026-08-16T21:36:29:     mutableCookies: [Getter],
2026-08-16T21:36:29:     userspaceMutableCookies: [Getter],
2026-08-16T21:36:29:     draftMode: [Getter],
2026-08-16T21:36:29:     renderResumeDataCache: null,
2026-08-16T21:36:29:     isHmrRefresh: false,
2026-08-16T21:36:29:     serverComponentsHmrCache: undefined,
2026-08-16T21:36:29:     devFallbackParams: null
2026-08-16T21:36:29:   }
2026-08-16T21:36:29: }
2026-08-16T21:36:29: Auth header present: false
2026-08-16T21:36:29: No auth header found
2026-08-16T21:36:34: User API route called with params: Promise {
2026-08-16T21:36:34:   { id: '*' },
2026-08-16T21:36:34:   id: '*',
2026-08-16T21:36:34:   [Symbol(async_id_symbol)]: 4574429,
2026-08-16T21:36:34:   [Symbol(trigger_async_id_symbol)]: 4574421,
2026-08-16T21:36:34:   [Symbol(kResourceStore)]: {
2026-08-16T21:36:34:     isStaticGeneration: false,
2026-08-16T21:36:34:     page: '/api/users/[id]/route',
2026-08-16T21:36:34:     route: '/api/users/[id]',
2026-08-16T21:36:34:     incrementalCache: IncrementalCache {
2026-08-16T21:36:34:       locks: Map(0) {},
2026-08-16T21:36:34:       hasCustomCacheHandler: false,
2026-08-16T21:36:34:       dev: false,
2026-08-16T21:36:34:       disableForTestmode: false,
2026-08-16T21:36:34:       minimalMode: false,
2026-08-16T21:36:34:       requestHeaders: [Object],
2026-08-16T21:36:34:       allowedRevalidateHeaderKeys: undefined,
2026-08-16T21:36:34:       prerenderManifest: [Object],
2026-08-16T21:36:34:       cacheControls: [SharedCacheControls],
2026-08-16T21:36:34:       fetchCacheKeyPrefix: '',
2026-08-16T21:36:34:       cacheHandler: [FileSystemCache]
2026-08-16T21:36:34:     },
2026-08-16T21:36:34:     cacheLifeProfiles: {
2026-08-16T21:36:34:       default: [Object],
2026-08-16T21:36:34:       seconds: [Object],
2026-08-16T21:36:34:       minutes: [Object],
2026-08-16T21:36:34:       hours: [Object],
2026-08-16T21:36:34:       days: [Object],
2026-08-16T21:36:34:       weeks: [Object],
2026-08-16T21:36:34:       max: [Object]
2026-08-16T21:36:34:     },
2026-08-16T21:36:34:     isRevalidate: false,
2026-08-16T21:36:34:     isBuildTimePrerendering: undefined,
2026-08-16T21:36:34:     hasReadableErrorStacks: undefined,
2026-08-16T21:36:34:     fetchCache: undefined,
2026-08-16T21:36:34:     isOnDemandRevalidate: undefined,
2026-08-16T21:36:34:     isDraftMode: undefined,
2026-08-16T21:36:34:     isPrefetchRequest: undefined,
2026-08-16T21:36:34:     buildId: 'Mk6rSrbiwNvShvVcvhukg',
2026-08-16T21:36:34:     reactLoadableManifest: {},
2026-08-16T21:36:34:     assetPrefix: '',
2026-08-16T21:36:34:     afterContext: tO {
2026-08-16T21:36:34:       workUnitStores: Set(0) {},
2026-08-16T21:36:34:       waitUntil: [Function (anonymous)],
2026-08-16T21:36:34:       onClose: [Function: onClose],
2026-08-16T21:36:34:       onTaskError: undefined,
2026-08-16T21:36:34:       callbackQueue: [o]
2026-08-16T21:36:34:     },
2026-08-16T21:36:34:     cacheComponentsEnabled: false,
2026-08-16T21:36:34:     dev: false,
2026-08-16T21:36:34:     previouslyRevalidatedTags: [],
2026-08-16T21:36:34:     refreshTagsByCacheKind: Map(2) { 'default' => [Object], 'remote' => [Object] },
2026-08-16T21:36:34:     runInCleanSnapshot: [Function: bound] { asyncResource: [Getter/Setter] },
2026-08-16T21:36:34:     shouldTrackFetchMetrics: false
2026-08-16T21:36:34:   },
2026-08-16T21:36:34:   [Symbol(kResourceStore)]: { isAppRoute: true, isAction: false },
2026-08-16T21:36:34:   [Symbol(kResourceStore)]: undefined,
2026-08-16T21:36:34:   [Symbol(kResourceStore)]: undefined,
2026-08-16T21:36:34:   [Symbol(kResourceStore)]: undefined,
2026-08-16T21:36:34:   [Symbol(kResourceStore)]: {
2026-08-16T21:36:34:     type: 'request',
2026-08-16T21:36:34:     phase: 'action',
2026-08-16T21:36:34:     implicitTags: { tags: [Array], expirationsByCacheKind: [Map] },
2026-08-16T21:36:34:     url: { pathname: '/api/users/*', search: '' },
2026-08-16T21:36:34:     rootParams: {},
2026-08-16T21:36:34:     headers: [Getter],
2026-08-16T21:36:34:     cookies: [Getter/Setter],
2026-08-16T21:36:34:     mutableCookies: [Getter],
2026-08-16T21:36:34:     userspaceMutableCookies: [Getter],
2026-08-16T21:36:34:     draftMode: [Getter],
2026-08-16T21:36:34:     renderResumeDataCache: null,
2026-08-16T21:36:34:     isHmrRefresh: false,
2026-08-16T21:36:34:     serverComponentsHmrCache: undefined,
2026-08-16T21:36:34:     devFallbackParams: null
2026-08-16T21:36:34:   }
2026-08-16T21:36:34: }
2026-08-16T21:36:34: Auth header present: false
2026-08-16T21:36:34: No auth header found
2026-08-16T21:36:35: User API route called with params: Promise {
2026-08-16T21:36:35:   { id: '*' },
2026-08-16T21:36:35:   id: '*',
2026-08-16T21:36:35:   [Symbol(async_id_symbol)]: 4592044,
2026-08-16T21:36:35:   [Symbol(trigger_async_id_symbol)]: 4592036,
2026-08-16T21:36:35:   [Symbol(kResourceStore)]: {
2026-08-16T21:36:35:     isStaticGeneration: false,
2026-08-16T21:36:35:     page: '/api/users/[id]/route',
2026-08-16T21:36:35:     route: '/api/users/[id]',
2026-08-16T21:36:35:     incrementalCache: IncrementalCache {
2026-08-16T21:36:35:       locks: Map(0) {},
2026-08-16T21:36:35:       hasCustomCacheHandler: false,
2026-08-16T21:36:35:       dev: false,
2026-08-16T21:36:35:       disableForTestmode: false,
2026-08-16T21:36:35:       minimalMode: false,
2026-08-16T21:36:35:       requestHeaders: [Object],
2026-08-16T21:36:35:       allowedRevalidateHeaderKeys: undefined,
2026-08-16T21:36:35:       prerenderManifest: [Object],
2026-08-16T21:36:35:       cacheControls: [SharedCacheControls],
2026-08-16T21:36:35:       fetchCacheKeyPrefix: '',
2026-08-16T21:36:35:       cacheHandler: [FileSystemCache]
2026-08-16T21:36:35:     },
2026-08-16T21:36:35:     cacheLifeProfiles: {
2026-08-16T21:36:35:       default: [Object],
2026-08-16T21:36:35:       seconds: [Object],
2026-08-16T21:36:35:       minutes: [Object],
2026-08-16T21:36:35:       hours: [Object],
2026-08-16T21:36:35:       days: [Object],
2026-08-16T21:36:35:       weeks: [Object],
2026-08-16T21:36:35:       max: [Object]
2026-08-16T21:36:35:     },
2026-08-16T21:36:35:     isRevalidate: false,
2026-08-16T21:36:35:     isBuildTimePrerendering: undefined,
2026-08-16T21:36:35:     hasReadableErrorStacks: undefined,
2026-08-16T21:36:35:     fetchCache: undefined,
2026-08-16T21:36:35:     isOnDemandRevalidate: undefined,
2026-08-16T21:36:35:     isDraftMode: undefined,
2026-08-16T21:36:35:     isPrefetchRequest: undefined,
2026-08-16T21:36:35:     buildId: 'Mk6rSrbiwNvShvVcvhukg',
2026-08-16T21:36:35:     reactLoadableManifest: {},
2026-08-16T21:36:35:     assetPrefix: '',
2026-08-16T21:36:35:     afterContext: tO {
2026-08-16T21:36:35:       workUnitStores: Set(0) {},
2026-08-16T21:36:35:       waitUntil: [Function (anonymous)],
2026-08-16T21:36:35:       onClose: [Function: onClose],
2026-08-16T21:36:35:       onTaskError: undefined,
2026-08-16T21:36:35:       callbackQueue: [o]
2026-08-16T21:36:35:     },
2026-08-16T21:36:35:     cacheComponentsEnabled: false,
2026-08-16T21:36:35:     dev: false,
2026-08-16T21:36:35:     previouslyRevalidatedTags: [],
2026-08-16T21:36:35:     refreshTagsByCacheKind: Map(2) { 'default' => [Object], 'remote' => [Object] },
2026-08-16T21:36:35:     runInCleanSnapshot: [Function: bound] { asyncResource: [Getter/Setter] },
2026-08-16T21:36:35:     shouldTrackFetchMetrics: false
2026-08-16T21:36:35:   },
2026-08-16T21:36:35:   [Symbol(kResourceStore)]: { isAppRoute: true, isAction: false },
2026-08-16T21:36:35:   [Symbol(kResourceStore)]: undefined,
2026-08-16T21:36:35:   [Symbol(kResourceStore)]: undefined,
2026-08-16T21:36:35:   [Symbol(kResourceStore)]: undefined,
2026-08-16T21:36:35:   [Symbol(kResourceStore)]: {
2026-08-16T21:36:35:     type: 'request',
2026-08-16T21:36:35:     phase: 'action',
2026-08-16T21:36:35:     implicitTags: { tags: [Array], expirationsByCacheKind: [Map] },
2026-08-16T21:36:35:     url: { pathname: '/api/users/*', search: '' },
2026-08-16T21:36:35:     rootParams: {},
2026-08-16T21:36:35:     headers: [Getter],
2026-08-16T21:36:35:     cookies: [Getter/Setter],
2026-08-16T21:36:35:     mutableCookies: [Getter],
2026-08-16T21:36:35:     userspaceMutableCookies: [Getter],
2026-08-16T21:36:35:     draftMode: [Getter],
2026-08-16T21:36:35:     renderResumeDataCache: null,
2026-08-16T21:36:35:     isHmrRefresh: false,
2026-08-16T21:36:35:     serverComponentsHmrCache: undefined,
2026-08-16T21:36:35:     devFallbackParams: null
2026-08-16T21:36:35:   }
2026-08-16T21:36:35: }
2026-08-16T21:36:35: Auth header present: false
2026-08-16T21:36:35: No auth header found
2026-08-16T22:20:43: User API route called with params: Promise {
2026-08-16T22:20:43:   { id: '*' },
2026-08-16T22:20:43:   id: '*',
2026-08-16T22:20:43:   [Symbol(async_id_symbol)]: 4842556,
2026-08-16T22:20:43:   [Symbol(trigger_async_id_symbol)]: 4842548,
2026-08-16T22:20:43:   [Symbol(kResourceStore)]: {
2026-08-16T22:20:43:     isStaticGeneration: false,
2026-08-16T22:20:43:     page: '/api/users/[id]/route',
2026-08-16T22:20:43:     route: '/api/users/[id]',
2026-08-16T22:20:43:     incrementalCache: IncrementalCache {
2026-08-16T22:20:43:       locks: Map(0) {},
2026-08-16T22:20:43:       hasCustomCacheHandler: false,
2026-08-16T22:20:43:       dev: false,
2026-08-16T22:20:43:       disableForTestmode: false,
2026-08-16T22:20:43:       minimalMode: false,
2026-08-16T22:20:43:       requestHeaders: [Object],
2026-08-16T22:20:43:       allowedRevalidateHeaderKeys: undefined,
2026-08-16T22:20:43:       prerenderManifest: [Object],
2026-08-16T22:20:43:       cacheControls: [SharedCacheControls],
2026-08-16T22:20:43:       fetchCacheKeyPrefix: '',
2026-08-16T22:20:43:       cacheHandler: [FileSystemCache]
2026-08-16T22:20:43:     },
2026-08-16T22:20:43:     cacheLifeProfiles: {
2026-08-16T22:20:43:       default: [Object],
2026-08-16T22:20:43:       seconds: [Object],
2026-08-16T22:20:43:       minutes: [Object],
2026-08-16T22:20:43:       hours: [Object],
2026-08-16T22:20:43:       days: [Object],
2026-08-16T22:20:43:       weeks: [Object],
2026-08-16T22:20:43:       max: [Object]
2026-08-16T22:20:43:     },
2026-08-16T22:20:43:     isRevalidate: false,
2026-08-16T22:20:43:     isBuildTimePrerendering: undefined,
2026-08-16T22:20:43:     hasReadableErrorStacks: undefined,
2026-08-16T22:20:43:     fetchCache: undefined,
2026-08-16T22:20:43:     isOnDemandRevalidate: undefined,
2026-08-16T22:20:43:     isDraftMode: undefined,
2026-08-16T22:20:43:     isPrefetchRequest: undefined,
2026-08-16T22:20:43:     buildId: 'Mk6rSrbiwNvShvVcvhukg',
2026-08-16T22:20:43:     reactLoadableManifest: {},
2026-08-16T22:20:43:     assetPrefix: '',
2026-08-16T22:20:43:     afterContext: tO {
2026-08-16T22:20:43:       workUnitStores: Set(0) {},
2026-08-16T22:20:43:       waitUntil: [Function (anonymous)],
2026-08-16T22:20:43:       onClose: [Function: onClose],
2026-08-16T22:20:43:       onTaskError: undefined,
2026-08-16T22:20:43:       callbackQueue: [o]
2026-08-16T22:20:43:     },
2026-08-16T22:20:43:     cacheComponentsEnabled: false,
2026-08-16T22:20:43:     dev: false,
2026-08-16T22:20:43:     previouslyRevalidatedTags: [],
2026-08-16T22:20:43:     refreshTagsByCacheKind: Map(2) { 'default' => [Object], 'remote' => [Object] },
2026-08-16T22:20:43:     runInCleanSnapshot: [Function: bound] { asyncResource: [Getter/Setter] },
2026-08-16T22:20:43:     shouldTrackFetchMetrics: false
2026-08-16T22:20:43:   },
2026-08-16T22:20:43:   [Symbol(kResourceStore)]: { isAppRoute: true, isAction: false },
2026-08-16T22:20:43:   [Symbol(kResourceStore)]: undefined,
2026-08-16T22:20:43:   [Symbol(kResourceStore)]: undefined,
2026-08-16T22:20:43:   [Symbol(kResourceStore)]: undefined,
2026-08-16T22:20:43:   [Symbol(kResourceStore)]: {
2026-08-16T22:20:43:     type: 'request',
2026-08-16T22:20:43:     phase: 'action',
2026-08-16T22:20:43:     implicitTags: { tags: [Array], expirationsByCacheKind: [Map] },
2026-08-16T22:20:43:     url: { pathname: '/api/users/*', search: '' },
2026-08-16T22:20:43:     rootParams: {},
2026-08-16T22:20:43:     headers: [Getter],
2026-08-16T22:20:43:     cookies: [Getter/Setter],
2026-08-16T22:20:43:     mutableCookies: [Getter],
2026-08-16T22:20:43:     userspaceMutableCookies: [Getter],
2026-08-16T22:20:43:     draftMode: [Getter],
2026-08-16T22:20:43:     renderResumeDataCache: null,
2026-08-16T22:20:43:     isHmrRefresh: false,
2026-08-16T22:20:43:     serverComponentsHmrCache: undefined,
2026-08-16T22:20:43:     devFallbackParams: null
2026-08-16T22:20:43:   }
2026-08-16T22:20:43: }
2026-08-16T22:20:43: Auth header present: false
2026-08-16T22:20:43: No auth header found
2026-08-17T01:38:16: User API route called with params: Promise {
2026-08-17T01:38:16:   { id: '*' },
2026-08-17T01:38:16:   id: '*',
2026-08-17T01:38:16:   [Symbol(async_id_symbol)]: 5411815,
2026-08-17T01:38:16:   [Symbol(trigger_async_id_symbol)]: 5411807,
2026-08-17T01:38:16:   [Symbol(kResourceStore)]: {
2026-08-17T01:38:16:     isStaticGeneration: false,
2026-08-17T01:38:16:     page: '/api/users/[id]/route',
2026-08-17T01:38:16:     route: '/api/users/[id]',
2026-08-17T01:38:16:     incrementalCache: IncrementalCache {
2026-08-17T01:38:16:       locks: Map(0) {},
2026-08-17T01:38:16:       hasCustomCacheHandler: false,
2026-08-17T01:38:16:       dev: false,
2026-08-17T01:38:16:       disableForTestmode: false,
2026-08-17T01:38:16:       minimalMode: false,
2026-08-17T01:38:16:       requestHeaders: [Object],
2026-08-17T01:38:16:       allowedRevalidateHeaderKeys: undefined,
2026-08-17T01:38:16:       prerenderManifest: [Object],
2026-08-17T01:38:16:       cacheControls: [SharedCacheControls],
2026-08-17T01:38:16:       fetchCacheKeyPrefix: '',
2026-08-17T01:38:16:       cacheHandler: [FileSystemCache]
2026-08-17T01:38:16:     },
2026-08-17T01:38:16:     cacheLifeProfiles: {
2026-08-17T01:38:16:       default: [Object],
2026-08-17T01:38:16:       seconds: [Object],
2026-08-17T01:38:16:       minutes: [Object],
2026-08-17T01:38:16:       hours: [Object],
2026-08-17T01:38:16:       days: [Object],
2026-08-17T01:38:16:       weeks: [Object],
2026-08-17T01:38:16:       max: [Object]
2026-08-17T01:38:16:     },
2026-08-17T01:38:16:     isRevalidate: false,
2026-08-17T01:38:16:     isBuildTimePrerendering: undefined,
2026-08-17T01:38:16:     hasReadableErrorStacks: undefined,
2026-08-17T01:38:16:     fetchCache: undefined,
2026-08-17T01:38:16:     isOnDemandRevalidate: undefined,
2026-08-17T01:38:16:     isDraftMode: undefined,
2026-08-17T01:38:16:     isPrefetchRequest: undefined,
2026-08-17T01:38:16:     buildId: 'Mk6rSrbiwNvShvVcvhukg',
2026-08-17T01:38:16:     reactLoadableManifest: {},
2026-08-17T01:38:16:     assetPrefix: '',
2026-08-17T01:38:16:     afterContext: tO {
2026-08-17T01:38:16:       workUnitStores: Set(0) {},
2026-08-17T01:38:16:       waitUntil: [Function (anonymous)],
2026-08-17T01:38:16:       onClose: [Function: onClose],
2026-08-17T01:38:16:       onTaskError: undefined,
2026-08-17T01:38:16:       callbackQueue: [o]
2026-08-17T01:38:16:     },
2026-08-17T01:38:16:     cacheComponentsEnabled: false,
2026-08-17T01:38:16:     dev: false,
2026-08-17T01:38:16:     previouslyRevalidatedTags: [],
2026-08-17T01:38:16:     refreshTagsByCacheKind: Map(2) { 'default' => [Object], 'remote' => [Object] },
2026-08-17T01:38:16:     runInCleanSnapshot: [Function: bound] { asyncResource: [Getter/Setter] },
2026-08-17T01:38:16:     shouldTrackFetchMetrics: false
2026-08-17T01:38:16:   },
2026-08-17T01:38:16:   [Symbol(kResourceStore)]: { isAppRoute: true, isAction: false },
2026-08-17T01:38:16:   [Symbol(kResourceStore)]: undefined,
2026-08-17T01:38:16:   [Symbol(kResourceStore)]: undefined,
2026-08-17T01:38:16:   [Symbol(kResourceStore)]: undefined,
2026-08-17T01:38:16:   [Symbol(kResourceStore)]: {
2026-08-17T01:38:16:     type: 'request',
2026-08-17T01:38:16:     phase: 'action',
2026-08-17T01:38:16:     implicitTags: { tags: [Array], expirationsByCacheKind: [Map] },
2026-08-17T01:38:16:     url: { pathname: '/api/users/*', search: '' },
2026-08-17T01:38:16:     rootParams: {},
2026-08-17T01:38:16:     headers: [Getter],
2026-08-17T01:38:16:     cookies: [Getter/Setter],
2026-08-17T01:38:16:     mutableCookies: [Getter],
2026-08-17T01:38:16:     userspaceMutableCookies: [Getter],
2026-08-17T01:38:16:     draftMode: [Getter],
2026-08-17T01:38:16:     renderResumeDataCache: null,
2026-08-17T01:38:16:     isHmrRefresh: false,
2026-08-17T01:38:16:     serverComponentsHmrCache: undefined,
2026-08-17T01:38:16:     devFallbackParams: null
2026-08-17T01:38:16:   }
2026-08-17T01:38:16: }
2026-08-17T01:38:16: Auth header present: false
2026-08-17T01:38:16: No auth header found
2026-08-17T11:02:04: User API route called with params: Promise {
2026-08-17T11:02:04:   { id: '*' },
2026-08-17T11:02:04:   id: '*',
2026-08-17T11:02:04:   [Symbol(async_id_symbol)]: 7017192,
2026-08-17T11:02:04:   [Symbol(trigger_async_id_symbol)]: 7017184,
2026-08-17T11:02:04:   [Symbol(kResourceStore)]: {
2026-08-17T11:02:04:     isStaticGeneration: false,
2026-08-17T11:02:04:     page: '/api/users/[id]/route',
2026-08-17T11:02:04:     route: '/api/users/[id]',
2026-08-17T11:02:04:     incrementalCache: IncrementalCache {
2026-08-17T11:02:04:       locks: Map(0) {},
2026-08-17T11:02:04:       hasCustomCacheHandler: false,
2026-08-17T11:02:04:       dev: false,
2026-08-17T11:02:04:       disableForTestmode: false,
2026-08-17T11:02:04:       minimalMode: false,
2026-08-17T11:02:04:       requestHeaders: [Object],
2026-08-17T11:02:04:       allowedRevalidateHeaderKeys: undefined,
2026-08-17T11:02:04:       prerenderManifest: [Object],
2026-08-17T11:02:04:       cacheControls: [SharedCacheControls],
2026-08-17T11:02:04:       fetchCacheKeyPrefix: '',
2026-08-17T11:02:04:       cacheHandler: [FileSystemCache]
2026-08-17T11:02:04:     },
2026-08-17T11:02:04:     cacheLifeProfiles: {
2026-08-17T11:02:04:       default: [Object],
2026-08-17T11:02:04:       seconds: [Object],
2026-08-17T11:02:04:       minutes: [Object],
2026-08-17T11:02:04:       hours: [Object],
2026-08-17T11:02:04:       days: [Object],
2026-08-17T11:02:04:       weeks: [Object],
2026-08-17T11:02:04:       max: [Object]
2026-08-17T11:02:04:     },
2026-08-17T11:02:04:     isRevalidate: false,
2026-08-17T11:02:04:     isBuildTimePrerendering: undefined,
2026-08-17T11:02:04:     hasReadableErrorStacks: undefined,
2026-08-17T11:02:04:     fetchCache: undefined,
2026-08-17T11:02:04:     isOnDemandRevalidate: undefined,
2026-08-17T11:02:04:     isDraftMode: undefined,
2026-08-17T11:02:04:     isPrefetchRequest: undefined,
2026-08-17T11:02:04:     buildId: 'Mk6rSrbiwNvShvVcvhukg',
2026-08-17T11:02:04:     reactLoadableManifest: {},
2026-08-17T11:02:04:     assetPrefix: '',
2026-08-17T11:02:04:     afterContext: tO {
2026-08-17T11:02:04:       workUnitStores: Set(0) {},
2026-08-17T11:02:04:       waitUntil: [Function (anonymous)],
2026-08-17T11:02:04:       onClose: [Function: onClose],
2026-08-17T11:02:04:       onTaskError: undefined,
2026-08-17T11:02:04:       callbackQueue: [o]
2026-08-17T11:02:04:     },
2026-08-17T11:02:04:     cacheComponentsEnabled: false,
2026-08-17T11:02:04:     dev: false,
2026-08-17T11:02:04:     previouslyRevalidatedTags: [],
2026-08-17T11:02:04:     refreshTagsByCacheKind: Map(2) { 'default' => [Object], 'remote' => [Object] },
2026-08-17T11:02:04:     runInCleanSnapshot: [Function: bound] { asyncResource: [Getter/Setter] },
2026-08-17T11:02:04:     shouldTrackFetchMetrics: false
2026-08-17T11:02:04:   },
2026-08-17T11:02:04:   [Symbol(kResourceStore)]: { isAppRoute: true, isAction: false },
2026-08-17T11:02:04:   [Symbol(kResourceStore)]: undefined,
2026-08-17T11:02:04:   [Symbol(kResourceStore)]: undefined,
2026-08-17T11:02:04:   [Symbol(kResourceStore)]: undefined,
2026-08-17T11:02:04:   [Symbol(kResourceStore)]: {
2026-08-17T11:02:04:     type: 'request',
2026-08-17T11:02:04:     phase: 'action',
2026-08-17T11:02:04:     implicitTags: { tags: [Array], expirationsByCacheKind: [Map] },
2026-08-17T11:02:04:     url: { pathname: '/api/users/*', search: '' },
2026-08-17T11:02:04:     rootParams: {},
2026-08-17T11:02:04:     headers: [Getter],
2026-08-17T11:02:04:     cookies: [Getter/Setter],
2026-08-17T11:02:04:     mutableCookies: [Getter],
2026-08-17T11:02:04:     userspaceMutableCookies: [Getter],
2026-08-17T11:02:04:     draftMode: [Getter],
2026-08-17T11:02:04:     renderResumeDataCache: null,
2026-08-17T11:02:04:     isHmrRefresh: false,
2026-08-17T11:02:04:     serverComponentsHmrCache: undefined,
2026-08-17T11:02:04:     devFallbackParams: null
2026-08-17T11:02:04:   }
2026-08-17T11:02:04: }
2026-08-17T11:02:04: Auth header present: false
2026-08-17T11:02:04: No auth header found
2026-08-17T20:13:07: User API route called with params: Promise {
2026-08-17T20:13:07:   { id: '*' },
2026-08-17T20:13:07:   id: '*',
2026-08-17T20:13:07:   [Symbol(async_id_symbol)]: 7962966,
2026-08-17T20:13:07:   [Symbol(trigger_async_id_symbol)]: 7962958,
2026-08-17T20:13:07:   [Symbol(kResourceStore)]: {
2026-08-17T20:13:07:     isStaticGeneration: false,
2026-08-17T20:13:07:     page: '/api/users/[id]/route',
2026-08-17T20:13:07:     route: '/api/users/[id]',
2026-08-17T20:13:07:     incrementalCache: IncrementalCache {
2026-08-17T20:13:07:       locks: Map(0) {},
2026-08-17T20:13:07:       hasCustomCacheHandler: false,
2026-08-17T20:13:07:       dev: false,
2026-08-17T20:13:07:       disableForTestmode: false,
2026-08-17T20:13:07:       minimalMode: false,
2026-08-17T20:13:07:       requestHeaders: [Object],
2026-08-17T20:13:07:       allowedRevalidateHeaderKeys: undefined,
2026-08-17T20:13:07:       prerenderManifest: [Object],
2026-08-17T20:13:07:       cacheControls: [SharedCacheControls],
2026-08-17T20:13:07:       fetchCacheKeyPrefix: '',
2026-08-17T20:13:07:       cacheHandler: [FileSystemCache]
2026-08-17T20:13:07:     },
2026-08-17T20:13:07:     cacheLifeProfiles: {
2026-08-17T20:13:07:       default: [Object],
2026-08-17T20:13:07:       seconds: [Object],
2026-08-17T20:13:07:       minutes: [Object],
2026-08-17T20:13:07:       hours: [Object],
2026-08-17T20:13:07:       days: [Object],
2026-08-17T20:13:07:       weeks: [Object],
2026-08-17T20:13:07:       max: [Object]
2026-08-17T20:13:07:     },
2026-08-17T20:13:07:     isRevalidate: false,
2026-08-17T20:13:07:     isBuildTimePrerendering: undefined,
2026-08-17T20:13:07:     hasReadableErrorStacks: undefined,
2026-08-17T20:13:07:     fetchCache: undefined,
2026-08-17T20:13:07:     isOnDemandRevalidate: undefined,
2026-08-17T20:13:07:     isDraftMode: undefined,
2026-08-17T20:13:07:     isPrefetchRequest: undefined,
2026-08-17T20:13:07:     buildId: 'Mk6rSrbiwNvShvVcvhukg',
2026-08-17T20:13:07:     reactLoadableManifest: {},
2026-08-17T20:13:07:     assetPrefix: '',
2026-08-17T20:13:07:     afterContext: tO {
2026-08-17T20:13:07:       workUnitStores: Set(0) {},
2026-08-17T20:13:07:       waitUntil: [Function (anonymous)],
2026-08-17T20:13:07:       onClose: [Function: onClose],
2026-08-17T20:13:07:       onTaskError: undefined,
2026-08-17T20:13:07:       callbackQueue: [o]
2026-08-17T20:13:07:     },
2026-08-17T20:13:07:     cacheComponentsEnabled: false,
2026-08-17T20:13:07:     dev: false,
2026-08-17T20:13:07:     previouslyRevalidatedTags: [],
2026-08-17T20:13:07:     refreshTagsByCacheKind: Map(2) { 'default' => [Object], 'remote' => [Object] },
2026-08-17T20:13:07:     runInCleanSnapshot: [Function: bound] { asyncResource: [Getter/Setter] },
2026-08-17T20:13:07:     shouldTrackFetchMetrics: false
2026-08-17T20:13:07:   },
2026-08-17T20:13:07:   [Symbol(kResourceStore)]: { isAppRoute: true, isAction: false },
2026-08-17T20:13:07:   [Symbol(kResourceStore)]: undefined,
2026-08-17T20:13:07:   [Symbol(kResourceStore)]: undefined,
2026-08-17T20:13:07:   [Symbol(kResourceStore)]: undefined,
2026-08-17T20:13:07:   [Symbol(kResourceStore)]: {
2026-08-17T20:13:07:     type: 'request',
2026-08-17T20:13:07:     phase: 'action',
2026-08-17T20:13:07:     implicitTags: { tags: [Array], expirationsByCacheKind: [Map] },
2026-08-17T20:13:07:     url: { pathname: '/api/users/*', search: '' },
2026-08-17T20:13:07:     rootParams: {},
2026-08-17T20:13:07:     headers: [Getter],
2026-08-17T20:13:07:     cookies: [Getter/Setter],
2026-08-17T20:13:07:     mutableCookies: [Getter],
2026-08-17T20:13:07:     userspaceMutableCookies: [Getter],
2026-08-17T20:13:07:     draftMode: [Getter],
2026-08-17T20:13:07:     renderResumeDataCache: null,
2026-08-17T20:13:07:     isHmrRefresh: false,
2026-08-17T20:13:07:     serverComponentsHmrCache: undefined,
2026-08-17T20:13:07:     devFallbackParams: null
2026-08-17T20:13:07:   }
2026-08-17T20:13:07: }
2026-08-17T20:13:07: Auth header present: false
2026-08-17T20:13:07: No auth header found
2026-08-18T12:44:23: User API route called with params: Promise {
2026-08-18T12:44:23:   { id: '*' },
2026-08-18T12:44:23:   id: '*',
2026-08-18T12:44:23:   [Symbol(async_id_symbol)]: 10190396,
2026-08-18T12:44:23:   [Symbol(trigger_async_id_symbol)]: 10190388,
2026-08-18T12:44:23:   [Symbol(kResourceStore)]: {
2026-08-18T12:44:23:     isStaticGeneration: false,
2026-08-18T12:44:23:     page: '/api/users/[id]/route',
2026-08-18T12:44:23:     route: '/api/users/[id]',
2026-08-18T12:44:23:     incrementalCache: IncrementalCache {
2026-08-18T12:44:23:       locks: Map(0) {},
2026-08-18T12:44:23:       hasCustomCacheHandler: false,
2026-08-18T12:44:23:       dev: false,
2026-08-18T12:44:23:       disableForTestmode: false,
2026-08-18T12:44:23:       minimalMode: false,
2026-08-18T12:44:23:       requestHeaders: [Object],
2026-08-18T12:44:23:       allowedRevalidateHeaderKeys: undefined,
2026-08-18T12:44:23:       prerenderManifest: [Object],
2026-08-18T12:44:23:       cacheControls: [SharedCacheControls],
2026-08-18T12:44:23:       fetchCacheKeyPrefix: '',
2026-08-18T12:44:23:       cacheHandler: [FileSystemCache]
2026-08-18T12:44:23:     },
2026-08-18T12:44:23:     cacheLifeProfiles: {
2026-08-18T12:44:23:       default: [Object],
2026-08-18T12:44:23:       seconds: [Object],
2026-08-18T12:44:23:       minutes: [Object],
2026-08-18T12:44:23:       hours: [Object],
2026-08-18T12:44:23:       days: [Object],
2026-08-18T12:44:23:       weeks: [Object],
2026-08-18T12:44:23:       max: [Object]
2026-08-18T12:44:23:     },
2026-08-18T12:44:23:     isRevalidate: false,
2026-08-18T12:44:23:     isBuildTimePrerendering: undefined,
2026-08-18T12:44:23:     hasReadableErrorStacks: undefined,
2026-08-18T12:44:23:     fetchCache: undefined,
2026-08-18T12:44:23:     isOnDemandRevalidate: undefined,
2026-08-18T12:44:23:     isDraftMode: undefined,
2026-08-18T12:44:23:     isPrefetchRequest: undefined,
2026-08-18T12:44:23:     buildId: 'Mk6rSrbiwNvShvVcvhukg',
2026-08-18T12:44:23:     reactLoadableManifest: {},
2026-08-18T12:44:23:     assetPrefix: '',
2026-08-18T12:44:23:     afterContext: tO {
2026-08-18T12:44:23:       workUnitStores: Set(0) {},
2026-08-18T12:44:23:       waitUntil: [Function (anonymous)],
2026-08-18T12:44:23:       onClose: [Function: onClose],
2026-08-18T12:44:23:       onTaskError: undefined,
2026-08-18T12:44:23:       callbackQueue: [o]
2026-08-18T12:44:23:     },
2026-08-18T12:44:23:     cacheComponentsEnabled: false,
2026-08-18T12:44:23:     dev: false,
2026-08-18T12:44:23:     previouslyRevalidatedTags: [],
2026-08-18T12:44:23:     refreshTagsByCacheKind: Map(2) { 'default' => [Object], 'remote' => [Object] },
2026-08-18T12:44:23:     runInCleanSnapshot: [Function: bound] { asyncResource: [Getter/Setter] },
2026-08-18T12:44:23:     shouldTrackFetchMetrics: false
2026-08-18T12:44:23:   },
2026-08-18T12:44:23:   [Symbol(kResourceStore)]: { isAppRoute: true, isAction: false },
2026-08-18T12:44:23:   [Symbol(kResourceStore)]: undefined,
2026-08-18T12:44:23:   [Symbol(kResourceStore)]: undefined,
2026-08-18T12:44:23:   [Symbol(kResourceStore)]: undefined,
2026-08-18T12:44:23:   [Symbol(kResourceStore)]: {
2026-08-18T12:44:23:     type: 'request',
2026-08-18T12:44:23:     phase: 'action',
2026-08-18T12:44:23:     implicitTags: { tags: [Array], expirationsByCacheKind: [Map] },
2026-08-18T12:44:23:     url: { pathname: '/api/users/*', search: '' },
2026-08-18T12:44:23:     rootParams: {},
2026-08-18T12:44:23:     headers: [Getter],
2026-08-18T12:44:23:     cookies: [Getter/Setter],
2026-08-18T12:44:23:     mutableCookies: [Getter],
2026-08-18T12:44:23:     userspaceMutableCookies: [Getter],
2026-08-18T12:44:23:     draftMode: [Getter],
2026-08-18T12:44:23:     renderResumeDataCache: null,
2026-08-18T12:44:23:     isHmrRefresh: false,
2026-08-18T12:44:23:     serverComponentsHmrCache: undefined,
2026-08-18T12:44:23:     devFallbackParams: null
2026-08-18T12:44:23:   }
2026-08-18T12:44:23: }
2026-08-18T12:44:23: Auth header present: false
2026-08-18T12:44:23: No auth header found
2026-08-30T09:15:10:    ▲ Next.js 15.5.7
2026-08-30T09:15:10:    - Local:        http://localhost:3000
2026-08-30T09:15:10:    - Network:      http://46.4.218.149:3000
2026-08-30T09:15:10: 
2026-08-30T09:15:10:  ✓ Starting...
2026-08-30T09:15:10:  ✓ Ready in 318ms
2026-08-30T09:15:10: API_BASE_URL: https://system.gecogames.com/api/v1/test
2026-09-16T10:33:52:    ▲ Next.js 15.5.7
2026-09-16T10:33:52:    - Local:        http://localhost:3000
2026-09-16T10:33:52:    - Network:      http://46.4.218.149:3000
2026-09-16T10:33:52: 
2026-09-16T10:33:52:  ✓ Starting...
2026-09-16T10:33:52:  ✓ Ready in 265ms
2026-09-16T10:33:52: API_BASE_URL: https://system.gecogames.com/api/v1/test
2026-09-18T22:41:57: Users list API route called
2026-09-18T22:41:57: Auth header present: false
2026-09-18T22:41:57: No auth header found
2026-09-20T21:16:28: Users list API route called
2026-09-20T21:16:28: Auth header present: false
2026-09-20T21:16:28: No auth header found
2026-09-24T03:27:00: Users list API route called
2026-09-24T03:27:00: Auth header present: false
2026-09-24T03:27:00: No auth header found
2026-09-24T13:16:34: User API route called with params: Promise {
2026-09-24T13:16:34:   { id: '*' },
2026-09-24T13:16:34:   id: '*',
2026-09-24T13:16:34:   [Symbol(async_id_symbol)]: 17733398,
2026-09-24T13:16:34:   [Symbol(trigger_async_id_symbol)]: 17733390,
2026-09-24T13:16:34:   [Symbol(kResourceStore)]: {
2026-09-24T13:16:34:     isStaticGeneration: false,
2026-09-24T13:16:34:     page: '/api/users/[id]/route',
2026-09-24T13:16:34:     route: '/api/users/[id]',
2026-09-24T13:16:34:     incrementalCache: IncrementalCache {
2026-09-24T13:16:34:       locks: Map(0) {},
2026-09-24T13:16:34:       hasCustomCacheHandler: false,
2026-09-24T13:16:34:       dev: false,
2026-09-24T13:16:34:       disableForTestmode: false,
2026-09-24T13:16:34:       minimalMode: false,
2026-09-24T13:16:34:       requestHeaders: [Object],
2026-09-24T13:16:34:       allowedRevalidateHeaderKeys: undefined,
2026-09-24T13:16:34:       prerenderManifest: [Object],
2026-09-24T13:16:34:       cacheControls: [SharedCacheControls],
2026-09-24T13:16:34:       fetchCacheKeyPrefix: '',
2026-09-24T13:16:34:       cacheHandler: [FileSystemCache]
2026-09-24T13:16:34:     },
2026-09-24T13:16:34:     cacheLifeProfiles: {
2026-09-24T13:16:34:       default: [Object],
2026-09-24T13:16:34:       seconds: [Object],
2026-09-24T13:16:34:       minutes: [Object],
2026-09-24T13:16:34:       hours: [Object],
2026-09-24T13:16:34:       days: [Object],
2026-09-24T13:16:34:       weeks: [Object],
2026-09-24T13:16:34:       max: [Object]
2026-09-24T13:16:34:     },
2026-09-24T13:16:34:     isRevalidate: false,
2026-09-24T13:16:34:     isBuildTimePrerendering: undefined,
2026-09-24T13:16:34:     hasReadableErrorStacks: undefined,
2026-09-24T13:16:34:     fetchCache: undefined,
2026-09-24T13:16:34:     isOnDemandRevalidate: undefined,
2026-09-24T13:16:34:     isDraftMode: undefined,
2026-09-24T13:16:34:     isPrefetchRequest: undefined,
2026-09-24T13:16:34:     buildId: 'Mk6rSrbiwNvShvVcvhukg',
2026-09-24T13:16:34:     reactLoadableManifest: {},
2026-09-24T13:16:34:     assetPrefix: '',
2026-09-24T13:16:34:     afterContext: tO {
2026-09-24T13:16:34:       workUnitStores: Set(0) {},
2026-09-24T13:16:34:       waitUntil: [Function (anonymous)],
2026-09-24T13:16:34:       onClose: [Function: onClose],
2026-09-24T13:16:34:       onTaskError: undefined,
2026-09-24T13:16:34:       callbackQueue: [o]
2026-09-24T13:16:34:     },
2026-09-24T13:16:34:     cacheComponentsEnabled: false,
2026-09-24T13:16:34:     dev: false,
2026-09-24T13:16:34:     previouslyRevalidatedTags: [],
2026-09-24T13:16:34:     refreshTagsByCacheKind: Map(2) { 'default' => [Object], 'remote' => [Object] },
2026-09-24T13:16:34:     runInCleanSnapshot: [Function: bound] { asyncResource: [Getter/Setter] },
2026-09-24T13:16:34:     shouldTrackFetchMetrics: false
2026-09-24T13:16:34:   },
2026-09-24T13:16:34:   [Symbol(kResourceStore)]: { isAppRoute: true, isAction: false },
2026-09-24T13:16:34:   [Symbol(kResourceStore)]: undefined,
2026-09-24T13:16:34:   [Symbol(kResourceStore)]: undefined,
2026-09-24T13:16:34:   [Symbol(kResourceStore)]: undefined,
2026-09-24T13:16:34:   [Symbol(kResourceStore)]: {
2026-09-24T13:16:34:     type: 'request',
2026-09-24T13:16:34:     phase: 'action',
2026-09-24T13:16:34:     implicitTags: { tags: [Array], expirationsByCacheKind: [Map] },
2026-09-24T13:16:34:     url: { pathname: '/api/users/*', search: '' },
2026-09-24T13:16:34:     rootParams: {},
2026-09-24T13:16:34:     headers: [Getter],
2026-09-24T13:16:34:     cookies: [Getter/Setter],
2026-09-24T13:16:34:     mutableCookies: [Getter],
2026-09-24T13:16:34:     userspaceMutableCookies: [Getter],
2026-09-24T13:16:34:     draftMode: [Getter],
2026-09-24T13:16:34:     renderResumeDataCache: null,
2026-09-24T13:16:34:     isHmrRefresh: false,
2026-09-24T13:16:34:     serverComponentsHmrCache: undefined,
2026-09-24T13:16:34:     devFallbackParams: null
2026-09-24T13:16:34:   }
2026-09-24T13:16:34: }
2026-09-24T13:16:34: Auth header present: false
2026-09-24T13:16:34: No auth header found
2026-09-25T12:59:12: User API route called with params: Promise {
2026-09-25T12:59:12:   { id: '*' },
2026-09-25T12:59:12:   id: '*',
2026-09-25T12:59:12:   [Symbol(async_id_symbol)]: 22308343,
2026-09-25T12:59:12:   [Symbol(trigger_async_id_symbol)]: 22308335,
2026-09-25T12:59:12:   [Symbol(kResourceStore)]: {
2026-09-25T12:59:12:     isStaticGeneration: false,
2026-09-25T12:59:12:     page: '/api/users/[id]/route',
2026-09-25T12:59:12:     route: '/api/users/[id]',
2026-09-25T12:59:12:     incrementalCache: IncrementalCache {
2026-09-25T12:59:12:       locks: Map(0) {},
2026-09-25T12:59:12:       hasCustomCacheHandler: false,
2026-09-25T12:59:12:       dev: false,
2026-09-25T12:59:12:       disableForTestmode: false,
2026-09-25T12:59:12:       minimalMode: false,
2026-09-25T12:59:12:       requestHeaders: [Object],
2026-09-25T12:59:12:       allowedRevalidateHeaderKeys: undefined,
2026-09-25T12:59:12:       prerenderManifest: [Object],
2026-09-25T12:59:12:       cacheControls: [SharedCacheControls],
2026-09-25T12:59:12:       fetchCacheKeyPrefix: '',
2026-09-25T12:59:12:       cacheHandler: [FileSystemCache]
2026-09-25T12:59:12:     },
2026-09-25T12:59:12:     cacheLifeProfiles: {
2026-09-25T12:59:12:       default: [Object],
2026-09-25T12:59:12:       seconds: [Object],
2026-09-25T12:59:12:       minutes: [Object],
2026-09-25T12:59:12:       hours: [Object],
2026-09-25T12:59:12:       days: [Object],
2026-09-25T12:59:12:       weeks: [Object],
2026-09-25T12:59:12:       max: [Object]
2026-09-25T12:59:12:     },
2026-09-25T12:59:12:     isRevalidate: false,
2026-09-25T12:59:12:     isBuildTimePrerendering: undefined,
2026-09-25T12:59:12:     hasReadableErrorStacks: undefined,
2026-09-25T12:59:12:     fetchCache: undefined,
2026-09-25T12:59:12:     isOnDemandRevalidate: undefined,
2026-09-25T12:59:12:     isDraftMode: undefined,
2026-09-25T12:59:12:     isPrefetchRequest: undefined,
2026-09-25T12:59:12:     buildId: 'Mk6rSrbiwNvShvVcvhukg',
2026-09-25T12:59:12:     reactLoadableManifest: {},
2026-09-25T12:59:12:     assetPrefix: '',
2026-09-25T12:59:12:     afterContext: tO {
2026-09-25T12:59:12:       workUnitStores: Set(0) {},
2026-09-25T12:59:12:       waitUntil: [Function (anonymous)],
2026-09-25T12:59:12:       onClose: [Function: onClose],
2026-09-25T12:59:12:       onTaskError: undefined,
2026-09-25T12:59:12:       callbackQueue: [o]
2026-09-25T12:59:12:     },
2026-09-25T12:59:12:     cacheComponentsEnabled: false,
2026-09-25T12:59:12:     dev: false,
2026-09-25T12:59:12:     previouslyRevalidatedTags: [],
2026-09-25T12:59:12:     refreshTagsByCacheKind: Map(2) { 'default' => [Object], 'remote' => [Object] },
2026-09-25T12:59:12:     runInCleanSnapshot: [Function: bound] { asyncResource: [Getter/Setter] },
2026-09-25T12:59:12:     shouldTrackFetchMetrics: false
2026-09-25T12:59:12:   },
2026-09-25T12:59:12:   [Symbol(kResourceStore)]: { isAppRoute: true, isAction: false },
2026-09-25T12:59:12:   [Symbol(kResourceStore)]: undefined,
2026-09-25T12:59:12:   [Symbol(kResourceStore)]: undefined,
2026-09-25T12:59:12:   [Symbol(kResourceStore)]: undefined,
2026-09-25T12:59:12:   [Symbol(kResourceStore)]: {
2026-09-25T12:59:12:     type: 'request',
2026-09-25T12:59:12:     phase: 'action',
2026-09-25T12:59:12:     implicitTags: { tags: [Array], expirationsByCacheKind: [Map] },
2026-09-25T12:59:12:     url: { pathname: '/api/users/*', search: '' },
2026-09-25T12:59:12:     rootParams: {},
2026-09-25T12:59:12:     headers: [Getter],
2026-09-25T12:59:12:     cookies: [Getter/Setter],
2026-09-25T12:59:12:     mutableCookies: [Getter],
2026-09-25T12:59:12:     userspaceMutableCookies: [Getter],
2026-09-25T12:59:12:     draftMode: [Getter],
2026-09-25T12:59:12:     renderResumeDataCache: null,
2026-09-25T12:59:12:     isHmrRefresh: false,
2026-09-25T12:59:12:     serverComponentsHmrCache: undefined,
2026-09-25T12:59:12:     devFallbackParams: null
2026-09-25T12:59:12:   }
2026-09-25T12:59:12: }
2026-09-25T12:59:12: Auth header present: false
2026-09-25T12:59:12: No auth header found
2026-09-25T12:59:18: User API route called with params: Promise {
2026-09-25T12:59:18:   { id: '*' },
2026-09-25T12:59:18:   id: '*',
2026-09-25T12:59:18:   [Symbol(async_id_symbol)]: 22408368,
2026-09-25T12:59:18:   [Symbol(trigger_async_id_symbol)]: 22408360,
2026-09-25T12:59:18:   [Symbol(kResourceStore)]: {
2026-09-25T12:59:18:     isStaticGeneration: false,
2026-09-25T12:59:18:     page: '/api/users/[id]/route',
2026-09-25T12:59:18:     route: '/api/users/[id]',
2026-09-25T12:59:18:     incrementalCache: IncrementalCache {
2026-09-25T12:59:18:       locks: Map(0) {},
2026-09-25T12:59:18:       hasCustomCacheHandler: false,
2026-09-25T12:59:18:       dev: false,
2026-09-25T12:59:18:       disableForTestmode: false,
2026-09-25T12:59:18:       minimalMode: false,
2026-09-25T12:59:18:       requestHeaders: [Object],
2026-09-25T12:59:18:       allowedRevalidateHeaderKeys: undefined,
2026-09-25T12:59:18:       prerenderManifest: [Object],
2026-09-25T12:59:18:       cacheControls: [SharedCacheControls],
2026-09-25T12:59:18:       fetchCacheKeyPrefix: '',
2026-09-25T12:59:18:       cacheHandler: [FileSystemCache]
2026-09-25T12:59:18:     },
2026-09-25T12:59:18:     cacheLifeProfiles: {
2026-09-25T12:59:18:       default: [Object],
2026-09-25T12:59:18:       seconds: [Object],
2026-09-25T12:59:18:       minutes: [Object],
2026-09-25T12:59:18:       hours: [Object],
2026-09-25T12:59:18:       days: [Object],
2026-09-25T12:59:18:       weeks: [Object],
2026-09-25T12:59:18:       max: [Object]
2026-09-25T12:59:18:     },
2026-09-25T12:59:18:     isRevalidate: false,
2026-09-25T12:59:18:     isBuildTimePrerendering: undefined,
2026-09-25T12:59:18:     hasReadableErrorStacks: undefined,
2026-09-25T12:59:18:     fetchCache: undefined,
2026-09-25T12:59:18:     isOnDemandRevalidate: undefined,
2026-09-25T12:59:18:     isDraftMode: undefined,
2026-09-25T12:59:18:     isPrefetchRequest: undefined,
2026-09-25T12:59:18:     buildId: 'Mk6rSrbiwNvShvVcvhukg',
2026-09-25T12:59:18:     reactLoadableManifest: {},
2026-09-25T12:59:18:     assetPrefix: '',
2026-09-25T12:59:18:     afterContext: tO {
2026-09-25T12:59:18:       workUnitStores: Set(0) {},
2026-09-25T12:59:18:       waitUntil: [Function (anonymous)],
2026-09-25T12:59:18:       onClose: [Function: onClose],
2026-09-25T12:59:18:       onTaskError: undefined,
2026-09-25T12:59:18:       callbackQueue: [o]
2026-09-25T12:59:18:     },
2026-09-25T12:59:18:     cacheComponentsEnabled: false,
2026-09-25T12:59:18:     dev: false,
2026-09-25T12:59:18:     previouslyRevalidatedTags: [],
2026-09-25T12:59:18:     refreshTagsByCacheKind: Map(2) { 'default' => [Object], 'remote' => [Object] },
2026-09-25T12:59:18:     runInCleanSnapshot: [Function: bound] { asyncResource: [Getter/Setter] },
2026-09-25T12:59:18:     shouldTrackFetchMetrics: false
2026-09-25T12:59:18:   },
2026-09-25T12:59:18:   [Symbol(kResourceStore)]: { isAppRoute: true, isAction: false },
2026-09-25T12:59:18:   [Symbol(kResourceStore)]: undefined,
2026-09-25T12:59:18:   [Symbol(kResourceStore)]: undefined,
2026-09-25T12:59:18:   [Symbol(kResourceStore)]: undefined,
2026-09-25T12:59:18:   [Symbol(kResourceStore)]: {
2026-09-25T12:59:18:     type: 'request',
2026-09-25T12:59:18:     phase: 'action',
2026-09-25T12:59:18:     implicitTags: { tags: [Array], expirationsByCacheKind: [Map] },
2026-09-25T12:59:18:     url: { pathname: '/api/users/*', search: '' },
2026-09-25T12:59:18:     rootParams: {},
2026-09-25T12:59:18:     headers: [Getter],
2026-09-25T12:59:18:     cookies: [Getter/Setter],
2026-09-25T12:59:18:     mutableCookies: [Getter],
2026-09-25T12:59:18:     userspaceMutableCookies: [Getter],
2026-09-25T12:59:18:     draftMode: [Getter],
2026-09-25T12:59:18:     renderResumeDataCache: null,
2026-09-25T12:59:18:     isHmrRefresh: false,
2026-09-25T12:59:18:     serverComponentsHmrCache: undefined,
2026-09-25T12:59:18:     devFallbackParams: null
2026-09-25T12:59:18:   }
2026-09-25T12:59:18: }
2026-09-25T12:59:18: Auth header present: false
2026-09-25T12:59:18: No auth header found
2026-09-25T12:59:22: User API route called with params: Promise {
2026-09-25T12:59:22:   { id: '*' },
2026-09-25T12:59:22:   id: '*',
2026-09-25T12:59:22:   [Symbol(async_id_symbol)]: 22463493,
2026-09-25T12:59:22:   [Symbol(trigger_async_id_symbol)]: 22463485,
2026-09-25T12:59:22:   [Symbol(kResourceStore)]: {
2026-09-25T12:59:22:     isStaticGeneration: false,
2026-09-25T12:59:22:     page: '/api/users/[id]/route',
2026-09-25T12:59:22:     route: '/api/users/[id]',
2026-09-25T12:59:22:     incrementalCache: IncrementalCache {
2026-09-25T12:59:22:       locks: Map(0) {},
2026-09-25T12:59:22:       hasCustomCacheHandler: false,
2026-09-25T12:59:22:       dev: false,
2026-09-25T12:59:22:       disableForTestmode: false,
2026-09-25T12:59:22:       minimalMode: false,
2026-09-25T12:59:22:       requestHeaders: [Object],
2026-09-25T12:59:22:       allowedRevalidateHeaderKeys: undefined,
2026-09-25T12:59:22:       prerenderManifest: [Object],
2026-09-25T12:59:22:       cacheControls: [SharedCacheControls],
2026-09-25T12:59:22:       fetchCacheKeyPrefix: '',
2026-09-25T12:59:22:       cacheHandler: [FileSystemCache]
2026-09-25T12:59:22:     },
2026-09-25T12:59:22:     cacheLifeProfiles: {
2026-09-25T12:59:22:       default: [Object],
2026-09-25T12:59:22:       seconds: [Object],
2026-09-25T12:59:22:       minutes: [Object],
2026-09-25T12:59:22:       hours: [Object],
2026-09-25T12:59:22:       days: [Object],
2026-09-25T12:59:22:       weeks: [Object],
2026-09-25T12:59:22:       max: [Object]
2026-09-25T12:59:22:     },
2026-09-25T12:59:22:     isRevalidate: false,
2026-09-25T12:59:22:     isBuildTimePrerendering: undefined,
2026-09-25T12:59:22:     hasReadableErrorStacks: undefined,
2026-09-25T12:59:22:     fetchCache: undefined,
2026-09-25T12:59:22:     isOnDemandRevalidate: undefined,
2026-09-25T12:59:22:     isDraftMode: undefined,
2026-09-25T12:59:22:     isPrefetchRequest: undefined,
2026-09-25T12:59:22:     buildId: 'Mk6rSrbiwNvShvVcvhukg',
2026-09-25T12:59:22:     reactLoadableManifest: {},
2026-09-25T12:59:22:     assetPrefix: '',
2026-09-25T12:59:22:     afterContext: tO {
2026-09-25T12:59:22:       workUnitStores: Set(0) {},
2026-09-25T12:59:22:       waitUntil: [Function (anonymous)],
2026-09-25T12:59:22:       onClose: [Function: onClose],
2026-09-25T12:59:22:       onTaskError: undefined,
2026-09-25T12:59:22:       callbackQueue: [o]
2026-09-25T12:59:22:     },
2026-09-25T12:59:22:     cacheComponentsEnabled: false,
2026-09-25T12:59:22:     dev: false,
2026-09-25T12:59:22:     previouslyRevalidatedTags: [],
2026-09-25T12:59:22:     refreshTagsByCacheKind: Map(2) { 'default' => [Object], 'remote' => [Object] },
2026-09-25T12:59:22:     runInCleanSnapshot: [Function: bound] { asyncResource: [Getter/Setter] },
2026-09-25T12:59:22:     shouldTrackFetchMetrics: false
2026-09-25T12:59:22:   },
2026-09-25T12:59:22:   [Symbol(kResourceStore)]: { isAppRoute: true, isAction: false },
2026-09-25T12:59:22:   [Symbol(kResourceStore)]: undefined,
2026-09-25T12:59:22:   [Symbol(kResourceStore)]: undefined,
2026-09-25T12:59:22:   [Symbol(kResourceStore)]: undefined,
2026-09-25T12:59:22:   [Symbol(kResourceStore)]: {
2026-09-25T12:59:22:     type: 'request',
2026-09-25T12:59:22:     phase: 'action',
2026-09-25T12:59:22:     implicitTags: { tags: [Array], expirationsByCacheKind: [Map] },
2026-09-25T12:59:22:     url: { pathname: '/api/users/*', search: '' },
2026-09-25T12:59:22:     rootParams: {},
2026-09-25T12:59:22:     headers: [Getter],
2026-09-25T12:59:22:     cookies: [Getter/Setter],
2026-09-25T12:59:22:     mutableCookies: [Getter],
2026-09-25T12:59:22:     userspaceMutableCookies: [Getter],
2026-09-25T12:59:22:     draftMode: [Getter],
2026-09-25T12:59:22:     renderResumeDataCache: null,
2026-09-25T12:59:22:     isHmrRefresh: false,
2026-09-25T12:59:22:     serverComponentsHmrCache: undefined,
2026-09-25T12:59:22:     devFallbackParams: null
2026-09-25T12:59:22:   }
2026-09-25T12:59:22: }
2026-09-25T12:59:22: Auth header present: false
2026-09-25T12:59:22: No auth header found
2026-09-25T13:00:36: User API route called with params: Promise {
2026-09-25T13:00:36:   { id: '*' },
2026-09-25T13:00:36:   id: '*',
2026-09-25T13:00:36:   [Symbol(async_id_symbol)]: 23859822,
2026-09-25T13:00:36:   [Symbol(trigger_async_id_symbol)]: 23859814,
2026-09-25T13:00:36:   [Symbol(kResourceStore)]: {
2026-09-25T13:00:36:     isStaticGeneration: false,
2026-09-25T13:00:36:     page: '/api/users/[id]/route',
2026-09-25T13:00:36:     route: '/api/users/[id]',
2026-09-25T13:00:36:     incrementalCache: IncrementalCache {
2026-09-25T13:00:36:       locks: Map(0) {},
2026-09-25T13:00:36:       hasCustomCacheHandler: false,
2026-09-25T13:00:36:       dev: false,
2026-09-25T13:00:36:       disableForTestmode: false,
2026-09-25T13:00:36:       minimalMode: false,
2026-09-25T13:00:36:       requestHeaders: [Object],
2026-09-25T13:00:36:       allowedRevalidateHeaderKeys: undefined,
2026-09-25T13:00:36:       prerenderManifest: [Object],
2026-09-25T13:00:36:       cacheControls: [SharedCacheControls],
2026-09-25T13:00:36:       fetchCacheKeyPrefix: '',
2026-09-25T13:00:36:       cacheHandler: [FileSystemCache]
2026-09-25T13:00:36:     },
2026-09-25T13:00:36:     cacheLifeProfiles: {
2026-09-25T13:00:36:       default: [Object],
2026-09-25T13:00:36:       seconds: [Object],
2026-09-25T13:00:36:       minutes: [Object],
2026-09-25T13:00:36:       hours: [Object],
2026-09-25T13:00:36:       days: [Object],
2026-09-25T13:00:36:       weeks: [Object],
2026-09-25T13:00:36:       max: [Object]
2026-09-25T13:00:36:     },
2026-09-25T13:00:36:     isRevalidate: false,
2026-09-25T13:00:36:     isBuildTimePrerendering: undefined,
2026-09-25T13:00:36:     hasReadableErrorStacks: undefined,
2026-09-25T13:00:36:     fetchCache: undefined,
2026-09-25T13:00:36:     isOnDemandRevalidate: undefined,
2026-09-25T13:00:36:     isDraftMode: undefined,
2026-09-25T13:00:36:     isPrefetchRequest: undefined,
2026-09-25T13:00:36:     buildId: 'Mk6rSrbiwNvShvVcvhukg',
2026-09-25T13:00:36:     reactLoadableManifest: {},
2026-09-25T13:00:36:     assetPrefix: '',
2026-09-25T13:00:36:     afterContext: tO {
2026-09-25T13:00:36:       workUnitStores: Set(0) {},
2026-09-25T13:00:36:       waitUntil: [Function (anonymous)],
2026-09-25T13:00:36:       onClose: [Function: onClose],
2026-09-25T13:00:36:       onTaskError: undefined,
2026-09-25T13:00:36:       callbackQueue: [o]
2026-09-25T13:00:36:     },
2026-09-25T13:00:36:     cacheComponentsEnabled: false,
2026-09-25T13:00:36:     dev: false,
2026-09-25T13:00:36:     previouslyRevalidatedTags: [],
2026-09-25T13:00:36:     refreshTagsByCacheKind: Map(2) { 'default' => [Object], 'remote' => [Object] },
2026-09-25T13:00:36:     runInCleanSnapshot: [Function: bound] { asyncResource: [Getter/Setter] },
2026-09-25T13:00:36:     shouldTrackFetchMetrics: false
2026-09-25T13:00:36:   },
2026-09-25T13:00:36:   [Symbol(kResourceStore)]: { isAppRoute: true, isAction: false },
2026-09-25T13:00:36:   [Symbol(kResourceStore)]: undefined,
2026-09-25T13:00:36:   [Symbol(kResourceStore)]: undefined,
2026-09-25T13:00:36:   [Symbol(kResourceStore)]: undefined,
2026-09-25T13:00:36:   [Symbol(kResourceStore)]: {
2026-09-25T13:00:36:     type: 'request',
2026-09-25T13:00:36:     phase: 'action',
2026-09-25T13:00:36:     implicitTags: { tags: [Array], expirationsByCacheKind: [Map] },
2026-09-25T13:00:36:     url: { pathname: '/api/users/*', search: '' },
2026-09-25T13:00:36:     rootParams: {},
2026-09-25T13:00:36:     headers: [Getter],
2026-09-25T13:00:36:     cookies: [Getter/Setter],
2026-09-25T13:00:36:     mutableCookies: [Getter],
2026-09-25T13:00:36:     userspaceMutableCookies: [Getter],
2026-09-25T13:00:36:     draftMode: [Getter],
2026-09-25T13:00:36:     renderResumeDataCache: null,
2026-09-25T13:00:36:     isHmrRefresh: false,
2026-09-25T13:00:36:     serverComponentsHmrCache: undefined,
2026-09-25T13:00:36:     devFallbackParams: null
2026-09-25T13:00:36:   }
2026-09-25T13:00:36: }
2026-09-25T13:00:36: Auth header present: false
2026-09-25T13:00:36: No auth header found
2026-09-25T13:00:45: User API route called with params: Promise {
2026-09-25T13:00:45:   { id: '*' },
2026-09-25T13:00:45:   id: '*',
2026-09-25T13:00:45:   [Symbol(async_id_symbol)]: 23964751,
2026-09-25T13:00:45:   [Symbol(trigger_async_id_symbol)]: 23964743,
2026-09-25T13:00:45:   [Symbol(kResourceStore)]: {
2026-09-25T13:00:45:     isStaticGeneration: false,
2026-09-25T13:00:45:     page: '/api/users/[id]/route',
2026-09-25T13:00:45:     route: '/api/users/[id]',
2026-09-25T13:00:45:     incrementalCache: IncrementalCache {
2026-09-25T13:00:45:       locks: Map(0) {},
2026-09-25T13:00:45:       hasCustomCacheHandler: false,
2026-09-25T13:00:45:       dev: false,
2026-09-25T13:00:45:       disableForTestmode: false,
2026-09-25T13:00:45:       minimalMode: false,
2026-09-25T13:00:45:       requestHeaders: [Object],
2026-09-25T13:00:45:       allowedRevalidateHeaderKeys: undefined,
2026-09-25T13:00:45:       prerenderManifest: [Object],
2026-09-25T13:00:45:       cacheControls: [SharedCacheControls],
2026-09-25T13:00:45:       fetchCacheKeyPrefix: '',
2026-09-25T13:00:45:       cacheHandler: [FileSystemCache]
2026-09-25T13:00:45:     },
2026-09-25T13:00:45:     cacheLifeProfiles: {
2026-09-25T13:00:45:       default: [Object],
2026-09-25T13:00:45:       seconds: [Object],
2026-09-25T13:00:45:       minutes: [Object],
2026-09-25T13:00:45:       hours: [Object],
2026-09-25T13:00:45:       days: [Object],
2026-09-25T13:00:45:       weeks: [Object],
2026-09-25T13:00:45:       max: [Object]
2026-09-25T13:00:45:     },
2026-09-25T13:00:45:     isRevalidate: false,
2026-09-25T13:00:45:     isBuildTimePrerendering: undefined,
2026-09-25T13:00:45:     hasReadableErrorStacks: undefined,
2026-09-25T13:00:45:     fetchCache: undefined,
2026-09-25T13:00:45:     isOnDemandRevalidate: undefined,
2026-09-25T13:00:45:     isDraftMode: undefined,
2026-09-25T13:00:45:     isPrefetchRequest: undefined,
2026-09-25T13:00:45:     buildId: 'Mk6rSrbiwNvShvVcvhukg',
2026-09-25T13:00:45:     reactLoadableManifest: {},
2026-09-25T13:00:45:     assetPrefix: '',
2026-09-25T13:00:45:     afterContext: tO {
2026-09-25T13:00:45:       workUnitStores: Set(0) {},
2026-09-25T13:00:45:       waitUntil: [Function (anonymous)],
2026-09-25T13:00:45:       onClose: [Function: onClose],
2026-09-25T13:00:45:       onTaskError: undefined,
2026-09-25T13:00:45:       callbackQueue: [o]
2026-09-25T13:00:45:     },
2026-09-25T13:00:45:     cacheComponentsEnabled: false,
2026-09-25T13:00:45:     dev: false,
2026-09-25T13:00:45:     previouslyRevalidatedTags: [],
2026-09-25T13:00:45:     refreshTagsByCacheKind: Map(2) { 'default' => [Object], 'remote' => [Object] },
2026-09-25T13:00:45:     runInCleanSnapshot: [Function: bound] { asyncResource: [Getter/Setter] },
2026-09-25T13:00:45:     shouldTrackFetchMetrics: false
2026-09-25T13:00:45:   },
2026-09-25T13:00:45:   [Symbol(kResourceStore)]: { isAppRoute: true, isAction: false },
2026-09-25T13:00:45:   [Symbol(kResourceStore)]: undefined,
2026-09-25T13:00:45:   [Symbol(kResourceStore)]: undefined,
2026-09-25T13:00:45:   [Symbol(kResourceStore)]: undefined,
2026-09-25T13:00:45:   [Symbol(kResourceStore)]: {
2026-09-25T13:00:45:     type: 'request',
2026-09-25T13:00:45:     phase: 'action',
2026-09-25T13:00:45:     implicitTags: { tags: [Array], expirationsByCacheKind: [Map] },
2026-09-25T13:00:45:     url: { pathname: '/api/users/*', search: '' },
2026-09-25T13:00:45:     rootParams: {},
2026-09-25T13:00:45:     headers: [Getter],
2026-09-25T13:00:45:     cookies: [Getter/Setter],
2026-09-25T13:00:45:     mutableCookies: [Getter],
2026-09-25T13:00:45:     userspaceMutableCookies: [Getter],
2026-09-25T13:00:45:     draftMode: [Getter],
2026-09-25T13:00:45:     renderResumeDataCache: null,
2026-09-25T13:00:45:     isHmrRefresh: false,
2026-09-25T13:00:45:     serverComponentsHmrCache: undefined,
2026-09-25T13:00:45:     devFallbackParams: null
2026-09-25T13:00:45:   }
2026-09-25T13:00:45: }
2026-09-25T13:00:45: Auth header present: false
2026-09-25T13:00:45: No auth header found
2026-09-25T13:01:57: User API route called with params: Promise {
2026-09-25T13:01:57:   { id: '*' },
2026-09-25T13:01:57:   id: '*',
2026-09-25T13:01:57:   [Symbol(async_id_symbol)]: 24805258,
2026-09-25T13:01:57:   [Symbol(trigger_async_id_symbol)]: 24805250,
2026-09-25T13:01:57:   [Symbol(kResourceStore)]: {
2026-09-25T13:01:57:     isStaticGeneration: false,
2026-09-25T13:01:57:     page: '/api/users/[id]/route',
2026-09-25T13:01:57:     route: '/api/users/[id]',
2026-09-25T13:01:57:     incrementalCache: IncrementalCache {
2026-09-25T13:01:57:       locks: Map(0) {},
2026-09-25T13:01:57:       hasCustomCacheHandler: false,
2026-09-25T13:01:57:       dev: false,
2026-09-25T13:01:57:       disableForTestmode: false,
2026-09-25T13:01:57:       minimalMode: false,
2026-09-25T13:01:57:       requestHeaders: [Object],
2026-09-25T13:01:57:       allowedRevalidateHeaderKeys: undefined,
2026-09-25T13:01:57:       prerenderManifest: [Object],
2026-09-25T13:01:57:       cacheControls: [SharedCacheControls],
2026-09-25T13:01:57:       fetchCacheKeyPrefix: '',
2026-09-25T13:01:57:       cacheHandler: [FileSystemCache]
2026-09-25T13:01:57:     },
2026-09-25T13:01:57:     cacheLifeProfiles: {
2026-09-25T13:01:57:       default: [Object],
2026-09-25T13:01:57:       seconds: [Object],
2026-09-25T13:01:57:       minutes: [Object],
2026-09-25T13:01:57:       hours: [Object],
2026-09-25T13:01:57:       days: [Object],
2026-09-25T13:01:57:       weeks: [Object],
2026-09-25T13:01:57:       max: [Object]
2026-09-25T13:01:57:     },
2026-09-25T13:01:57:     isRevalidate: false,
2026-09-25T13:01:57:     isBuildTimePrerendering: undefined,
2026-09-25T13:01:57:     hasReadableErrorStacks: undefined,
2026-09-25T13:01:57:     fetchCache: undefined,
2026-09-25T13:01:57:     isOnDemandRevalidate: undefined,
2026-09-25T13:01:57:     isDraftMode: undefined,
2026-09-25T13:01:57:     isPrefetchRequest: undefined,
2026-09-25T13:01:57:     buildId: 'Mk6rSrbiwNvShvVcvhukg',
2026-09-25T13:01:57:     reactLoadableManifest: {},
2026-09-25T13:01:57:     assetPrefix: '',
2026-09-25T13:01:57:     afterContext: tO {
2026-09-25T13:01:57:       workUnitStores: Set(0) {},
2026-09-25T13:01:57:       waitUntil: [Function (anonymous)],
2026-09-25T13:01:57:       onClose: [Function: onClose],
2026-09-25T13:01:57:       onTaskError: undefined,
2026-09-25T13:01:57:       callbackQueue: [o]
2026-09-25T13:01:57:     },
2026-09-25T13:01:57:     cacheComponentsEnabled: false,
2026-09-25T13:01:57:     dev: false,
2026-09-25T13:01:57:     previouslyRevalidatedTags: [],
2026-09-25T13:01:57:     refreshTagsByCacheKind: Map(2) { 'default' => [Object], 'remote' => [Object] },
2026-09-25T13:01:57:     runInCleanSnapshot: [Function: bound] { asyncResource: [Getter/Setter] },
2026-09-25T13:01:57:     shouldTrackFetchMetrics: false
2026-09-25T13:01:57:   },
2026-09-25T13:01:57:   [Symbol(kResourceStore)]: { isAppRoute: true, isAction: false },
2026-09-25T13:01:57:   [Symbol(kResourceStore)]: undefined,
2026-09-25T13:01:57:   [Symbol(kResourceStore)]: undefined,
2026-09-25T13:01:57:   [Symbol(kResourceStore)]: undefined,
2026-09-25T13:01:57:   [Symbol(kResourceStore)]: {
2026-09-25T13:01:57:     type: 'request',
2026-09-25T13:01:57:     phase: 'action',
2026-09-25T13:01:57:     implicitTags: { tags: [Array], expirationsByCacheKind: [Map] },
2026-09-25T13:01:57:     url: { pathname: '/api/users/*', search: '' },
2026-09-25T13:01:57:     rootParams: {},
2026-09-25T13:01:57:     headers: [Getter],
2026-09-25T13:01:57:     cookies: [Getter/Setter],
2026-09-25T13:01:57:     mutableCookies: [Getter],
2026-09-25T13:01:57:     userspaceMutableCookies: [Getter],
2026-09-25T13:01:57:     draftMode: [Getter],
2026-09-25T13:01:57:     renderResumeDataCache: null,
2026-09-25T13:01:57:     isHmrRefresh: false,
2026-09-25T13:01:57:     serverComponentsHmrCache: undefined,
2026-09-25T13:01:57:     devFallbackParams: null
2026-09-25T13:01:57:   }
2026-09-25T13:01:57: }
2026-09-25T13:01:57: Auth header present: false
2026-09-25T13:01:57: No auth header found
2026-10-04T09:02:19:    ▲ Next.js 15.5.7
2026-10-04T09:02:19:    - Local:        http://localhost:3000
2026-10-04T09:02:19:    - Network:      http://46.4.218.149:3000
2026-10-04T09:02:19: 
2026-10-04T09:02:19:  ✓ Starting...
2026-10-04T09:02:19:  ✓ Ready in 321ms
2026-10-04T09:02:19: API_BASE_URL: https://system.gecogames.com/api/v1/test
2026-10-04T10:10:01:    ▲ Next.js 15.5.7
2026-10-04T10:10:01:    - Local:        http://localhost:3000
2026-10-04T10:10:01:    - Network:      http://46.4.218.149:3000
2026-10-04T10:10:01: 
2026-10-04T10:10:01:  ✓ Starting...
2026-10-04T10:10:01:  ✓ Ready in 202ms
2026-10-04T10:10:01: API_BASE_URL: https://system.gecogames.com/api/v1/test
